/*
Navicat MySQL Data Transfer

Source Server         : localhost_3306
Source Server Version : 50724
Source Host           : localhost:3306
Source Database       : jeethink-vue-process

Target Server Type    : MYSQL
Target Server Version : 50724
File Encoding         : 65001

Date: 2021-05-10 00:09:55
*/

SET FOREIGN_KEY_CHECKS=0;

-- ----------------------------
-- Table structure for act_evt_log
-- ----------------------------
DROP TABLE IF EXISTS `act_evt_log`;
CREATE TABLE `act_evt_log` (
  `LOG_NR_` bigint(20) NOT NULL AUTO_INCREMENT,
  `TYPE_` varchar(64) COLLATE utf8_bin DEFAULT NULL,
  `PROC_DEF_ID_` varchar(64) COLLATE utf8_bin DEFAULT NULL,
  `PROC_INST_ID_` varchar(64) COLLATE utf8_bin DEFAULT NULL,
  `EXECUTION_ID_` varchar(64) COLLATE utf8_bin DEFAULT NULL,
  `TASK_ID_` varchar(64) COLLATE utf8_bin DEFAULT NULL,
  `TIME_STAMP_` timestamp(3) NOT NULL,
  `USER_ID_` varchar(255) COLLATE utf8_bin DEFAULT NULL,
  `DATA_` longblob,
  `LOCK_OWNER_` varchar(255) COLLATE utf8_bin DEFAULT NULL,
  `LOCK_TIME_` timestamp(3) NULL DEFAULT NULL,
  `IS_PROCESSED_` tinyint(4) DEFAULT '0',
  PRIMARY KEY (`LOG_NR_`)
) ENGINE=InnoDB DEFAULT CHARSET=utf8 COLLATE=utf8_bin;

-- ----------------------------
-- Records of act_evt_log
-- ----------------------------

-- ----------------------------
-- Table structure for act_ge_bytearray
-- ----------------------------
DROP TABLE IF EXISTS `act_ge_bytearray`;
CREATE TABLE `act_ge_bytearray` (
  `ID_` varchar(64) COLLATE utf8_bin NOT NULL,
  `REV_` int(11) DEFAULT NULL,
  `NAME_` varchar(255) COLLATE utf8_bin DEFAULT NULL,
  `DEPLOYMENT_ID_` varchar(64) COLLATE utf8_bin DEFAULT NULL,
  `BYTES_` longblob,
  `GENERATED_` tinyint(4) DEFAULT NULL,
  PRIMARY KEY (`ID_`),
  KEY `ACT_FK_BYTEARR_DEPL` (`DEPLOYMENT_ID_`),
  CONSTRAINT `ACT_FK_BYTEARR_DEPL` FOREIGN KEY (`DEPLOYMENT_ID_`) REFERENCES `act_re_deployment` (`ID_`)
) ENGINE=InnoDB DEFAULT CHARSET=utf8 COLLATE=utf8_bin;

-- ----------------------------
-- Records of act_ge_bytearray
-- ----------------------------
INSERT INTO `act_ge_bytearray` VALUES ('10', '1', '项目申请流程.leave.png', '8', 0x89504E470D0A1A0A0000000D49484452000002AD000000D908060000000A700955000035174944415478DAED9D099854D599F72B4A1277C3A8C318635CE210621C3FE3F219BEC4040C28518288346555B374D44062D418D45163181462829A048D66C17117250E1A248822FB12C4B88D22A242221220B20411099BA8F77BFFC539EDE5765577577775F5ED5BBFDFF3BCCF5DABBAFADC73CEFBBFEF7DCFB9A914000000000000000000000000000000000000000000000000000040A90882A0DD1B6FBC31FEE9A79FFE60C68C19C1B469D3B018D8F4E9D383B973E7FEC3AC3FB5140000F0DDF8EE8A47957EDEBC79C1DAB56B83EDDBB76331B275EBD60573E6CCD9688DA02F35150000F0DDF8EE8A46776954FA5857FEED76F7F62A35150000F0DDF8EE8A468F15A860F136ABF83BA8A9000080EFC6775734CAC1A072C5BEE207D4540000C077E3BBA9F88D28FC7FBEF356F0C6B37707AF4C1F9133AD6B1F15938A0F0000F86E0CDF1D8B8ABF69C3AA60D193C38297265FB18B699F8E5139A9F850B9308A9951CC80EFC6F0DDB1A9F82B5EF9639D4AEF6DE52B93A89C547CA86018C5CC2866C07763F8EED854FC5767DD50B0E2EB1895938A0F950BA39819C50CF86E0CDF1D9B8ABF68DAB5052BBE8E5139A9F850B9308A9951CC80EFC6F0DD547C8C8A0F89E84330FA10C077D3EEA02C155F230E0B557C1DA37252F1813E8451CCF42180EFC66877AD5EF197CEBFAD60C5D7312A27153FE67C8A2268DD3E8451CCF421B4697C37ED0ECA52F1D7AF5A182C9A3ABCAEC3B17D3A46E5A4E2C7981E66815B422BF5218C62A60FA14DE3BB697750B6477BCB9EBBAF4EC5D73E2A26153FC67433DB6036DA2D7B5224ADD387308A993E84368DEFA6DD41792AFEB66DC1D2A77E5BF7F182EDD3312A27153FC6CEAD67283AB30EE1DA3A7D080342E84368D3F86EDA5D330882608F850B170EB9F7DE7BE78C1A356AE325975CB2A3A6A62638F7DC7383FEFDFB7FF8BDEF7D6FFB35D75CF3C60D37DC30D6ECF3955AF1956FB664FEAD051D8E8E919386C389B9736B683F205AE94368D3F86E2C7EED4E62F591471EB96FE4C8913B2EBDF4D260CC9831C1D34F3F1DAC5AB52AD8BA756B20B4D464D9CF3FFF7C60A236F8C10F7EF0E10F7FF8C337070F1E7C41C5547CBB0B7B6BE9CCE0E5293F2A58E9BDE91C9DCB9D1B0E2706F468C089F9E3E4B89651B4328A993E84368DEFA6DD158989D3F37EF2939F6CBBE28A2B7282F4FDF7DF0F1ACB8B2FBE185C75D555EF0F1932E4D5AAAAAAA3925CF11BBA43E3CE0D871373E7D690F322E25A66D1CA2866FA10DA34BE9B76D7F8E86ABB891327CEFCEE77BF1B4C9A34A928B11A65CA9429C179E79DB7252951D77C15BF317768F5DDB951597138ADF8F8B0470B9D0FCD10AD8C62A60FA14DE3BB69778D14ACB367CF7EE6E28B2F0E962C5912948237DF7C333001BCE5820B2EF87E122B7E532BBD372A2B0EA7959C5BCF267C6E13C2B5E5452BA398E94368D3F86EDA5D23508455825539AAA544DF3778F0E04D994CA67F25381C0C879330E746AA4039FB104631D387D0A6F1DDB4BBFA510EAB52024A1561CD17711D3870E00613AE9DA8F8180EA7ECF4289173EA9142B8B6581FC22866FA10DA74E3313D31CDECABF8EE0A6B779A2560C48811DB95C3DA924C9E3C794B7575F502442B86C36915E756AAC780445C4BDD87308A993E84365D349A765326F19A4EA7BF8CEFAE90763761C28407344BC07BEFBD17B434175E78E1EA38A50958853F3C9BCD1E8768C5E1243C25C03BB78F990D72CB62887E8EC1592512AD8C62A60FA14D374FB486EC897C91577C7782DA9DA2AC9A8755D35A9583975E7A697B9CA2AD7677768C2ABB2D27D8B26F972E5DDA215A71380913AC3D434EEACED4CE7791DF5984932BF439846B09442BA398E94368D32513ADB591D7B078C57727A8DDE94D571A7CD59CA9AD8AE5BCF3CE5BAD08675C22AD910AFFAAD977ABAAAAF641B4E270122458532EAA1284AC314E2EECDCBC0DCCF398925481268A564631D387D0A64B2B5AC39157A50DE0BB13D4EEF46AD63BEEB8232827A3478F7ED12AD3E571A8F4D5D5D59FC957D9ADA26FB0E58FC32F47A0E2C7DF1AD189B598C5A82F2FE474F239ABFA9C5CBEF3EFC8733E39AECD10AD18A29536DD2801DA64A3DD25A8DD8D1A356AA35ECD5A4E9E7AEAA937AD224D6A43776BE3CD4EA4E2E370EAAB43A5FCBEC68E8AADC7B9F528C269E573728D756E29520518C54C1F429B6E8D3EB41E9FFD6C3A9DEEE9D3FD6877096A77975C72C98EB7DE7AABACA275F5EAD56BAD52AD68A9CA5F5555F5896C36DB5E51544DB165EB27F4EBD7EF6BB63CC32A7295D9B7CD2EB2DF70A5D9C84688D6F7CDB6C5A1E22F5AB428D7D9CC9F3FBFDEF3143D9F3C79F22EFBF4B909132634F83774DECF7FFEF306CFB9FCF2CB73EB0F3DF450B075EBD6DAFD63C78E45B496E846AAA151B14D74320D39B9629D5BF8EFAFABC4882BA39811ADB4E95888D65DC46A4BB6BBE5CB9707A79F7E7ACE060E1C98B3891327E6CA76DEBC79BBD4A7934E3A29B8E0820BEA9C77D14517D5FB3734A3D3DE7BEF5DF46F6BDFBEBDD2301B75EEF8F1E383FBEEBBAFDEE3A6D93E1A38BA6953EEB7EBB7B54ABBABA9A9C9098E72A2BF67956BEB800103F6B606DCC1C4E4912630FFC3D63B9BB8EC66CBDE56F1AAED9CC1B61C6ACB6166A3CC6E33BBDB453E1FB7F3E6D8F2795BBE2611EC1EE9BFE7EC6DED73C79ED3B9767CB22DFFC77DC7ADEE3BF5DDFF2C2056379BFDD4ECD3FAAD71713812A4AA342B57AEAC575476ECD831D7380E39E490E099679EC9ED3BE79C736A1BCCE6CD9B73E7CE993327B7CF37A6830F3E3838E5945372EBB2471E792438E28823EA7CBF7E875FF7955EEB12B188D69247FF9F68204A53ECE3BC424E6EB7263AB736970FD71AD70BD18A68ADD036DDD5FD8631794CFF6734C56A9EDBDFD3FD5E2DA7983D50A04C174837141A485D8A76B76EDDBAC0BE3F67DE877A1F5C5FB0E689279EC81D7FEDB5D776D9FFF18F7F3CE78FA3E72B20653A2867FEEF8485EE5FFFFAD7DA732586653AB6FBEEBB07B7DF7E7B6EFF9E7BEE19F4EFDF7F97EF95F03CF5D4537316FEFD5A4A23F87D3E00E5EDB9E79EDB2550E645AB7441ABB43B5DF072F3E1871FFA8A26B1B8C6ECAF262817DAF229DD85DAF2515B8EB5E518B35F9A8D7051D1EF9BD5B868E9375DF4F484AAAAAACF2BAA6A02FC5383070FFE78133A936591CE64877DFF687D671C1C8E2A8D2AB7179C8A9676EEDC59AFC7ADAD685AF7E74B402A227BD75D77054B972E0D66CD9A552B24C302332C40C34253DB23478EDCA5715D7DF5D53B5F2FB96C59EDDFFCDAD7BE96FBAE7083D4FAC2850B73CB5B6EB905D15AE29495028F189B9A7F96CFC9BDDE0CE756B139AE8C6246B4D2A6EBE55D275CEB8855B3F67944AB38D81DDFCF2D87E529D3BC91D596BA5954A067DF7DF7CD89486DEB69A6FCA1229B5ACA8F46033C5EB4EAFF8B465AFDD3CAC68859EF5F15F9F4DB5181A9DFA7EF96683DF6D86373EBFABE8D1B37EE2238FD13D75B6FBD3538FAE8A373E71D78E08139E1ADE3D1BFFBE28B2FD6AE6FD8B0A1CEEF286BBB1B3468D087E58EB46ED9B245B3076C8D91C3591ACE5FD53458717AB417AD98471D7554EEEEAAD0F9BA03522554B454C25582F3A0830ECAEDEBD4A953F0E0830FEE7297A88A3C63C68CDAC8AA8EE9D182D6CF3EFBECDA065A5FA4B543870EC1D4A95373EB6AB48ADE12692DBD838B8E8A2D4114249F936B8E73ABC81C574631235A69D3F5B2C5EC5EB342E2D28BD6BD5C44758AFB7B0B42E2B69BFBDB5A3FAC983F5ECA76178E62FA20CDE2C58B7301A2BFFFFDEFB97D4A1D686AA455D1523DED1C3A7468ADC80D0B5D1FF18CA627F8E3FE37DC7CF3CDB5BFD14745A525B47DCF3DF7E4FCF731C71C130C1932A456CCFACF4A90FA0095D213C2698512B03A47FF57ABB4BB8B2FBE787BB9735AAD605E6FC99CD6267426B3245C75C756AE8ADF1CAB4FB4EA11802A9422ADAA98FEB1BFAFD4871D7658AE81E91C35B27C77705AD7B9BEC1EDBFFFFE7945AB22ADFED1C182050B6AF7EBEEAD12D303CA6D7DFAF4F18E6874337FFE6E79A231AFBBFDCD61746BCEE6104743B432034925B6693DBA3EFCF0C3839E3D7B06871E7A68F0D9CF7E36E8DAB56B2E6AE9C46A38D22A61DBD989D4705456427640537E744B8B56452BE593BDE85BB1624593456B7D91D67CFF870F16496486FDB317AA61DF2EF1A975FDA6E38F3F3EE7E73FF9C94FE6CEF511582D254C2570BDC8F5012AFF1DDA27DFDF2ABE7BD8B0614BCB3D7BC0934F3EF9789C660FD0DD6D438F175A5BB4EA6F2B915B954D514D992A9CEECAC2F9A932FF2840FBD590BC60F515339C1313AEE45FF9CA57EA445A75C777D65967D59EA706AA471A3AC7E7CF44056F25E6B4965104471F8735F7758EF545658A99ACBC3523AD0DE6CB45CE6F54BE5C4B5C2F442B91D60A6DD38AB49E62F607177115FB441EFFEF1279357B3CD28EDF31BB398EA255FEF8CC33CFAC57B436363D40FBF5A452BE371A6995F8CF77FE0B2FBCB0CB23FC70E029EC93B52EB1AADFA427B11AD3A454C37C91D67C4F557D6A80069A49ECB64ABBBBE9A69BEE28F73CADC3870F9F1C97795A5BABE2176BAA2C5E9836941E505FFE8B0664153AB731A255915C89DE68A3088B569FD35ADF4031446BD10EAEBEDC2D75E89B5A28FFAD294EAEDC39AD0DE6CBE5F94C83F9722D71BDCAD587A88D86FF96FEC7EBAFBF3EEFB93E52A3FE45397ADE41CA09CBA995F277A5DAC0CC246514AD95D4A6BD68ED6DF676E8A6714D48A43646B4DED6DABE5B6335946EA7943A2F50536E1C88177DE1A867B191561FE9CC97371A6D038A7A7AB1AAFD6ABF5E80FAFFD98B56FD7D7D9F8FB46A40995205958F9B2FD21A15C5A9D0C02DFFB4567D47D9DBDD8F7FFCE3CF5D74D1451F94F18D585BB3D9EC5FE3F246ACB6225A8BC9690D57361F69F58E480D255C21C30D2BDF5D9A2ABA2A684339AD12AA3E55400D560D239A8B8B686D9283AB77546C33A22085A6C0C937D2B81827D71AB30734982FE7962D922F57CCF52A671FE2D3767C74A4D034793AF6CB5FFE32275AC36D56FBFD00CCF0E863F50D72908AD0E87F0ECF3CA281998A44F9CFB4C59949CA205A2BB14DFB367AB2D9B16EDF1EEEB7B4CB235AF5BF7708DD5CB677DB27B596EFF68254F53E7C23E545AB023DF9FC655344AB9FDA325ADFC3FBBCB0F5A2D3D5DB5C7BF2A2D93FDEF7A902FA2D12DCD2101AEFA2630A64D51769D5206FEFD7955EA8590D1A3355568BB6BBA14387FEE5F9E79F2F576A80660598D71685446B8856358868B2B546F9A9F3F71DBFAF7CD1C14FF9446BAA1173BC86456BD454B97D0557CEAC3F3FE5A6CAD072F8F0E1751C1EA2B56807D7A851B14D8C86343467E3C79AE8E44E4CB5CE3CADDE211E69F6B0D93857164BF244714A9E2F57CCF52A471F22872727E5075FFA9C35E5DD499C86CF5564251C91B9F2CA2B6BD7350833DFE8691DF373406BDDF73FEA63246695B3D89667266941D15AC96D7A4B282DA0BE1B4BBFDED12D0F303BDAED3F362462BFDE1ABE3B9C86171685175E78616EFBBAEBAEAB93AE574C7A806EF8AEB9E69A7AFD773897342A8415F9D4FFAA415ABA61F54F51FC534FCDADDABD7BF79CE0D5711D5BBF7E7D83E90112B6EA2BF2DD602A35A2ECEDEEFCF3CFAFBAECB2CB769421DABA219BCDBE607799FD11AD4D9F3DA098484B7402E0E68A563F3B412A32F8CAAFF30AC656A7A1A8486327192FD6C9F9C799BD5BE17F6ED57CB9B8F52172921283D1FD1A5019CD4FF75198F04D66CA8D0C96D8D4BAA6CC2BD43F84A3427AD418CDE96B8B3393C4B00F49429BD6DFBA2ECFFEE3DCB1296E7BB7485ACF62773339C06DEFE322AEADDEEEF49D9A0B3D3A2029DA66BC688D0A5E0D42BBF4D24B6BB7252CC34F29F419B59DE877177A24AFB6E105AF17A8D19B4689D9F0DCB2FE77EAB7E93CCD26A0A729D1D44445666FBCF1C68203BF1BF3D2A292B7BB2143862CD43FD992287F5651D622EF34490FC010ADA5C93F2BF6AD388D7572FEEFF56EA5FFB755F3E5DAAA6895339270D50DA70667487CEA9CF00DA89C9C774A1AE0E985A744A56609F151994291D6B63833494CFB904A6BD3F86E7C77838F2E0EB73BE02D4B962C6911C16A9DE344FB1B6FE9B5AA547C0CD15A96E84CF4B1DEA054F17336E67372038B880295333DA055F2E5E2285A53EE8523D1478BE1C88E4F25D031095289443D85F151519F5A109EEEC63F46F4D19EF02345455A753C3C955E5B9C9924C67D4825B5697C37BEBB61FAF7EF5F3D64C890CD6BD7AE2DA9605DB972E59FB2D9ECF2B69A1640C547B4B6F154811E799C5531938C17FA5C5C5E20D0AAF97271EB433410C40F06D1FFA33C3BAD4B4C4667F4F0A24553D8280DC93FC2AC4F2086A3A512AF5E8C2ACAEA73EFDBF2CC2431EF432AA54DE3BBF1DD8DA3BABAFABCC183076F2A55C455115609D6743A7D15151F43B4B6FA63C58FB9A84AB153DE443FD72346CEAD55F3E5E2D48728975442528FFB2FB9E4925C04D58B3C0942A50D68BEE7E8E72406C3B96CF589568D56D6F72BB7343C27B422AD8522BF6D69669236D08754429BC677E3BB1B8F09CC73FBF7EFBFF1D1471FFD673306676DF8C52F7E71B75202CC6AA8F818A235364EAE251E53422BF7211A059C72032D252CFD04E8DEC2534785F35535AB80C460788E56EDD7743C7E5D02D5474135F844290112B97E0AAC94CB69F5EB7E8A9DB63833491BE94368D3F86E7C7718E5B866B3D91943860C59FDC20B2F6C29661E56BBD31F671DE6B31A74D5967358A9F88856846B8B3B4B446B0B989F243CE5725BF57E711FB56CCE2C251295CD99D524D506662669437D086D1ADF8DEFCE235EFB4ABCD6D4D4AC1D356AD42B7FFAD39F96AF5AB5EA2D755862CB962DABEDAEFBF5E9D3A73F76EDB5D73E515D5DFD86C4AAA2AB6D7596002A3E153FA134F7F15F621F1FD287606DB40FA14DD3EE6877F93031FA994C2673A989D1F166CBCCB6BAB77B68B9C26C925ECDDA16DF7445C5A7E257A0702D36AAD22D8560A50FA10FA14DD3EE30DA1D151FA3E2C7F8B1222901F421F421B469DA1D46BBA3E26354FC583B39BDC6B1B5DE74451F82D187D0A66977B43BA0E253F121F75870533D8F07FD8862042B7D087D086D9A7687D1EEA8F818153F96D1195202E843E84368D3B43B8C7647C5C7A8F8B176720856FA10FA10DA34ED0EA3DDB56566CC9841E58AB76DB58ABF839ADA2C27371AC18AF3C479D2A6F1DD18BEBB8D3377EEDCB7D6AE5D4B058BA9AD5AB5EAF756F15FA5A636991E9AC62EC5B4568856442B6D1ADF8DE1BBDB363367CE3C6BF6ECD9EFAC59B3660B152D5E7769AAF4D3A74F5F6ED6979ADA749C8303442BA23501E8053FD6A62B3E829554DFBD6DDB367C37D48F156C4FEBD49E55285B9D5B5BB571E3C6E9C510415BFE1F42A66BF12A951ED18A68C510AD1F515555B5A7B5E92DB4BCE4F86E6F53A74E0D32994C6E89EF864A10277A835990B457ED02A215D18A215A77D2AB57AF7D4DD8BC4BCB4B6C7FBD5537269404249A743AFD653D329240B10E8DFC4540B4225AB1048AD66C36DBDEDAF4DBB4BCC4F6D7EB4DB4FE0B25014917AD13244E9C3D4B8900A2B53C308A9951CCE564C08001FF6A6D7A0D2D2FB1FDF54A13AD87501290E44A7EA28FB27A3311CBF44680682D038C6266147399DBF3A7CD56D1F212DB5F2FCD66B3FF4E4940922BF9A4B060F5D156725B01D1DAF2300309A398CB89099AC3AC4DBF49CB4B6C7FFD52269339969280A456F03A51566F56F179BF3C205ACB40D246313303497C49A7D39FB336FD175A5D62FBEBA7CD4EA62420A915FC897C82D5D9024A0810AD00C92193C974327B8D92486C7F3DAB5FBF7E5D29094862E52E186525B71510AD00C9C3FAF463AC4DBF4C4924F6FA4ECE66B367501290443132A93EC1CA4C02806805481626688E3361F3BF94446245EBC3994CE61C4A021028409D0080B62E6A4EB236FD0C2591D8FEFA7E13ADFD290940A000750200DA3426683A5B9B7E8A92486C7F3DC66C3025010814A04E00409BA65FBF7E5F33E13A879248EC4DC9CDE974FA0794042050803A01006D5DD49C6A6D7A062591D8EBFB3313AD5751128040818AA46FDFBEAA138F3B1BE3AC9B33BFAE73FAB88F68BA953B43E78E897C2E5AC7E6B9FD3DDD312DA7983D40E90394161334A7593FFF242591D8EBFB5F767D4750128068854AAE13D1B7A369DF95053EF2AE13AEF9C46AFB3CA2551CECF6EFE796C32879801669CF679A3D464924F6FA5E6E761325018856A04EECA4971396C714F8C816B37BF308DDB0E0157BA5764654A73851BB20246EB5ECE1D60FE32A009486743A7D96B5E9472989C4F6D7DF37BB8D9200442B502752A983CCEE7762B2436A6744B590683DD2EC61B3714E842E8988D69413B69D531FA51AF8A8AC84EC004A1FA0E4EDB9AFD9784A22B1D7F7BC4C26731725018856A8F43AB18F139C9DDCF228275CB57E5144B49E62F607275EC39FDD2F55373DC0E7CC8645EB3B663753FA00A5259D4E9F6BA2661C25C1F50540B4425BBFFE79DF9276F6D967AB5E04DDBB77F76F490B0FBC3AC86D0F8A88D6DE666FA73E1A64B52624521B235A79C405506234F1BC26A0A724122B5A49FF00442B54CCF53FD16C4758B09E73CE3939C16A9D616EDB963D23A25584F35B7D7AC0C966C7BA7D7BB8CFB4CB235A255215B1F583B1DABBED93B82200251735DFE6F171A2AFAF6687984A4900A2152AA50E3C912FDAEA6C41972E5DDAE511ADA93CA2B5104164BDA35B1E6076B4DB7F6C48C47E9DAB0250B2F6FD1DB3DB2989646237245FB5EB3B8F9200442B544A1D38B19068B50EB177486C9E518F28BD2ECFFEE3DCB1296E7BB7D4AED3602D4EED1C7C35C06D2B0FB6035704A0A4A2E6C2743AFD6B4A229964B3D913ACAF7E8E9200442B54523DC897DBFAAC8BB20240DB6DDB9798DD42492493AAAAAAA3EDC6E4154A0210AD5049F5A04E6EABCB650580368C099ACBAC2DFF9C92486CDF7DB8D9324A0210AD505198639B40941520717DFC9566A32889C4DE9474B0EBBB9A9200442B549A68FD722897B50725029088767D8DB5E79F5012C9A4BABA7A3FEBB33752128068854AAC0FB9DC56A2AC008969D3D79A0DA7249289FA6AA57651128068854AAC0F275227009283A2AC8AB6521289EEB777106800442B348A2008DABDF1C61BE39F7EFAE90F66CC98114C9B360D8B814D9F3E3D983B77EE3FCCFA534BA15231C17A8309D7FFA424127D63F26EAF5EBDF6A52400D10A0D22C13A6FDEBC60EDDAB5C1F6EDDBB118D9BA75EB823973E66C3401DB979A0A152A687E61C275282591683FBE4603B2280940B4428328C28A608DB570DD3E6DDAB457A9A950A17DFC2D9AAB959248F4355EA6A9AF280940B4428328250071186F33D1CA4005A8D43EFE37E974FA7B9444A2AFF162BBC65FA02400D10A0DA2FC498461EC452BF51C2AB58FBFDDEC3B9444A2AFF1F37A9D2B25018856289968FDE73B6F056F3C7B77F0CAF41139D3BAF6212A11AD002DD8C7DF6D56434924FA1ACFCB64325FA52400D10A2511AD9B36AC0A163D392C7869F215BB98F6E918C212D10AD0427DFCFD2668984123D9D778AA5DE3EE9404205AA124A275C52B7FAC2358BDAD7C6512C212D10AD0527DFCEFD3E9F4B99444A2AFF144B35E9404205AA124A2F5D559371414AD3A86B044B402B40426581FCE6432E75012C9C5AEEF386E4C00D10A2513AD8BA65D5B50B4EA18C212D10AD0427DFCA32668CEA224122D5AEFB26BFC6D4A0210AD806845B402B4594CCC4CCE66B367501289BEC6BF36E17A2125018856288968D56C018544AB8E212C11AD002DD4C73F69A2E6344A22D1D7F826B3CB290940B4424944EBD2F9B71514AD3A86B044B402B404994C6666BF7EFDBA521289F6E323CC8651128068859288D6F5AB16068BA60EAF9B1A60FB740C6189680568A13E7EAED9299444A26F4CAEB66BFC534A0210AD5012D12A5BF6DC7D7544ABF6212A11AD002DD8C73F65A2A633259168D17AA9D9CD9404205AA134A275DBB660E953BFAD9B1A60FB740C6189680568A13EFE59B3132989445FE3C16663280940B442B345ABDE78B564FEAD05735A758CB762215A015A82743AFDBFD96CF6384A22D17E7C80D97D9404205AA1E9A275DBB6E0ADA5338397A7FCA8A060F5A673742E5157442B4089FBF845994CE68B9444A2AF715FBD44829200442B3449B436145D25EA8A6805280726585FABAAAAFA3C25915C340FAFE6E3A52400D10A4D12AD8D89AED617754568225A014AD4C7FFC504CDE72889E4A229CD34B519250188566892686DAA60F586D044B40294A88F5F5E5555F5594A22B9D84DC997ED3A2FA02400D10A4D12AD18A21520267DFC2AB34F5312C92593C91C6BD7F8254A0210AD8068AD00D1AA2981D2E9F4046A3324B08F5F5B5555751025915CB2D9ECBFDB755E424900A21510AD0916AD12AB6693CC76D01620A17DFCDB266ADA5312C9A5BABAFA33769D575012806805446B02456B54AC7AA3364302FBF84D555555FB5012C9C5AEEFBFD8755E4F4900A21510AD0912AD1AB0A03480A85845B44282FBF8AD3535357B50128916AD7BDA75DE424900A21510AD09B071E3C605F922AB8856A8803E7E47972E5DDA511289E663769D3FD092A200442B205ADBB8D52754312CE9462F5D11BE7CAB22AE9404205A01D19A90F4807EFDFA75D37C8638F78A40799C8F3B1BE3AC9B33BFAE6BDEC79DDFD5ECCED0B963229F8BD68F796E7F4F774CCB29660F50F4D00ABE7CBD725B290940B4422C45EBBA75EB74ED82F1E3C7079B376F0E0E3BECB0E0D4534F0D060E1C98B3891327E68E473FA77DA3468D2AB85DC8264C98101C7AE8A1058F2F5EBC3878EDB5D7F2FEBD7BEEB9275603B132994C0FABFBF310AD8927FA585CD7F8CA02E7BEEB846B3EB1DA3E8F681507BBFDFBB9E5308A1C5AC997AF34D17A082501885688A568953DF3CC33C1C1071F1C6CDDBA35270E251CB5BCF5D65B6B05A33FF7A4934EAA15B277DD755770E0810706CF3DF75C6EFBCC33CFAC3DA6EFF09FD97BEFBD83D34F3F3D776CD8B06141FBF6ED836BAEB9A6F6DC050B16D411A8FA4D3366CC08B2D9EC2E7FEF91471EC9ADAF5CB93236535EB9C8EB3C446B45D0CB09CB630A1CD740967BF308DDB0E0157BA5764654A73851BB20246EB5ECE1D60FA3C8A18CBE7CA9E66BA52400D10AB115AD51C178DF7DF7E5965DBA7409E6CD9BB78B685DBA74692E5AEA4564E7CE9D834993260563C78EADFDFC430F3D54E73B1F7CF0C1DCBA04A8A2B9E163D1F3E7CF9F5F1B05D66F088B562D2566E3F872011779E53588C94593EBDFEFC46487D4CE886A21D17AA4D9C366E39C085D1211AD29276C3BA73E4A35F0515909D9011437B4822F7F496FC6A22400D10AB113AD8A564A10EEB9E79E3971EA45E4EF7EF7BB5A91A8686B58B4FA68A917B7BBEFBE7B3072E4C89CA093D8D47E09DBA8683DFEF8E30B465A67CD9A559B1AE0F7AD58B122B77ECE39E7D4EE0BAFFBCFF01A572813FB38C1D9C92D8F72C255EB174544EB29667F70E235FCD9FD5275D303B41DCD977DC7EC668A1C5AC1973F6D763225018856889D6895F994003D76F7025391D4A8E8F4EBCB962DCB4555B5EF98638EC98948ED5FBF7E7D6E5FBF7EFDF2466F7D34B5BE48AB726AFDBE850B17E6B60F39E490A07BF7EEB9CF79812D411BC7482B2496839CB83C392434FB448E0D8A88D6DE666FA73E1A64B526F4D9C688D6DB287668055F3ECBFAF0AE9404205A2196A2352A5453EE51BE04A2F25C57AF5EBD8B683DF9E49383C99327D7E69576ECD831971EA041527E50974C9F2B56B486F76960985FD7DF0C0F0AF35161442B94011F1D6D17119A7D42DBE1FC569F1E2081EB1FB3EE11FA8E681D924855C4D60FC66AEFB64FA2E8A1DCA4D3E9C9D96CF60C4A0210AD106BD1BA68D1A260E3C68DB5A9013E72AAFD5EB42AC2A9E8A7C4A3AEB996471C714470E18517E6D6FD20A968CE69AA91E901E1F31569555457EB73E6CCC92B6811ADD04A44456B2A8F68ADEFB3E1F58E6E7980D9D16EFFB12111FB758A1BCA285A1FCE6432E75012806885588B5689D54E9D3AD50EBC52F4534B2F1CA329051AF1AFA5179E5A2ABFD50FC88A7EBF17B2D148EB1D77DC91F7FCFDF7DFBF36CAABC158445A2166A2F58C7A8E5D9767FF71EED814B7BD5B6AD769B016A7760EBE1AE0B69507DB81A28632FBF2FB4DB4F6A72400D10AB116AD7ABCAFA522A95A2E5FBE3C983A756A9D9CD6F0675E7CF1C53A22B4216BCCF9FA6ED529BFEEF36D89B40200B4A82F1F6336989200442BC456B46EDAB42937A1BF5201C2FBFDFCAB9A9B35DF3CAD12BAC3870FCFCDD5EA1FF77BF1ABFCD67C7F4B6902A79C724A832F3C088B54FD36E5CFFAA9B8C2F9B288560080D290C9646E4EA7D33FA02400D10AB115ADC5CE3650E9AF71050048A868FD9989D6AB280940B44222446B251BA21500928C09D6FF327F3E829200442B205A11AD000071F6E5979BDD444900A21510AD8856008038FBF2EF9BF1620B40B402A215D10A00106B5F7E5E2693B98B9200442B205A11AD0000B1259D4E9F6BA2751C2501885640B4225A0100E22C5ACF327FFE282501885640B4225A0100E22C5A4F337F3E959200442B205A11AD0000B12593C97CD5FCF93C4A0210AD806845B40200C4966C367B82F9F3E7280940B402A215D10A00105BAAAAAA8ECE6432AF5012806805442BA2150020CEBEFC70B3659404205A01D18A680500882D994CA683F9F3D59404205AA15E66CC9881308CB76D35D1BA839A0A0049A5BABA7A3FF3E71B290940B442BDCC9D3BF7ADB56BD7220E636AAB56ADFABD89D657A9A9009054BA74E9D2CEFC3937E7806885FA993973E659B367CF7E67CD9A355B1089F18AB04AB04E9F3E7DB9595F6A2A0024DC9FEF9078A52400D10AF562A2A8E7B469D39ED56368E54FB665539D68EBFF83335D8B5711AC005009643299777BF5EAB52F25018856A04E0000409CFBEE351A904549000205A813000010E7BE7B99A6BEA224008102D40900008873DFBD389D4E7F819200040A5027000020CE7DF7F37A9D2B25010814A04E0000409CFBEE79994CE6AB94042050803A01000071EEBBA79A68ED4E49000205A813000010E7BE7BA2592F4A021028409D000080D892C964C6A5D3E973290940A00075020000E22C5AEF32D1FA6D4A021028409D000080D86282F5D7265C2FA424008102D40900008873DF7D93D9E594042050803A01000071EEBB47980DA32400810249BDFE9354071AB067292900807893C964AEB6FEFAA79404205A21A9D7FF44B31DF589D6743ADD9392020088BD68BDD4EC664A0210AD90E43AF0443DA27541972E5DDA514A0000B1EFCB079B8DF1DB555555FF6622F6404A0610AD90A43A706221D16A1D5E6F4A0800205E5457577FC6FAE769D64FBF6CB6CCD93AB3F723FD780DA5058856485A3DC897DBFA2C51560080D8F6DB4F34301E61297D38205A2189F5A04E6E2BB9AC0000F12593C974AA6F4C82F5E117514A80688544621DDC04A2AC00006DCA87DF5A40B4AEABA9A9D9831202442B2455B47E3994CBDA831201008837264C3FE57259A3A2F5264A0710AD90F4FA90CB6D25CA0A00D066FAEDCB2382552903875332806885A4D78713FBF4E9439D00006823280DC0CD1EE09F948DA35400D10A9580D20202B7040080368009D50B4203B08EA14400D10A49A79BD906B3D16EC9EC0100006D0413AB0B4CBCBE474900A2152A45B07AA1AA48EB3A842B00407CD14B0634B595F9F2F12658FF1ECA6BDDAA9401372BCCE53A8FD202442B2451B036B41F00005A11BDAD506FC432DBDEC00B06C236CBCEEF4FE901A215DA2A3D1A10A6FE3839AE0000ADEFB30F37E139A508A19ACFE65555551D456902A215DAA2606D4890127105006865D2E9F4B9D96CF6EDB000ADAEAE0E7EF6B39F053367CE0CFEF6B7BF05EFBEFB6E20366FDE1CAC5AB52A983F7F7E307AF4E860C0800151E1BA89A82B205AA1ADD02D555C04B5D8F30100A07482B5A789CCF7C36275ECD8B1C1DAB56B83C6B061C386DCF9FA5C58BC6AD6014A1710ADD016046BCF267C6E13C21500A0AC82F5DCB0601D3A74682EAADA14F4B92BAEB8222A5C89B802A2151225584BF579000068BC8F3E3C9C12307CF8F0DA1480A6A2D481EBAFBF3E9A2AD089D206442BC48986065D95FB7B0000A01E4CB04E0F47589B2B58C3C23512719D476903A215E226584BF5689F882B00400BA269ADC239AC4D4D09A82F55209CE34A9A00205A210E4407517DCC6C905B1643F4730CCE02006839D13ACD0B4A0DA26A09C68D1B47B41510AD103BC1DA33243CEF340BDCB2B1C2B5D0E710AE0000C5F9DDF10DE590EA0D567EF095A2A1EBD7AF6F11D1AA590522D3611DCE1502442BC441B08A414E78064508D7B060F53630749C1C57008022FCAE7B1C3F2E9D4E1F93EF1CF76AD6DC7937DE7863D092681ED79068BD9C2B04A5E668B3AF3BB1D0C7ACCA6C99D9A83CE71EE94446BBC8FEFDB4BF5FBF7E85446BE0FE463E4E303B20CFF9C3B934B1A19090CC2740EB13AEF9CEBF23CFF9E4B8020014215A43363E9BCD1E173967BC3F3E7BF6EC1615AD7A0141E8B74CE20A412991901CE3AC5B48747473E2F57D77DE6E667342E73C60D6DB6C9B139D7F34BBDBEEE6BC68DDCBECCF6EBFFFCCCFDDFAF2881869EF8E4B3C3F1E3AFFB6D0FA215CAA5617AC3D8A10A2F9846B63056B54B8922A0000D078D1EA23AFD3CCBEEACE59EAF7977A005614BD392BF43B567085A094488C767602C10B4489D5D3CC5E8C9C7B803BBE975BFAA8EB19E1C6E356F7099D9372EB2787D60745BEFB14B7EC14FA1DBDCC5ECB732E948FC60AC786846BB18235FCF7D7A588B8020014255A43F684D916BF5DAA69AEEA9BFE2AF4B7B77285A0D448403C1E11AD12096B42E71C1C3AFEA8D900B3ABDDF6D5FE58B76EDDA2A2755CAA6EA4350889D4A3DCBED7DCFAA3A9FC91D6AF70995A4DB03656301612AEBB3551B07AC87105880F1FEBD2A54BBBAAAAAA4FD4D4D4ECF1AD6F7D6BAF5EBD7AED6BDBFB67B3D9F6994CE6C0010306FCAB6DFF9BD921265A0EB5FD87D9FA116647A5D3E98E1A3464F6C5EAEAEAFFB0EDFF63E77CC9EC443BEFFFDAF697FBF5EBF715DB3EC5CEF9BAAD7735EB66FB4FB3ED1EB6FF4C5B7ECBB6CF32EB63DB7D6DBB9FDEF264566DDB036C7B902DCFD32B456D39D8ECBB66DFB7ED8BED9C1F980D55AEA56DFFA7D9D5B67D8D6D0F331B6E36C2F6FDC4963FB5FD37D8F226DBFE85AD8F36FB956DDF66F61BB331B6FDDFB6BCD3EC6EB3FBECBCB1B67CD0EC21F738FE11B347EDBC3FDAF231B3C7CD9E74A3F86798CD369B6BF627B3A7CCFE6CF6ACD9F3662FDAE716DA7291D962B3D75DB4F4AF666F9AFDCD6CA5D95B8D10AD1F86B7CB41F8EFD164A03544AB382D748E8E7F37B56BE4B5671191D6B45B6F17DAD7D19DFF7048EC2E097D0EE22B58EB13AEAF3743B036F7F7400C458F8997DD070F1EFCF16F7EF39B9F94E8B1ED7D4CC0EC27D13370E0C0036CFB2073EC1DAC3FF9B4463DDBF667257ACC897FCECEF977891EDB3E5A834E6CFD58891EDB7F826D9F24D163DBFF4F8F454DEC7C4DA2C7B6BF61DBDD257AECBC33F4DE75DBD7CBEC6CDB778E6D5749F41859CD2D29D163DBDFB6EDF3CDBE23D163FB2ED46016891EDBFEA16D5F66EB57985D65DB3F32FBB1448FEDBFCE9623CDAE371B65DB37DA393F97E8B1ED5BCC6E95E8B1EDDFD9F276B33B247AECBC7B6D79BF133DBFB7EDFFB1731E369B60DB13951B28D163DB536C39D5899E5976DE1C4D2DE444CFD366CF48F4D879FF6BCB97CC5E96E8B1F35EB3E512277A96992DD7A35BB3BF9BAD365B6BB6DE3EB7C1961BCDFEE9A273DBCCDE33FB20248076986D5714CD6CB37DF7BBB67CC74C6F5A5A67B6C689A9554E5C4964BDE14497C4D7AB12634E94BD68F682136B126D0B9C8893989B6DDF3DD389BC275DC4F03127021F75A250E2F0210D4272A2F13EB37B24269DA81C63F65B894D894E3BE7668950895189525BFF9913A923CCAE95789588959895A895B895C8B5F54B257A257E6DFB7B12C34E149F675623B12CD19CD9493F8969896A896B896C896D5BFFA6C4B744B8ED3B55A25CE25C22DDD63B4BB44BBCDB39C74BCC4BD44BDCDBFA1724F625FAED9C237513A09B01DD14E8E6A01EB1FABC7D776FBBC9D8436FA922D20A49E1A48880EDE8C4E46191F30E4AEDCC3BF58FEEC3E71712AD8522AD43F308677D8F520DDE311B193AB72397A8AC3437B2994FB83647B046856B8F6BAFBD7637457B247AACD3DE73C080017B4BF4D4D4D47CCAB6FF45D11E899EFEFDFB1FEC3AF6CFBAD7171EA98EDFECF372047208123D1AB4204721876176B21C881C89448F6D77710EA6BB9D77BA1C8F1C90448F26EB768EA9CAB6D3F256725C66039D239343FB8EED1E2247E746F05E2207284728D163DB57CA414AF4D8F67F39C729077ABD1CAA1CAB448F6DFF520E578ED7ECD7CE11CB21DF61FBEF728E5AA2E70139703972891E5BFEC139F849B63DD9397E0980E912042EDA23D133DF0906899EE79C9090A078D9CE7BC5090D899EBF3801F2A6133DAB9C4091E8F987132EEF3827B9D9091B899EF79DE0F9D0ADBFE704D16677EE46F7D97FB8EF5AEDBE7B8513586FB8BFBD4402CCFDA6979D307BC1FDE667DCFFA0FF659E049DFB1FA73BA1F7842B83494E08FE4165A4BAD9BD7B7709A607548637DE78E3BDDA6702FA31272C7FEBCAFC565D035D0B5D139DD3A74F9F3F3A812AA17AADBB863FBEE5965B6E183F7EBC04D01512B8B7DF7EFB753AFF9E7BEED175FE9EEA8413C4E78F1D3BF63FADAE8ED97DF7DDB7DF70C30DC3478C1871DD71C71D37ED4B5FFAD2D49123470EDF6BAFBD24267BAAEEA90E3A017EAAEAA6EAA804BAEAACEAAE13EEC7AB4EAB6E4BD8ABAEABCE4BF0AB0DA82DA84DE886406D446D45370A6A3B6A436A4B6A536A5B6A63BAC1509BA36B8C2779C4EAABBA09531F193A879C5648041D523B1FC9871FCBDF594030FA68E92A178D4DE78BB4CAFAF6ED1B9C7AEAA9E1C703720AB9F5D34E3B2DE8DDBB77F4F141F08D6F7C23E8DCB973B0C71E7B045FFCE21783AE5DBBE6F69F79E69941231E7F6025342BF7D1CDAC57BBE589B0BEEEF63787D1EE377EE0A23DDB5C344851A18D2E4AB4DE457B56BB28D24A277A96B928D35217755AEC1EBDBDE4A252CFBB68CFD32E6AF52717C59AE5A25A535D94EB71F7A86FA28B823DA2A898A2638A9229DAE3A26677BB4787B7BBA8DA6F5C94ED1645DD14ED51144ED1383D8A94E87151BAE1EE51E58F14C5738F302F53744F513E457B14F5738F3CF5E8F37C4505151D549450D142392C457B14455434D13D4AEDA928A3A28D8AF628FAA828A4A23D123D8A4E2A4AA9688FA2968A5E2ADA23D1A3A8A6A29B123D8A762AEAA9688F448FA2A1EE51F0418A922A5AAA47C58A9E2A8AAA47C8123D8AAE36E386A51C4F9BF494E710F7A427FCD449CB43533B078C3EE62C3C70F5DEC8B64F65FA84DB3E29F224EBBF43EBFBB90041F8DCE89329BF7D06EE0A1A10ADEADBFAABCDE53987D903A0CD7388EB3CD589FE26225AC39D70AFD44723FCBD403D24D461FB4EB567034EE194068E2BDDE06E678DFD1CB45CA4B5A9A3F6EB8BB416F302828291562E1194909EEEE67D466AE793A1DDEA118A3AA6B4A93F84FAC7BB2322344C67D777B6738254E7449F601D19E96B35EDA09E365D17E98779E2048544AB9E82D48423AB5198A71592403151AFF6A10E7EB1EB788F8B88CB6E0D88D242C7BD1056FA817258EF77FB4F73FB4FE052951D5DAB4DA996C9696D8A7025A7155A82835D9DBCC82D15A10A4FED9749D5CDEDD7FEDE05D6AB22DFABEFFBBAEBC37A3AF1BA873B56EDCE0DE7F50F73C23770FD60785617FA41C84B7D62D5E39E8AEC28C71BB1FAF7EFFF216FC40280D610AEC544360B4D6B956FF68062842BB307404BD2CED5C9632322B2BE1BF059A9FC91D6E823FDEBDD0DBED617A476466E153155BA40F8E5297E3AC1B7523BA3AD61214BBD8792E006B4E5C4E4D8B1635B44B48E1B372E1C659D47A903406B08D7861C6743F3B016FBE62CCF8929E6698596257075EC2B4E3C764DEDFAC2953FE739FFD0503DF675B37781EFF6A9547EC0EA09A9BA8FFBCF37DB92DA99DBDAD1FD86685E2D03A1A0B9A2B5B717948AB6967A4096BE2F9BCD7E187AB9417F4A1D00CA4D4391CEC6BE38A058E1EA53147A7309A00539388FD0F411D30352F9DFC8E7CFF103AF82D4AEAFA2EE90FA2822EBCFF711D76342C2571CE444AA44ABCF890DE7D572C30625C30D2CCD89CAA14387966CFA2B4D7375D96597BD1F8EB236266D0100A0252814712DF64D578D15AEFEEF2158A12569E704A31F7CEAA7EAD3402B3DCAD70C29CB43E77B111BCE63ED1412A22B9C60F5C73413818FB07E22225A7D1AC041A1F3258E3BA7769DC14591D675A98FE6B606688E683DDCCDAE921397C3870F6FB6709560BDFEFAEBC379AC9B34DB08A50D00AD498F54DD47F58352C5CFC39A4FB80E8CFC1D7258A11C78217950685F38BFD58B542F2EA383A174EC34B7BE47E873FED863A95D73C2B5EFA850BDEF1A3926A14A1A00B428EE451A3BC211D7A6A60AE87391082B690100102BE11A1E9C1516A0C5BC38A0D0E798D60A00A085712F3FD911CE71D5E02C8DFE6FEC2C011A7415CE6195696E694A1700E244345540827360AAF869ACA29F6BEEFCB00000D0481471752F6409C2E255F3B8EA05048AA2FAD401A500E84D577A71C0AF7EF5AB60D0A0411F445E4AA3B7DAD550AA00D016846B73C9977A0000002D88725CC3536135D1E691C30A0095225C7971000040EB8AD7BE4EBCEE2846AC36F4262E008038D1DC47FAA4040000C404BD39CBC4EBA52646C79B2D33DBEA04AA962BCC26E9D5ACBCE90A00DABA702D3652CAA02B00000000282BC53EE227250000000000622D5CF56A56DE740500000000AD460F27487BD4737C1D8215000000005A9B42115752020000000020D6C215C10A00000000B116AEA311AC00000000106794C31AA498D60A0000000062CEA72802000000000000000000000000000000000000000000000000000000000000000000000000000000000000000080F8F1FF011E69F873CA3881ED0000000049454E44AE426082, '1');
INSERT INTO `act_ge_bytearray` VALUES ('2', '1', 'D:/jeethink/uploadPath/processDefiniton/2021/05/06/51cbf255-9b3b-4fa6-b453-296d8439e9c3.bpmn', '1', 0x3C3F786D6C2076657273696F6E3D22312E302220656E636F64696E673D225554462D38223F3E0D0A3C646566696E6974696F6E7320786D6C6E733D22687474703A2F2F7777772E6F6D672E6F72672F737065632F42504D4E2F32303130303532342F4D4F44454C2220786D6C6E733A7873693D22687474703A2F2F7777772E77332E6F72672F323030312F584D4C536368656D612D696E7374616E63652220786D6C6E733A7873643D22687474703A2F2F7777772E77332E6F72672F323030312F584D4C536368656D612220786D6C6E733A61637469766974693D22687474703A2F2F61637469766974692E6F72672F62706D6E2220786D6C6E733A62706D6E64693D22687474703A2F2F7777772E6F6D672E6F72672F737065632F42504D4E2F32303130303532342F44492220786D6C6E733A6F6D6764633D22687474703A2F2F7777772E6F6D672E6F72672F737065632F44442F32303130303532342F44432220786D6C6E733A6F6D6764693D22687474703A2F2F7777772E6F6D672E6F72672F737065632F44442F32303130303532342F44492220747970654C616E67756167653D22687474703A2F2F7777772E77332E6F72672F323030312F584D4C536368656D61222065787072657373696F6E4C616E67756167653D22687474703A2F2F7777772E77332E6F72672F313939392F585061746822207461726765744E616D6573706163653D22687474703A2F2F7777772E6B6166656974752E6D652F61637469766974692F6C65617665223E0D0A20203C70726F636573732069643D226C6561766522206E616D653D22E8AFB7E58187E6B581E7A88B2DE699AEE9809AE8A1A8E58D952220697345786563757461626C653D2274727565223E0D0A202020203C646F63756D656E746174696F6E3EE8AFB7E58187E6B581E7A88BE6BC94E7A4BA3C2F646F63756D656E746174696F6E3E0D0A202020203C73746172744576656E742069643D2273746172746576656E743122206E616D653D225374617274222061637469766974693A696E69746961746F723D226170706C79557365724964223E3C2F73746172744576656E743E0D0A202020203C757365725461736B2069643D22646570744C656164657256657269667922206E616D653D22E983A8E997A8E9A286E5AFBCE5AEA1E689B9222061637469766974693A63616E64696461746547726F7570733D22646570744C6561646572223E3C2F757365725461736B3E0D0A202020203C6578636C7573697665476174657761792069643D226578636C7573697665676174657761793522206E616D653D224578636C75736976652047617465776179223E3C2F6578636C7573697665476174657761793E0D0A202020203C757365725461736B2069643D226D6F646966794170706C7922206E616D653D22E8B083E695B4E794B3E8AFB7222061637469766974693A61737369676E65653D22247B6170706C795573657249647D223E3C2F757365725461736B3E0D0A202020203C757365725461736B2069643D22687256657269667922206E616D653D22E4BABAE4BA8BE5AEA1E689B9222061637469766974693A63616E64696461746547726F7570733D226872223E3C2F757365725461736B3E0D0A202020203C6578636C7573697665476174657761792069643D226578636C7573697665676174657761793622206E616D653D224578636C75736976652047617465776179223E3C2F6578636C7573697665476174657761793E0D0A202020203C757365725461736B2069643D227265706F72744261636B22206E616D653D22E99480E58187222061637469766974693A61737369676E65653D22247B6170706C795573657249647D223E0D0A2020202020203C657874656E73696F6E456C656D656E74733E0D0A20202020202020203C61637469766974693A7461736B4C697374656E6572206576656E743D22636F6D706C657465222064656C656761746545787072657373696F6E3D22247B7265706F72744261636B456E6450726F636573736F727D223E3C2F61637469766974693A7461736B4C697374656E65723E0D0A2020202020203C2F657874656E73696F6E456C656D656E74733E0D0A202020203C2F757365725461736B3E0D0A202020203C656E644576656E742069643D22656E646576656E743122206E616D653D22456E64223E3C2F656E644576656E743E0D0A202020203C6578636C7573697665476174657761792069643D226578636C7573697665676174657761793722206E616D653D224578636C75736976652047617465776179223E3C2F6578636C7573697665476174657761793E0D0A202020203C73657175656E6365466C6F772069643D22666C6F77322220736F757263655265663D2273746172746576656E743122207461726765745265663D22646570744C6561646572566572696679223E3C2F73657175656E6365466C6F773E0D0A202020203C73657175656E6365466C6F772069643D22666C6F77332220736F757263655265663D22646570744C656164657256657269667922207461726765745265663D226578636C75736976656761746577617935223E3C2F73657175656E6365466C6F773E0D0A202020203C73657175656E6365466C6F772069643D22666C6F773422206E616D653D22E4B88DE5908CE6848F2220736F757263655265663D226578636C7573697665676174657761793522207461726765745265663D226D6F646966794170706C79223E0D0A2020202020203C636F6E646974696F6E45787072657373696F6E207873693A747970653D2274466F726D616C45787072657373696F6E223E3C215B43444154415B247B21646570744C6561646572417070726F7665647D5D5D3E3C2F636F6E646974696F6E45787072657373696F6E3E0D0A202020203C2F73657175656E6365466C6F773E0D0A202020203C73657175656E6365466C6F772069643D22666C6F773522206E616D653D22E5908CE6848F2220736F757263655265663D226578636C7573697665676174657761793522207461726765745265663D226872566572696679223E0D0A2020202020203C636F6E646974696F6E45787072657373696F6E207873693A747970653D2274466F726D616C45787072657373696F6E223E3C215B43444154415B247B646570744C6561646572417070726F7665647D5D5D3E3C2F636F6E646974696F6E45787072657373696F6E3E0D0A202020203C2F73657175656E6365466C6F773E0D0A202020203C73657175656E6365466C6F772069643D22666C6F77362220736F757263655265663D22687256657269667922207461726765745265663D226578636C75736976656761746577617936223E3C2F73657175656E6365466C6F773E0D0A202020203C73657175656E6365466C6F772069643D22666C6F773722206E616D653D22E5908CE6848F2220736F757263655265663D226578636C7573697665676174657761793622207461726765745265663D227265706F72744261636B223E0D0A2020202020203C636F6E646974696F6E45787072657373696F6E207873693A747970653D2274466F726D616C45787072657373696F6E223E3C215B43444154415B247B6872417070726F7665647D5D5D3E3C2F636F6E646974696F6E45787072657373696F6E3E0D0A202020203C2F73657175656E6365466C6F773E0D0A202020203C73657175656E6365466C6F772069643D22666C6F77382220736F757263655265663D227265706F72744261636B22207461726765745265663D22656E646576656E7431223E3C2F73657175656E6365466C6F773E0D0A202020203C73657175656E6365466C6F772069643D22666C6F773922206E616D653D22E4B88DE5908CE6848F2220736F757263655265663D226578636C7573697665676174657761793622207461726765745265663D226D6F646966794170706C79223E0D0A2020202020203C636F6E646974696F6E45787072657373696F6E207873693A747970653D2274466F726D616C45787072657373696F6E223E3C215B43444154415B247B216872417070726F7665647D5D5D3E3C2F636F6E646974696F6E45787072657373696F6E3E0D0A202020203C2F73657175656E6365466C6F773E0D0A202020203C73657175656E6365466C6F772069643D22666C6F77313022206E616D653D22E9878DE696B0E794B3E8AFB72220736F757263655265663D226578636C7573697665676174657761793722207461726765745265663D22646570744C6561646572566572696679223E0D0A2020202020203C636F6E646974696F6E45787072657373696F6E207873693A747970653D2274466F726D616C45787072657373696F6E223E3C215B43444154415B247B72654170706C797D5D5D3E3C2F636F6E646974696F6E45787072657373696F6E3E0D0A202020203C2F73657175656E6365466C6F773E0D0A202020203C73657175656E6365466C6F772069643D22666C6F7731312220736F757263655265663D226D6F646966794170706C7922207461726765745265663D226578636C75736976656761746577617937223E3C2F73657175656E6365466C6F773E0D0A202020203C73657175656E6365466C6F772069643D22666C6F77313222206E616D653D22E7BB93E69D9FE6B581E7A88B2220736F757263655265663D226578636C7573697665676174657761793722207461726765745265663D22656E646576656E7431223E0D0A2020202020203C636F6E646974696F6E45787072657373696F6E207873693A747970653D2274466F726D616C45787072657373696F6E223E3C215B43444154415B247B2172654170706C797D5D5D3E3C2F636F6E646974696F6E45787072657373696F6E3E0D0A202020203C2F73657175656E6365466C6F773E0D0A20203C2F70726F636573733E0D0A20203C62706D6E64693A42504D4E4469616772616D2069643D2242504D4E4469616772616D5F6C65617665223E0D0A202020203C62706D6E64693A42504D4E506C616E652062706D6E456C656D656E743D226C65617665222069643D2242504D4E506C616E655F6C65617665223E0D0A2020202020203C62706D6E64693A42504D4E53686170652062706D6E456C656D656E743D2273746172746576656E7431222069643D2242504D4E53686170655F73746172746576656E7431223E0D0A20202020202020203C6F6D6764633A426F756E6473206865696768743D2233352E30222077696474683D2233352E302220783D22302E302220793D2234362E30223E3C2F6F6D6764633A426F756E64733E0D0A2020202020203C2F62706D6E64693A42504D4E53686170653E0D0A2020202020203C62706D6E64693A42504D4E53686170652062706D6E456C656D656E743D22646570744C6561646572566572696679222069643D2242504D4E53686170655F646570744C6561646572566572696679223E0D0A20202020202020203C6F6D6764633A426F756E6473206865696768743D2235352E30222077696474683D223130352E302220783D2238302E302220793D2233362E30223E3C2F6F6D6764633A426F756E64733E0D0A2020202020203C2F62706D6E64693A42504D4E53686170653E0D0A2020202020203C62706D6E64693A42504D4E53686170652062706D6E456C656D656E743D226578636C75736976656761746577617935222069643D2242504D4E53686170655F6578636C75736976656761746577617935223E0D0A20202020202020203C6F6D6764633A426F756E6473206865696768743D2234302E30222077696474683D2234302E302220783D223234302E302220793D2234332E30223E3C2F6F6D6764633A426F756E64733E0D0A2020202020203C2F62706D6E64693A42504D4E53686170653E0D0A2020202020203C62706D6E64693A42504D4E53686170652062706D6E456C656D656E743D226D6F646966794170706C79222069643D2242504D4E53686170655F6D6F646966794170706C79223E0D0A20202020202020203C6F6D6764633A426F756E6473206865696768743D2235352E30222077696474683D223130352E302220783D223230382E302220793D223131342E30223E3C2F6F6D6764633A426F756E64733E0D0A2020202020203C2F62706D6E64693A42504D4E53686170653E0D0A2020202020203C62706D6E64693A42504D4E53686170652062706D6E456C656D656E743D226872566572696679222069643D2242504D4E53686170655F6872566572696679223E0D0A20202020202020203C6F6D6764633A426F756E6473206865696768743D2235352E30222077696474683D223130352E302220783D223334382E302220793D2233362E30223E3C2F6F6D6764633A426F756E64733E0D0A2020202020203C2F62706D6E64693A42504D4E53686170653E0D0A2020202020203C62706D6E64693A42504D4E53686170652062706D6E456C656D656E743D226578636C75736976656761746577617936222069643D2242504D4E53686170655F6578636C75736976656761746577617936223E0D0A20202020202020203C6F6D6764633A426F756E6473206865696768743D2234302E30222077696474683D2234302E302220783D223438352E302220793D2234332E30223E3C2F6F6D6764633A426F756E64733E0D0A2020202020203C2F62706D6E64693A42504D4E53686170653E0D0A2020202020203C62706D6E64693A42504D4E53686170652062706D6E456C656D656E743D227265706F72744261636B222069643D2242504D4E53686170655F7265706F72744261636B223E0D0A20202020202020203C6F6D6764633A426F756E6473206865696768743D2235352E30222077696474683D223130352E302220783D223538302E302220793D2233362E30223E3C2F6F6D6764633A426F756E64733E0D0A2020202020203C2F62706D6E64693A42504D4E53686170653E0D0A2020202020203C62706D6E64693A42504D4E53686170652062706D6E456C656D656E743D22656E646576656E7431222069643D2242504D4E53686170655F656E646576656E7431223E0D0A20202020202020203C6F6D6764633A426F756E6473206865696768743D2233352E30222077696474683D2233352E302220783D223631352E302220793D223139352E30223E3C2F6F6D6764633A426F756E64733E0D0A2020202020203C2F62706D6E64693A42504D4E53686170653E0D0A2020202020203C62706D6E64693A42504D4E53686170652062706D6E456C656D656E743D226578636C75736976656761746577617937222069643D2242504D4E53686170655F6578636C75736976656761746577617937223E0D0A20202020202020203C6F6D6764633A426F756E6473206865696768743D2234302E30222077696474683D2234302E302220783D223234302E302220793D223139322E30223E3C2F6F6D6764633A426F756E64733E0D0A2020202020203C2F62706D6E64693A42504D4E53686170653E0D0A2020202020203C62706D6E64693A42504D4E456467652062706D6E456C656D656E743D22666C6F7732222069643D2242504D4E456467655F666C6F7732223E0D0A20202020202020203C6F6D6764693A776179706F696E7420783D2233352E302220793D2236332E30223E3C2F6F6D6764693A776179706F696E743E0D0A20202020202020203C6F6D6764693A776179706F696E7420783D2238302E302220793D2236332E30223E3C2F6F6D6764693A776179706F696E743E0D0A2020202020203C2F62706D6E64693A42504D4E456467653E0D0A2020202020203C62706D6E64693A42504D4E456467652062706D6E456C656D656E743D22666C6F7733222069643D2242504D4E456467655F666C6F7733223E0D0A20202020202020203C6F6D6764693A776179706F696E7420783D223138352E302220793D2236332E30223E3C2F6F6D6764693A776179706F696E743E0D0A20202020202020203C6F6D6764693A776179706F696E7420783D223234302E302220793D2236332E30223E3C2F6F6D6764693A776179706F696E743E0D0A2020202020203C2F62706D6E64693A42504D4E456467653E0D0A2020202020203C62706D6E64693A42504D4E456467652062706D6E456C656D656E743D22666C6F7734222069643D2242504D4E456467655F666C6F7734223E0D0A20202020202020203C6F6D6764693A776179706F696E7420783D223236302E302220793D2238332E30223E3C2F6F6D6764693A776179706F696E743E0D0A20202020202020203C6F6D6764693A776179706F696E7420783D223236302E302220793D223131342E30223E3C2F6F6D6764693A776179706F696E743E0D0A20202020202020203C62706D6E64693A42504D4E4C6162656C3E0D0A202020202020202020203C6F6D6764633A426F756E6473206865696768743D2231312E30222077696474683D2233332E302220783D223237302E302220793D2238332E30223E3C2F6F6D6764633A426F756E64733E0D0A20202020202020203C2F62706D6E64693A42504D4E4C6162656C3E0D0A2020202020203C2F62706D6E64693A42504D4E456467653E0D0A2020202020203C62706D6E64693A42504D4E456467652062706D6E456C656D656E743D22666C6F7735222069643D2242504D4E456467655F666C6F7735223E0D0A20202020202020203C6F6D6764693A776179706F696E7420783D223238302E302220793D2236332E30223E3C2F6F6D6764693A776179706F696E743E0D0A20202020202020203C6F6D6764693A776179706F696E7420783D223334382E302220793D2236332E30223E3C2F6F6D6764693A776179706F696E743E0D0A20202020202020203C62706D6E64693A42504D4E4C6162656C3E0D0A202020202020202020203C6F6D6764633A426F756E6473206865696768743D2231312E30222077696474683D2232322E302220783D223330302E302220793D2234362E30223E3C2F6F6D6764633A426F756E64733E0D0A20202020202020203C2F62706D6E64693A42504D4E4C6162656C3E0D0A2020202020203C2F62706D6E64693A42504D4E456467653E0D0A2020202020203C62706D6E64693A42504D4E456467652062706D6E456C656D656E743D22666C6F7736222069643D2242504D4E456467655F666C6F7736223E0D0A20202020202020203C6F6D6764693A776179706F696E7420783D223435332E302220793D2236332E30223E3C2F6F6D6764693A776179706F696E743E0D0A20202020202020203C6F6D6764693A776179706F696E7420783D223438352E302220793D2236332E30223E3C2F6F6D6764693A776179706F696E743E0D0A2020202020203C2F62706D6E64693A42504D4E456467653E0D0A2020202020203C62706D6E64693A42504D4E456467652062706D6E456C656D656E743D22666C6F7737222069643D2242504D4E456467655F666C6F7737223E0D0A20202020202020203C6F6D6764693A776179706F696E7420783D223532352E302220793D2236332E30223E3C2F6F6D6764693A776179706F696E743E0D0A20202020202020203C6F6D6764693A776179706F696E7420783D223538302E302220793D2236332E30223E3C2F6F6D6764693A776179706F696E743E0D0A20202020202020203C62706D6E64693A42504D4E4C6162656C3E0D0A202020202020202020203C6F6D6764633A426F756E6473206865696768743D2231312E30222077696474683D2232322E302220783D223533392E302220793D2234362E30223E3C2F6F6D6764633A426F756E64733E0D0A20202020202020203C2F62706D6E64693A42504D4E4C6162656C3E0D0A2020202020203C2F62706D6E64693A42504D4E456467653E0D0A2020202020203C62706D6E64693A42504D4E456467652062706D6E456C656D656E743D22666C6F7738222069643D2242504D4E456467655F666C6F7738223E0D0A20202020202020203C6F6D6764693A776179706F696E7420783D223633322E302220793D2239312E30223E3C2F6F6D6764693A776179706F696E743E0D0A20202020202020203C6F6D6764693A776179706F696E7420783D223633322E302220793D223139352E30223E3C2F6F6D6764693A776179706F696E743E0D0A2020202020203C2F62706D6E64693A42504D4E456467653E0D0A2020202020203C62706D6E64693A42504D4E456467652062706D6E456C656D656E743D22666C6F7739222069643D2242504D4E456467655F666C6F7739223E0D0A20202020202020203C6F6D6764693A776179706F696E7420783D223530352E302220793D2238332E30223E3C2F6F6D6764693A776179706F696E743E0D0A20202020202020203C6F6D6764693A776179706F696E7420783D223530342E302220793D223134312E30223E3C2F6F6D6764693A776179706F696E743E0D0A20202020202020203C6F6D6764693A776179706F696E7420783D223331332E302220793D223134312E30223E3C2F6F6D6764693A776179706F696E743E0D0A20202020202020203C62706D6E64693A42504D4E4C6162656C3E0D0A202020202020202020203C6F6D6764633A426F756E6473206865696768743D2231312E30222077696474683D2233332E302220783D223531352E302220793D2238332E30223E3C2F6F6D6764633A426F756E64733E0D0A20202020202020203C2F62706D6E64693A42504D4E4C6162656C3E0D0A2020202020203C2F62706D6E64693A42504D4E456467653E0D0A2020202020203C62706D6E64693A42504D4E456467652062706D6E456C656D656E743D22666C6F773130222069643D2242504D4E456467655F666C6F773130223E0D0A20202020202020203C6F6D6764693A776179706F696E7420783D223234302E302220793D223231322E30223E3C2F6F6D6764693A776179706F696E743E0D0A20202020202020203C6F6D6764693A776179706F696E7420783D223133322E302220793D223231322E30223E3C2F6F6D6764693A776179706F696E743E0D0A20202020202020203C6F6D6764693A776179706F696E7420783D223133322E302220793D2239312E30223E3C2F6F6D6764693A776179706F696E743E0D0A20202020202020203C62706D6E64693A42504D4E4C6162656C3E0D0A202020202020202020203C6F6D6764633A426F756E6473206865696768743D2231312E30222077696474683D2234342E302220783D223134322E302220793D223139322E30223E3C2F6F6D6764633A426F756E64733E0D0A20202020202020203C2F62706D6E64693A42504D4E4C6162656C3E0D0A2020202020203C2F62706D6E64693A42504D4E456467653E0D0A2020202020203C62706D6E64693A42504D4E456467652062706D6E456C656D656E743D22666C6F773131222069643D2242504D4E456467655F666C6F773131223E0D0A20202020202020203C6F6D6764693A776179706F696E7420783D223236302E302220793D223136392E30223E3C2F6F6D6764693A776179706F696E743E0D0A20202020202020203C6F6D6764693A776179706F696E7420783D223236302E302220793D223139322E30223E3C2F6F6D6764693A776179706F696E743E0D0A2020202020203C2F62706D6E64693A42504D4E456467653E0D0A2020202020203C62706D6E64693A42504D4E456467652062706D6E456C656D656E743D22666C6F773132222069643D2242504D4E456467655F666C6F773132223E0D0A20202020202020203C6F6D6764693A776179706F696E7420783D223238302E302220793D223231322E30223E3C2F6F6D6764693A776179706F696E743E0D0A20202020202020203C6F6D6764693A776179706F696E7420783D223631352E302220793D223231322E30223E3C2F6F6D6764693A776179706F696E743E0D0A20202020202020203C62706D6E64693A42504D4E4C6162656C3E0D0A202020202020202020203C6F6D6764633A426F756E6473206865696768743D2231312E30222077696474683D2234342E302220783D223432392E302220793D223231392E30223E3C2F6F6D6764633A426F756E64733E0D0A20202020202020203C2F62706D6E64693A42504D4E4C6162656C3E0D0A2020202020203C2F62706D6E64693A42504D4E456467653E0D0A202020203C2F62706D6E64693A42504D4E506C616E653E0D0A20203C2F62706D6E64693A42504D4E4469616772616D3E0D0A3C2F646566696E6974696F6E733E, '0');
INSERT INTO `act_ge_bytearray` VALUES ('3', '1', 'D:/jeethink/uploadPath/processDefiniton/2021/05/06/51cbf255-9b3b-4fa6-b453-296d8439e9c3.leave.png', '1', 0x89504E470D0A1A0A0000000D49484452000002B7000000D308060000009B673B1200002A824944415478DAED9D0D9014D5D9EF3B8624A844430997F01A2FD1585C2AA128CA4821E54B020470239422B03BCC2E1F9B0F88D99084F286A0AF6E61444AA2DC120BF12B8ADF120B059408445811B6C8F20A26BC08B84A9420AEC06E1085200A98BEE719CE19CEF6F6ECCCEC7C75CFFC7E554F4D4F77CF7E9CEEFF79FE73FAE9D38E03000000000000000000000000000000000000000000000000000000C9715DB7D3BBEFBEBB74F3E6CD9FD7D5D5B96BD7AE250210EBD6AD73376EDCF84F1513394B81FE82A0BF00F4893E21454408F5F5F56E7373B3FBD9679F11018A96961677C3860D1F2B618CE74C05FA0B82FE02D027FA8414906F780821D082F84C7DF37B933315E82F08FA0B409FE81352402E5D70D2053B94184E72A602FD05417F01E8137D420A483D08275CE0C5E072A602FD05417F01E8137D4216C5F0AF8FF6BBEF6E79D4DDB9EEB658C8B2ACE364450C407F417F417F01E893409FA112C3D1C34DEE8E3FD7BAFFF3D2CC5621EB641B272C6208105FA309E82FE82FD034FA449FE81331B41BFB76BED8460826DEDFB99213163104853215AE7E05FA0BFA0B348D3ED127FA440CFEF1E6FADF2714836CE384450C0160B88AC32AEED6AFA36912FA0BFA0B348D3ED127FA440CBEB163EDAD09C520DB386111434092E0686BB4A78564487F417F81A6D127FA2C7A7DDE7AEBAD5F5BB468D1ED73E6CCD95A5B5BDB52535373A2AAAACA9D3061422CA64D9B76EAB7BFFDEDE1DB6EBB6DDB7DF7DDF7E02DB7DCF22DC480184856A14A82C9D603FD05FD059A469FE833FCFA9C3B77EE55B367CFFEDBC48913FFAD4CADBB62C50A77FBF6EDB1A7789C3A75CA351C3A74C86D6C6C74D7AC59E3CE9F3FDF95FD95D9DDA73E336DC890219D4A550C7237652231C8364E58925581284B92ECCC76EAF5E82FE82FD034FA449FC5A1CF1933667CF3A69B6EDAF6D39FFEF4DF4B972E8D99D7743871E284BB69D326F7965B6EF9774D4DCD81A953A75E538A62D8BDE9DE8462906D9CB024AB0226C164498ED11EFA0BFA0B348D3ED16771E8B3B6B676FA4F7EF293938F3FFEB87BECD8313753B66CD9E22A737BE2FAEBAF5F515E5EDEA594C470A869BBBBE3E5D96D2F61A875B28D13966455A0CB966539DA1FE82FE82FD034FA2482A5CF1B6FBCF1C15FFCE217A75E7FFD75379B1C3972C45DB468D189EAEAEA0F94C1FD7AA9884162CFD627DA8841D671B292AC0A94044777E073474986F417F417681A7DA2CFD0E9538CEDF4E9D33F977ADA5CF1CC33CF7C3E71E2C48F95C1BDB424C4F0E9A7EEEEBFDCDFF612865A27DB38614956014F825CCEA4BFA0BF40D3E8137D86539F528A2023B6B934B686175E78E15365709BC23E829B4C0CF2C492B7372D4C58A323DB78AA09C92A0F9465298995910CE92FE82FD034FA449FA1D0A7DC3C2635B6DBB66D73F3C5D34F3FFD416565E58B619E4921A118D437B8FDBB5F71DF58F35F09856042F6917DF9D687B9CD7112CCD6E547467BE82FE82FD034FA449FC1D7E78D37DEF886DC3C966F7EFDEB5F7F108944A6179318927DBBE35B1FC9AA00972D4D12FC828A29FA351DBC9FE38614FA0BFA0B348D3ED16770F529F3D8CA745FD99815215D9A9A9A4E5556567E188D46BB158B1852F976D7DEB73E4E60CC6D8E466324893DE29C7ED6FC236924C3449FC3E0D25FD05FA069F4893E83A94F7940C3B265CBDC42316FDEBC9DCADCDE512C62E8A8104C7002636E737499718A4E666E1AC9D04E822626FB5C1EA54481FE82FE024DA34FF4190C7DCA2375E54962E93EA021CBA3B7CDCADCFE338CB5B7A94E1D4290ACF248A2E4E497D4DA4B867EFB3FECB33FF57AF417F417681A7D12C1D1E7FDF7DF7F873C52B7D0FCFCE73F7F4B19DCFF440C04E6D6719416D676500FC96E34493519A69A041D2E67A67EBCE82F4AB7BF40D3E893C8A33EE7CC99B375E5CA950537B70B162CD814A4D204C440B22A2413264C7025E43C8C442257A479D93259324A960CD34D82F6EF6F29C511DC548F17FD45E9F617681A7D1279D4676D6D6DCBF6EDDB0B6E6E376FDEBC4D9D7CEB110381B93D73FE59B13AC997AD742F23264A866775300926BB7C5A12E636D9F1A2BFC0DCA269F449E4419F35353527F2F1D086641C387060BF3AE1F623060273EB7BFEC5BF6CF99C871DAD8FF34B866F65900433FD7B8AC9DCFA1E2FFA0BCC2D9A469F441EF4595555E59E3A75CA0D0272B2210602739BF8FCB3BF6CE92B0A998EAAF825C34C9260D1D5EB65F378D15F606ED134FA24F2A04F39B041210CE61631842F523896A18CB163C79A84757786A7FB593EA33B6FE9F5997077B1B67D4783FE82FE024DA34FA204476E1103C1C86DBB5FAEB6A82F55A3AD69F3327D0C677BA33C8F84649467A8FE5B1FF489E1FA7FB1A9D7EB47EB6DF2BA46C5D3B93E5EF4178CDCA2E9FC6B177D52735B305A5A5A3E0878CD6D5EC42082BDF3CE3B5B1DC8CACA4AF785175E70BFFAD5AFBA3B76EC886FFBE0830F62FBCBBADDBB77BBA3468D8A85EC7BD14517B90F3DF450AB9FDDD8D818DB5F3ED7D0D0E0565454C462F2E4C9B1CFC836FB33AFBDF69A7BDD75D7C5F749B45FA2FF63FEFCF949F7F9CD6F7E135B7EF6D967DDE3C78FC7D73FF5D45398DBF613A037E91CCD517D5E479261BEEBF38EE824E99718BBFA2448A1A75E7F9E7EADCDC7F10A4AF294FF59FA9554F717DDF7EEDD3BAD9F1F14FD07D8DCA2E93C69376CFA4C5563DE3C2C3A323A953C6F6FDBB469937BE9A597BAEA7F8EE9B95FBF7E711F20EFCF3DF7DCE232B737DF7CF33F77EEDC1994D912EAC3662EB225860D1B36C44EB03973E6C44E5A3949E524943027A9DDE98B515DBF7EBD3B70E04077DCB871AE3C3AD92407093951AFBAEAAA56BFE34B5FFA927BFEF9E7CBCD7BF17D5F7AE9A5D8CF95CF7BFFA6EEDDBBBBC3860DF3159537F998BFDF18E09E3D7BBA83070F8E2D4B3CFFFCF3EEC5175FDCE6E73CFCF0C3F1E5279E7822BE2CFF3FE636160DD168744C0A0F3849775425D1D4407E7756A7930C0B7167F5272A1E5791A88DCCF13F478FF2ACD1EDD56025D2E1FA6F97E55EB93A5E4132B77EDA9690BE41FA15095BCF1246CF8B172F8EFD8CF7DF7F3FF0FA0FA0B945D379D66ED8F4998EB995D7112346C4CEDB679E79C65DBA74696CC04BD6D7D5D5B5DA7FEBD6ADB1D777DE7927F62AFB1E3D7A34BE7DF9F2E5C535CFEDAA55AB0231CFAD3AF1EE0A9BB9C89618E404936F56E6FDEAD5ABE3279C8CCACA36B3CE1EB57DF9E5977D7F9ED7DCCACF97FD77EDDA157B9564238945CC6E4D4D4D7C44D636B9926CBA76EDEADE70C30D6D466EE5E798C4E69790E4BD1875DB58DF74D34DB1E53D7BF6C47FCEF7BEF7BDD8EF916531ECE6B3323D9DBCDE73CF3DA56A6EDB1BD5C9747425D99C975FE86032BCDC29CC9C9826415EA2E239154B745BBCED49908E4EA283F4767BA44892E6A45C1FAF20995BF9F29A68BBF403D2EF481FE235B79210FBF4E9D3E6E70555FF0132B768BA40DA0D9B3E93858CB8D6D7D7B7D2ABB495E852F479F6D967BB1F7FFC711B8D9AFCBF68D1A2B8CE7EF8C31FB6CAEB45636ED53F397FEEDCB90537B7D3A74FDFA14EC021613317D914839C5C6220A5F397E5BD7BF7C6CDADBCEEDBB72FBEAF8CBECABA44BFDF6B6E65DF5FFDEA57B19F253FF7673FFB596C9D08404E6CBF6F6EBD7AF58A251FEFCF16A37DF8F0E1562337629EE55BA219A9916D3FFEF18F63CB52DA20FF97DFFF6B8FDCF4E8D12366D665594679643488C7EFA64DB251965427734F37199ACBA8630AF03F4B821CAC62994E944217CFA54BEF68D02A4F82FC48C5825CFFA141489E32322B6DF095AF7CA5DDFD24494A2994D7DC76EBD62DA669EF97F3A0EABF08FA8B62D674A0B41B16732BED20A3B432482586565E651457BE408A4EE5CAAAAD6F796F7B0A31B5E205A42F305771EDC1B5A230B73367CEFCFA942953FE2DCEBF8073DC3647A3D17F555757770E9B93C886186414569240DFBE7DDD850B17C68CA99CAC622EE5C495ED9238E4C4349F3974E850CA23B7322222F5B346147249D13B42B26DDBB636E6567EA7AC1B346850ECB2C7030F3CE05E76D965B157F96628CB5EC1494234CBC634CB88B38C10FB0954CCB3B95422DF46CD7A6987522E4BC89044A33DE93EA528D564687EDF9802FDBF2641CAEFFFD03973C3C9419FD19FF612E4BDA5606E4567D2067255C62E65F286D4ED4B78CDADD4EA79CD6D90F55F24FD45B16A3A50DA0D83B9957C6E06C0EC2BBC524664BE5CCA55145927FBC9174FC9D9F2DEF80619B9952BD3529668AEC8CA17D9A2BBE173D6AC597F7FF5D5570B666EEFBDF7DEAD9148E40F617411D912839C746264CD6540B98CE72D3DB04FE674CCAD847C4B939FDBBF7FFF98513566D6FE2667CCAD7CD111432B61C4629724C8A542493EDED164797FE59557B619B991A478EDB5D7C6F793DF253792385641BC3731967ACD6D96467BBC9713A738E9CF79E9970C27A731AA94CFB284812AFAE9759DF5DFDAC927414A42ECE19CB931A5AB7E3FA014CCADA3EB6DA5665F96DB2B4D30CB626825CCCD65F239AF310EAAFE8BA8BF28464D074ABB6130B76630CC5CF9983D7B769B9202E30FE4FF91FA5AA32B538B6B6BADA5A525DE17B4F7653794E6F6C61B6F8CAACEE6F3424C09A63AD0939595951F5655557DA394CDAD9407788DAC319CE6E62D7B395D736BDF70E65885E5E664B76B71EDC4660BC1BC4F5407976A7293920A53D06E9744D88233FFBB5DD78BB9EDF0E5CC329FA496CE64EE893E179449DD3FB12E69FAE17A967BEBD70B547C5BAFEF6725CCEF17ABB9352509F6D59B79F3E6B5DA47467BA40E4FC2EF86B2DADA5A77C68C19F1FE23E8FA2FB2FEA2D8341D28ED86A52CC1D4D89A2F81ED8DDCDAFA34F95E466E459732B865AED0CA8057514ED557535373400A94F3CD9C3973B64F9830616158DD43366F28F3260773E9418CE8AC59B35A7D3B4BD7DCCAB7B3952B57C6467ECD092F971C6534C62415BF9F6546784D3D4E7BE6D6BEE1CD4E5C7219C5AF50DDF1D4DC494233A65BFE46F9BBB2F14DB284CDADDFE5CC2FE8519A74A702F27EAECC09CED38AE4F8FECE677D7FBD6D8D7E7F96D37A8AA15DCEE91B5126E9F75DF42850D18EDC3ABAAEDFAB6F33538131C012F625CB6435B741D67F11F617C5A4E94069376CB325887ECDC094E8D56FE4D6CFDC7A07ACBC37881695B99D366DDAC8A953A79E901B85F2C55FFFFAD7DDD168F4EFE5E5E55D4ADDDC9A1BB4CCD41D8E7523998CD6CAC9EABD34E178A6FA90906F62FAE0C76641B0B749DDADA30BD1E5BD11859416989A1CFB9B9E09A9AF957A3873B38719DD4D263C93DCFC8CBC31F38F3DF6587C7F7359445ECDA516738735E636ABC93017974721E0C953F4E4674ACDCD2632EDA05D8A60DF6C22234126214A824C76577590F45FA4FD059A2EC22F9FE9EAD9B1EA684D5E37575FEC4129EF1511A36531C4A6C45006BF8AF6212BD75F7FFD730B162C38998FF20465CE8E4939424545C570C4D0FE096C7F23F33E90C1D4D3D861463FCCA547EF5CB732A22B77227B8DB19CDC03060C487839D3CCA9A7BE9464646E25C4203B9E9B48CC324F280B7432CCF7031A489E19867C79959908DA9BC352465D1D9FD957A45CCA4CD5653F5C264CFA2FE2FE024D97B0B995FC6DCF516B0CAB29F9918733249A0A4C3C825CB5355F2ECD6059B2873385569F32EDD58F7EF4A33DAA333B914B63DBDCDC7CAABABAFA8368343A03311024ABBC91E965C7209522D05F10F417681A7DA2CFD45086B3DBA449930E2D5BB6ECB35C8DD86A637B0762204856054B86E98ED20C2709D25FD05FA069F44984569F3273C1C489139B162F5E7C20DB35B6528A500C23B68881645542250A5CB6A4BFA0BF40D3E89308BF3E65045719D117651685BD7BF77E9AE9745F322B82DC3C16F61A5BC440B22A31832B8FDF2CD493C7489E04FD059A469F44F6F5198944A62B937BF0F6DB6F7FE39D77DE3990EE93C7162D5AB445466B274C98707F986745400C88A10829D349AEAC9DED2D2441FA0BFA0B348D3E89A2D3A79852654E6F55B16FDAB4696FDD79E79D0DEBD7AFFFEB7BEFBDB7D736B3870E1D3AB879F3E66D0B162CD8347DFAF41DF2485D79F258581FD080181043098FE072D992FE82FE024DA34FA234F4A9CCEA15DAE8AE56B147C5497946B18EFD2A1A54DCA5624875757567C44090AC42970C4982F417F417681A7D12E813311088A12892E1DD2441FA0BFA0B348D3E09F4891808C4500C94C9151887A981E82FE82FD034FA24D0276220104331A01321D05FD05F1401F26026291D4479E8137D0262400C985BA0BFA0BF083DE5E5E5672B4D7F82F2D027FA04C4801830B7407F417F117AAEB9E69AAF46A3D123280F7DA24F400C8801730BF417F417A1A7B2B2B2ABD2F487280F7DA24F488BBABA3A4EB860C77125066ACE30B7F41744C9F51793264DFA5F4AD307511EFA449F90161B376EDCDFDCDCCC4917D0686A6AFAA312C39B9CA9985BFA0BA2D4FA0BA5E7FF50D184F2D027FA84B478E59557AE7DF5D5573F3A78F0E0279C7CC1FA86274258B76EDD5E15E3395331B7F41744A9F517959595BD94A6FF81F2D027FA84B4518D3D5A7D9BD822C3E5520F12D658B26449EC497361FE1FAC9063F12642C0DCD25F10A5DA5F4422916F294DFF1DD595AE3E8B24A793CF212363B35284207323D21A985B000837D168B48F8A465A823E1DA02451DFF0AF90C9BE4508AA33E4693674840010FE7EBDAFD2F41BB4047D3A40A97682CB45043AB6D022748400106E2A2B2BFBABBEFD6FB4047D3A40299EFC979B515B13AA431C4DCBD01102407851FDF800A5E9D76809FA7480523CF957DAC6D68CDE527B4B470800E1251A8D0E529AFE0B2D419F0E506A277E9B515B13AA631C430BD111024038A9A8A8F89EEAC737D012F4E900A576E2AFF633B63A1A68213A42000827CAD80E539AAEA325E8D3014AE9A44F386A4BED6D69327EFC78E90857E97850C7701D6659F619AB3F3254C523D6BE0F7A3EE7ED58EBF5FAD17A9BBCAE51F134AD0F905D54FF3D52F5E37FA62530B700A574D2AF6CCFD8327342C97684DE5A6B59372BC1478E6883EB676ABBFA985BA1A75E7F9E7EADA5E50172A2E7512AFE444B606E01100270FCCF708D36A07D137CE413158FFB1862DB180BE738A74768D768F3DB609960792DD3CBBD380A00D92112895CAB34BD8296A04F074008C0F13F4D77154F6AD3D9C3393D429BC8DC5EA2E239154BB4597DDB636E1D6D800739674A1CCC28AF18DE49B43E40D6F53C5EC5525A823E1D002100C7DF71BA6863DA47BF5EAA0DAE2C4FF798DBC12A9669936B7FF63CA76D5982A9E9B5CDED472A16D0FA00D92512894C8846A34B6809FA74008400A572AC7D6BAEAFBBEE3A3907DC112346989A6BFB06B2EEFAFD148FB99569E33E74CEDC2C76D032B3A998DB7B392200D94519DB894AC34FD212E474008400A572ACDBCC96316EDCB898B18D4422F66C19B6B915ECFA5B53963050453FBDAEB3FE4C271F732B66564680CD4D655DF5FB011C1180ECA2F4FB23657017D312E474008400A574BCDB9DE7583FA5CE6B6E1D1F739B08D7B3DC5BBF5EA0E2DB7A7D3FCBEC7E9FA30290357D4F55F1102D414E074008504AC7FBF244E6D67A429D9C1357B7635E7FE7B3BEBFDEB646BF3FCB693D3DD82EE7F44D6493F47BA9D3EDC11101C81E4AC335914864112D414E074008506AC7DCAFF6768B1EB50580F06AFB572AEEA125C8E90008014AED98B7A9BDE5C97400E1271A8DFE5FA5E5F9B404391D002140C9A112E072466D018AAE3F9FA5621E2D414E074008508AE6F60AABD6B68C1601280A5DDFACF47C3B2D414E07400850AAC73E567BCBA82D40D168FA5615B36909723A004280523DF69773FC018A0719B595D15B5A829C0E801020655CD7EDF4EEBBEF2EDDBC79F3E7757575EEDAB56B8900C4BA75EBDC8D1B37FE53C544CE52285594B1FDBD32B8BFA525C8E900080152468C6D7D7DBDDBDCDCEC7EF6D9674480A2A5A5C5DDB061C3C7CAE88EE74C85524419DBFFA70CEE0DB404391D002140CAC8882DC636D006F7B3B56BD7BEC9990A25DA9FDF2373DDD212E4740084002923A50898C8608732B7273953A144FBF3FB2291C8CF6909723A0042809491FA4E0C64E0CD2DE734946A7FFE908AA9B404391D002140D6CDEDBF3EDAEFBEBBE55177E7BADB6221CBB20EF389B905C8617FFEA88A6A5A829C0E801020ABE6F6E8E12677C79F6BDDFF796966AB9075B20D038AB905C8517FFE64341A65C610723A0042A015B26B6EF7ED7CB18DB135F1FECE951850CC2D40AEFAF33F46229109B404391D00214056CDED9BEB7F9FD0DCCA360C28E61620172863FB5C341A1D474B90D301100264D5DCEE587B6B42732BDB30A0985B801CF5E72B94C1BD969620A7032004C0DC626E01428F32B62F5556565E4D4B90D301100264D5DCCAEC0889CCAD6CC380626E0172D49FFF5919DC91B404391D00214056CDEDEE4DF72634B7B20D038AB905C805D168F4958A8A8AA1B404391D00214056CDEDA1A6EDEE8E9767B72D4950EB641B0614730B90A3FE7CA38AC1B404391D00214056CDADC49EAD4FB431B7B20EF389B905C8617FFE9768343A889620A7032004C8AEB9FDF45377F75FEE6F5B92A0D6C9360C28E6162047FDF9161597D312E4740084005933B7F204B2B7372D4C58732BDB784A19E6162017442291BF555656F6A725C8E90008013237B79F7EEAEEDFFD8AFBC69AFF4A686C4DC83EB22FA3B8985B802CF7E73BA2D1E8776809723A0042808CCC6DB2D15A467131B700F94019DBC6F2F2F2FF434B90D301100264646E5319AD6D6F1417438AB905C8527FFEF74824F22D5A829C0E8010202373DB51636B02438AB905C8527FBEB7BCBCFC7FD312E47400840019995B02730B1090FEBC49C57FD012E47400840098DB1232B7325552241259CED90C45D89F3797979777A725C8E900080130B725606EC5D4AA58A9E224E73D14697FFE61656565575A829C0E801000735BC4E6D66B6A4D70364311F6E747CBCBCBBBD012E47400840098DB2234B79148E40A293FF09A5ACC2D14717F7EBCBABABA332D414E07400880B92DA258B26489EB37528BB98512E8CF4F0E1932A4132D414E07400880B92DA268CFD01244B107BD34399D560084801030B7455A96505151315C9DDF0D98809240EA4C57E97850C7701D66598EF958BDFF50158F58FB3EE8F99CF7FCA8D7EB47EB6DF2BA46C5D3343D90D3011002E6B603D1D2D222C7C95DBA74A97BECD831B757AF5EEEB061C3DCC99327C7E285175E886DF77E4ED6CD9B372FE1FB44B17CF972F7A28B2E4AB87DD7AE5D6E6363A3EFEF7BECB1C702754359341A2D53E7793DE6B6E8F15E8E97633C2BC1BE47B4C1F533B55D7DCCADD053AF3F4FBFD6D2E4404E07400898DB0CE2B5D75E737BF6ECE91E3F7E3C6622C560CAEBC2850BE3C6D2EC3B60C080B8E15DBC78B1DBAD5B3777EBD6ADB1F7A3468D8A6F939F613E73EEB9E7BA575D75556C5B6D6DADDBB56B57F7E69B6F8EEFDBD0D0D0C6C8CADF545757E7565656B6FA7DCF3FFF7C6CF9FDF7DF0FCC54607A24B71E735B125CA30D68DF04DB3F51F1B88F21B68DB1708E737A84768D36BF0D960996D732BDDC8B2607723A0042C0DC661092509F78E289D8EB902143DCFAFAFA56E676F7EEDDB1D1576336070D1AE4AE5CB9D27DEAA9A7E29F7FF6D967DBFCCC679E7926B62C46554687ED6DDEFD376DDA141F5596BFC136B7F22AA637880F71D023B90D9CCD458B3CC4E0496D3A7B38A747681399DB4B543CA7628936AB6F7BCCADA30DF020E74C898319E515C33B89E606723A0042C0DCA61932FA29C6F1ECB3CF8E995863361F78E081B89994D15BDBDC9AD1576382BFF8C52FBA73E6CC89193F31A5B25E0CB0D7DC5E76D96509476ED7AF5F1F2F4930EBF6EDDB175B1E376E5C7C9DBD6C3EC3E377214F74D1C6B48F7EBD541B5C599EEE31B783552CD326D7FEEC794EDBB20479EFADE7FD48C5029A1CC8E900080173DB8130A50872B9DF18511999F59A53B3BC67CF9ED828ADACEBDBB76FCC6CCAFA43870EC5D6555454F88E069BD1D9F6466EA5E6D7ACDBBE7D7BECFD85175EE88E183122F63963C4C5F80671E4168A96EEDA840EB40CE958CFB6291E733B46C587CE999BC50E5A9F4DC5DCDE4BB303391D0021606E3328453086D6D125046224A50EF7C08103ADCCEDC08103DD975E7A295EF7DABB77EF585982DCEC656E4E9390CFA56B6EED7572839B5996DF69DFDC66469931B79007CC686B278F211D6BBDB7EB6F4D598218E17E7A5D67EB6778CF2131B332026C6E2AEBAADF0FA0E9819C0E801030B71998DB1D3B76B81F7FFC71BC24C18CC4CA7A636E65C4544653C564CAF195D78B2FBED8ADA9A9892D9B9BBDBC35B14E8A6509F6FE32722BA3C4B2BC61C3065FE38BB98502E135B78E8FB96DEFB3F6726FFD7A818A6FEBF5FD2CB3FB7D9A1BC8E900080173DB01732BA6B64F9F3EF11BC86434555E8DC1F49632C80C07F26A0CAABC4AFDADB9B1CCFBF38DE1F58EDC3EFCF0C3BEFB9F7FFEF9F15163B9A98C915B0898B9BDBA9D6DBFF359DF5F6F5BA3DF9FE5B49E1E6C9773FA26B249FABDD4E9F6A0A9819C0E801030B71D34B7525620AF32322BAF7BF7EE755F7EF9E53635B7F667B66DDBD6C6AC268B54F6979F2DE78F5936F5C08CDC020090D3011002E636691C3D7A34F6E0042941B0D79BF96B656E5BBF796EC510CF9E3D3B36D7AD2933302659EA6FFD7E9794270C1E3C38E983256C332B7F9BD4F79A29CAEC7A5ECC2D0000391D0021606E339A5DA1D41FBF0B00404E0740085024E6B69403730B00E474008400985BCC2D0000391D0021606E09CC2D0000391D0021606E09CC2D0000391D0021606E09CC2D0000391D0021606E31B70000E474008400985BCC2D0000391D0021606E09CC2D0000391D0021606E09CC2D0000391D0021606E09CC2D0090D3011002AD80B9C5DC020090D3011002E696C0DC020090D301104278A9ABABC340063B8E2B737B92331500C8E90008015260E3C68DFB9B9B9B3191018DA6A6A63F2A73FB26672A0090D3011002A4C02BAFBC72EDABAFBEFAD1C183073FC14C066BC4568CEDBA75EBF6AA18CF990A00E47400840029A2CCD3E8B56BD76E91CBDF52DF19E690E31FF6FF41871C8B3731B600404E0740080881E30F0000F4E900080138FE0000409F0E801080E30F0000F4E900080138FE0000409F0E801080E30F00409F0E801080E30F0000F4E900080138FE0000409F0E801080E30F0000F4E900080138FE0000F4E9F4E9000881E34F2B0000D0A7032004E0F80300007D3A0042008E3F0000D0A7032004C8FC58AF94E39D24B6D0520000E4740084006138D697AB38D99EB98D4422A369290000723A004280B01CEFD5ED98DB8621438674A2950000C8E9000801C272BC2F4F646EA3D1E8185A08002034FD39A56600985B68A743DCC2A82D0040A8FA724ACD0030B790A843A403040008657F4EA91900E61604656697336A0B0010FA1C4EA91900E616B4B9BDC2EA00CB68110080D0E6714ACD0030B760778874800000A1EECB293503C0DC82E910C78E1DCBF107000839949A01606EE134528EE0EA57000008AFB9A5D40C00735BF20C577158C5DDFA954B580000E1CEE7949A01606E4BDED81A432BDFF25B30B80000C1271A8D768B44222A7D4FB84BC57A15FB3C3793ED9769C0D43E7F50FBFE542D7F935603CC2D9492B14DB61E000002404545C5705D5B7B3C852793D921379B35A8A866541730B7506C942531B0663BF55A0000C1C9D3321BC296340D6DA2785346736955C0DC423119DB64C695115C008080A08CE81DDE69BEAAAAAADC3BEEB8C35DBA74A9BB73E74E77FFFEFDEEF1E3C75DE1C489136E7373B3FBF6DB6FBBCB962D8BED3769D2243F93BB5AFD9C6FD0C280B985B032DC496F4436DDFD0100208B94979777D1F5B471435A5D5DED3EF5D45331F39A0EC78E1D7357AC58E1CE9831C3F5CC857B58BD0EA1B501730B6135B6A33BF0B9A3185C00808218DB7ADB88D6D6D6C6466833E1D4A953EEAA55AB6223BFD6CF3EAA623CAD0E985B2876639BADCF030040FA79B9D588AD941F8831CD164D4D4DEECC99336D837B9C279A01E616C240B29BC7F2FD7300002009BAC6366E3C376FDEECE602A9D1957A5C7B0457FDEE3E1C01C0DC42D08D6DB64A0A18C10500C87D3EBEDCBE794C466C7389DC7C3677EEDC56F3E3CA1CBA1C09C0DC42D0F0DE0CF6051553F46B3A783FC74D66000039241289FCCDAEB1CD662942228E1C39E24E9D3AD5BEC9EC6E8E04606E2188C676B465501F51E1EAD7540D6EA2CF6170010072803CA0C19E1521D39BC7D2E1F5D75FF7DE60F64D8E08606E2188C65698A20DAA9B86C1B58DAD89C9D6766A700100B29F8B571A8329D37DE59BF9F3E7DB06F72E8E0814826FABF8BE361A635594ABD8A3629ECFBE976883E27DE4DE79B25E7D5B4C646E5DFD3BFCF8AE8A0B7CF69FCDA12908890CA79F516DCFE0FAEDFFB0CFFED4E002006409A973358FD49569BAD29DC7361BBCF3CE3BADE6BFADAEAEFE1A4706F28918CE07750CB70CCB706D724FE9FDCE52B1C1DAE7691563547CAACDE98B2A1E5527B131B7E7A8F86FBDDE7C66BE5EDEEB31325DF57631D9ABACFDEFB5962FE450E5D5D896A56158FD0C6EAAC6D66B7029510000486C5CD7AAF8CFF6F6517978823196328341A1B01FF2A0FEE6311C3DC827625A076973618CA498DA912AB679F6BD406F3F47BF9A51DCABCD0E565942176B1F472F0FB496A7787EF660FDDAC7FA3BAE51D1E8B32FE486540D6632839BAEB1B57F7F8BC3082E00802F96595CAB4CEC1509F6B92B5F3324B4C7B3CF3ECB8D655050C47CACF2985B311807AD7D7A5ADB57A898A4E226FDFE26B36DF8F0E15E73BBC4693B72EB5A66F652BDAE512FAF70FC476EAFE430E5C5D8A66A2C1319DCB33A686C0DD4E002002431B756ACF68EE4DA0F6D686C6C2C98B99539756D33CED183209A5B61A4B58F6CBFDE693D923B3A8D91DB885EEE64ADEBADF77FCE32C56F5B9F836018DBF60CEE5B1918DB4CFF1E00805233B771F3684CAE7ABFCFACCFE72C095EDE7BEFBD5673DE72F420DF0CF018DDDEDA74F6F2ECD7DD395D176B4A06ECFD1399DB4423B737F8186CF93952E2F0918A39D6BEBD39443923D391523F839B89B1F51A5C6A70010092985B7B24D77E2F4F0E2B14F25007FB6FE1E8413EE9E19C2E05B0CB011E49602CCDE86B93737A7437E2F88CDC4A8C1F3FDE1D366C987D52BB23468C882D8F1C39D21D33668CF7A4777FF0831FB883060D723B77EEEC7EE73BDF71870E1D1A5B3F6AD428370541131D0CD5C699D64249298277C4F62DBD3E13EEE6F8100441743C0A0DE6160AC185DAC4FE41C57D1E736BCF9E20A3B45D3D46F642FDFAB8657CDB1BFDB3EB6C136D9732874775A4FA39C8CEC86D474748DB1BB94DE7410F8CDC42BE9073F327D6FB4E4EFB5315DA9FAB4AB0ED22E7F4D52A432F27F12C2F726F81DCB3F08973FA5E02EF8C354D1C22E8C0C8ED964824327AC890219D18B98552279D91B5AEFA550CEC2EDD79F7F774FCC393248644DB8D6196B207A9B17D52AF1FA9D77F97439553E4B81C75725373DB11834BCD2DE4DADC5EA28DE7734EEB7B0D5C6D54A5BFFB930EFB8BFEE39EF7E646D72FEBF752E265DFBFF0076BF93C6DA4ED7DCDDF33D0F3F75DCD618214CD6DDCD45AFB50730B00E0A43F529A68BA2FBFD912D231B8CC9600B944CE2B29C5AA734EDF0F70563B8652B6C94DB5CB2C83FAA8C7ACDA0CD2A6B89336AEAED3F6BE854B9CD657C4E4A139728FC1EF3CA699FB0C2099B96D90B9636D536BEDC36C0900001E839BCC58269BC736DD2799192E7798E71672474F7D2E4ED7AF9D9DD60FA6893A6D678891F563122C977B7EAEFC3C2931F8AE3E873BE9757639833D3B4CAD36C8B2FCA4D37AAE71AE56412273DB66A4D6679F854198E7567EB765C61772F400A050241B394DF5010DE91A5C531AC1536C209798FADA7E1EB39908D977BDE33F72EB2D2598EB9CA9B56D704E8F04CB08AC9429D88F12370FC391CBB4D7780C2F5FEC2063A2D1E8C4203CA16CE6CC99B6B91DCF9101804292680437DD278FA56A70CDEFC3D842AE917350AE0E5CA94DE650A7F5CD5CFFEDB3FF45D6F96B343126C1CF3637DA9AE911BFEBB42D33909BD9E466B22FEBF5439DB675BF6771A8A0A35455557D4399C9E3622AD5B27BE4C89142D7DB1E5786BB1B4706000A4D99D3B644608A93FE3CB67E0677B2E7F750630BF9A2A78F213523B01738FE331C987DCC0D64AEDED7D0C33933C26BF63723B87D2D832C74D76656CCADA9D9B5EB7ED1016405BBEE76D9B2657937B7F7DF7FBF6D6E1FE5880040900CAE7D93996D54D3794043A2CF31DD17E4934EDA589AA90ECD8366E4863129219079BBF75AFB1BB36BD7D9F6B10CEB3E6D6CCD369979C18CD87ED9636E4DF941776B7F31D1839CD6F38A97EB2F95110E1764825D9A50535393D729C19A9A9A6223C6E6F7575656F6E788004090F0962888319DECA43FBD97F77399CEAF0B902EC67076B7D6D9F5B7C6CC1A13EABDA94BB68DD4CB9DADCF996D7FF29CCFB2EE52E7CC158BA19E6DA22DCA0F2027E8F96EDF300673C58A157933B7B7DD765BDCD8462291E51C0D000883C1CD14BF92070000C822F6E8AD8CA4FEE31FFFC8B9B15DB56A955D8E705299DBBE1C0900287683CB031A0000F28432982B8DD9BCE1861BDC63C78EE5CCD86EDAB4A95539828AEB3902001074322D25A0140100208F9497977F5D99CC166338E7CE9D1B7B2C6E2E8C6D75753537910140A80D6EBA23AFDC3C060050002291C8152A0E1BE32935B1870E1DCA6A298267C476B532D55D6879000813E99616508A00005040E451BD66EE5B09196595C7E3663A2BC2ECD9B36D538BB105809230B8F2485D9E3C060050602A2A2A862BF379D436A3F204B3C6C6C6B41FD020F3D87A466B63A508185B00083B65DAB896B5B3BD05630B00100CA2D1681F6542F7794CA9FBCB5FFED25DB264895B5F5F1F9B55C1D4E5CAAB985919E55DBA74A93B6BD62CAFA18DCD8AC0CD6300504C241AC1A51401002080C8E8AA32B9777847713B12328F2DD37D014029185C8C2D0040C0A9AAAAFA8632A873EC9BCD520CA9DD7D94278F0140A918DCBB31B60000E1A1BABABAB3AEC7BD4B6E08F3295BD81F8D46D7AAD785CA084F50CBDD6835002815A4C6D67598EE0B000000008A84AFD10400000000000000000000000000000000000000000000000000000000000000000000000000000000000000000050AAFC7F42E89953F0942AD50000000049454E44AE426082, '1');
INSERT INTO `act_ge_bytearray` VALUES ('6', '4', 'source', null, 0x7B227265736F757263654964223A2235222C2270726F70657274696573223A7B2270726F636573735F6964223A226C65617665222C226E616D65223A22E9A1B9E79BAEE794B3E8AFB7E6B581E7A88B222C22646F63756D656E746174696F6E223A22E8AFB7E58187E6B581E7A88BE6BC94E7A4BA222C2270726F636573735F617574686F72223A22222C2270726F636573735F76657273696F6E223A22222C2270726F636573735F6E616D657370616365223A22687474703A2F2F7777772E6B6166656974752E6D652F61637469766974692F6C65617665222C22657865637574696F6E6C697374656E657273223A227B5C22657865637574696F6E4C697374656E6572735C223A5C225B5D5C227D222C226576656E746C697374656E657273223A227B5C226576656E744C697374656E6572735C223A5C225B5D5C227D222C227369676E616C646566696E6974696F6E73223A225C225B5D5C22222C226D657373616765646566696E6974696F6E73223A225C225B5D5C22222C226D65737361676573223A5B5D7D2C227374656E63696C223A7B226964223A2242504D4E4469616772616D227D2C226368696C64536861706573223A5B7B227265736F757263654964223A2273746172746576656E7431222C2270726F70657274696573223A7B226F766572726964656964223A2273746172746576656E7431222C226E616D65223A225374617274222C22646F63756D656E746174696F6E223A22222C22657865637574696F6E6C697374656E657273223A7B22657865637574696F6E4C697374656E657273223A5B5D7D2C22696E69746961746F72223A226170706C79557365724964222C22666F726D6B6579646566696E6974696F6E223A22222C22666F726D70726F70657274696573223A22227D2C227374656E63696C223A7B226964223A2253746172744E6F6E654576656E74227D2C226368696C64536861706573223A5B5D2C226F7574676F696E67223A5B7B227265736F757263654964223A22666C6F7732227D5D2C22626F756E6473223A7B226C6F7765725269676874223A7B2278223A33302C2279223A37367D2C2275707065724C656674223A7B2278223A302C2279223A34367D7D2C22646F636B657273223A5B5D7D2C7B227265736F757263654964223A22646570744C6561646572566572696679222C2270726F70657274696573223A7B226F766572726964656964223A22646570744C6561646572566572696679222C226E616D65223A22E4B8BBE7AEA1E5AEA1E689B9222C22646F63756D656E746174696F6E223A22222C226173796E6368726F6E6F7573646566696E6974696F6E223A66616C73652C226578636C7573697665646566696E6974696F6E223A747275652C22657865637574696F6E6C697374656E657273223A7B22657865637574696F6E4C697374656E657273223A5B5D7D2C226D756C7469696E7374616E63655F74797065223A224E6F6E65222C226D756C7469696E7374616E63655F63617264696E616C697479223A22222C226D756C7469696E7374616E63655F636F6C6C656374696F6E223A22222C226D756C7469696E7374616E63655F7661726961626C65223A22222C226D756C7469696E7374616E63655F636F6E646974696F6E223A22222C226973666F72636F6D70656E736174696F6E223A2266616C7365222C22757365727461736B61737369676E6D656E74223A7B2261737369676E6D656E74223A7B2274797065223A22737461746963222C2263616E64696461746547726F757073223A5B7B2276616C7565223A22646570744C6561646572227D5D7D7D2C22666F726D6B6579646566696E6974696F6E223A22222C2264756564617465646566696E6974696F6E223A22222C227072696F72697479646566696E6974696F6E223A22222C22666F726D70726F70657274696573223A22222C227461736B6C697374656E657273223A7B227461736B4C697374656E657273223A5B5D7D7D2C227374656E63696C223A7B226964223A22557365725461736B227D2C226368696C64536861706573223A5B5D2C226F7574676F696E67223A5B7B227265736F757263654964223A22666C6F7733227D5D2C22626F756E6473223A7B226C6F7765725269676874223A7B2278223A3138302C2279223A38357D2C2275707065724C656674223A7B2278223A37352C2279223A33307D7D2C22646F636B657273223A5B5D7D2C7B227265736F757263654964223A226578636C75736976656761746577617935222C2270726F70657274696573223A7B226F766572726964656964223A226578636C75736976656761746577617935222C226E616D65223A224578636C75736976652047617465776179222C22646F63756D656E746174696F6E223A22222C2273657175656E6365666C6F776F72646572223A22222C22657865637574696F6E6C697374656E657273223A7B22657865637574696F6E4C697374656E657273223A5B5D7D7D2C227374656E63696C223A7B226964223A224578636C757369766547617465776179227D2C226368696C64536861706573223A5B5D2C226F7574676F696E67223A5B7B227265736F757263654964223A22666C6F7734227D2C7B227265736F757263654964223A22666C6F7735227D5D2C22626F756E6473223A7B226C6F7765725269676874223A7B2278223A3238302C2279223A38337D2C2275707065724C656674223A7B2278223A3234302C2279223A34337D7D2C22646F636B657273223A5B5D7D2C7B227265736F757263654964223A226D6F646966794170706C79222C2270726F70657274696573223A7B226F766572726964656964223A226D6F646966794170706C79222C226E616D65223A22E8B083E695B4E794B3E8AFB7222C22646F63756D656E746174696F6E223A22222C226173796E6368726F6E6F7573646566696E6974696F6E223A66616C73652C226578636C7573697665646566696E6974696F6E223A747275652C22657865637574696F6E6C697374656E657273223A7B22657865637574696F6E4C697374656E657273223A5B5D7D2C226D756C7469696E7374616E63655F74797065223A224E6F6E65222C226D756C7469696E7374616E63655F63617264696E616C697479223A22222C226D756C7469696E7374616E63655F636F6C6C656374696F6E223A22222C226D756C7469696E7374616E63655F7661726961626C65223A22222C226D756C7469696E7374616E63655F636F6E646974696F6E223A22222C226973666F72636F6D70656E736174696F6E223A2266616C7365222C22757365727461736B61737369676E6D656E74223A7B2261737369676E6D656E74223A7B2274797065223A22737461746963222C2261737369676E6565223A22247B6170706C795573657249647D227D7D2C22666F726D6B6579646566696E6974696F6E223A22222C2264756564617465646566696E6974696F6E223A22222C227072696F72697479646566696E6974696F6E223A22222C22666F726D70726F70657274696573223A22222C227461736B6C697374656E657273223A7B227461736B4C697374656E657273223A5B5D7D7D2C227374656E63696C223A7B226964223A22557365725461736B227D2C226368696C64536861706573223A5B5D2C226F7574676F696E67223A5B7B227265736F757263654964223A22666C6F773131227D5D2C22626F756E6473223A7B226C6F7765725269676874223A7B2278223A3331332C2279223A3136397D2C2275707065724C656674223A7B2278223A3230382C2279223A3131347D7D2C22646F636B657273223A5B5D7D2C7B227265736F757263654964223A226872566572696679222C2270726F70657274696573223A7B226F766572726964656964223A226872566572696679222C226E616D65223A22E680BBE7BB8FE79086E5AEA1E689B9222C22646F63756D656E746174696F6E223A22222C226173796E6368726F6E6F7573646566696E6974696F6E223A66616C73652C226578636C7573697665646566696E6974696F6E223A747275652C22657865637574696F6E6C697374656E657273223A7B22657865637574696F6E4C697374656E657273223A5B5D7D2C226D756C7469696E7374616E63655F74797065223A224E6F6E65222C226D756C7469696E7374616E63655F63617264696E616C697479223A22222C226D756C7469696E7374616E63655F636F6C6C656374696F6E223A22222C226D756C7469696E7374616E63655F7661726961626C65223A22222C226D756C7469696E7374616E63655F636F6E646974696F6E223A22222C226973666F72636F6D70656E736174696F6E223A2266616C7365222C22757365727461736B61737369676E6D656E74223A7B2261737369676E6D656E74223A7B2274797065223A22737461746963222C2263616E64696461746547726F757073223A5B7B2276616C7565223A226872227D5D7D7D2C22666F726D6B6579646566696E6974696F6E223A22222C2264756564617465646566696E6974696F6E223A22222C227072696F72697479646566696E6974696F6E223A22222C22666F726D70726F70657274696573223A22222C227461736B6C697374656E657273223A7B227461736B4C697374656E657273223A5B5D7D7D2C227374656E63696C223A7B226964223A22557365725461736B227D2C226368696C64536861706573223A5B5D2C226F7574676F696E67223A5B7B227265736F757263654964223A22666C6F7736227D5D2C22626F756E6473223A7B226C6F7765725269676874223A7B2278223A3435332C2279223A39317D2C2275707065724C656674223A7B2278223A3334382C2279223A33367D7D2C22646F636B657273223A5B5D7D2C7B227265736F757263654964223A226578636C75736976656761746577617936222C2270726F70657274696573223A7B226F766572726964656964223A226578636C75736976656761746577617936222C226E616D65223A224578636C75736976652047617465776179222C22646F63756D656E746174696F6E223A22222C2273657175656E6365666C6F776F72646572223A22222C22657865637574696F6E6C697374656E657273223A7B22657865637574696F6E4C697374656E657273223A5B5D7D7D2C227374656E63696C223A7B226964223A224578636C757369766547617465776179227D2C226368696C64536861706573223A5B5D2C226F7574676F696E67223A5B7B227265736F757263654964223A22666C6F7737227D2C7B227265736F757263654964223A22666C6F7739227D5D2C22626F756E6473223A7B226C6F7765725269676874223A7B2278223A3532352C2279223A38337D2C2275707065724C656674223A7B2278223A3438352C2279223A34337D7D2C22646F636B657273223A5B5D7D2C7B227265736F757263654964223A227265706F72744261636B222C2270726F70657274696573223A7B226F766572726964656964223A227265706F72744261636B222C226E616D65223A22E9A1B9E79BAEE590AFE58AA8E7A1AEE8AEA4222C22646F63756D656E746174696F6E223A22222C226173796E6368726F6E6F7573646566696E6974696F6E223A66616C73652C226578636C7573697665646566696E6974696F6E223A747275652C22657865637574696F6E6C697374656E657273223A7B22657865637574696F6E4C697374656E657273223A5B5D7D2C226D756C7469696E7374616E63655F74797065223A224E6F6E65222C226D756C7469696E7374616E63655F63617264696E616C697479223A22222C226D756C7469696E7374616E63655F636F6C6C656374696F6E223A22222C226D756C7469696E7374616E63655F7661726961626C65223A22222C226D756C7469696E7374616E63655F636F6E646974696F6E223A22222C226973666F72636F6D70656E736174696F6E223A2266616C7365222C22757365727461736B61737369676E6D656E74223A7B2261737369676E6D656E74223A7B2274797065223A22737461746963222C2261737369676E6565223A22247B6170706C795573657249647D227D7D2C22666F726D6B6579646566696E6974696F6E223A22222C2264756564617465646566696E6974696F6E223A22222C227072696F72697479646566696E6974696F6E223A22222C22666F726D70726F70657274696573223A22222C227461736B6C697374656E657273223A7B227461736B4C697374656E657273223A5B7B226576656E74223A22636F6D706C657465222C2264656C656761746545787072657373696F6E223A22247B7265706F72744261636B456E6450726F636573736F727D227D5D7D7D2C227374656E63696C223A7B226964223A22557365725461736B227D2C226368696C64536861706573223A5B5D2C226F7574676F696E67223A5B7B227265736F757263654964223A22666C6F7738227D5D2C22626F756E6473223A7B226C6F7765725269676874223A7B2278223A3637352C2279223A38357D2C2275707065724C656674223A7B2278223A3537302C2279223A33307D7D2C22646F636B657273223A5B5D7D2C7B227265736F757263654964223A22656E646576656E7431222C2270726F70657274696573223A7B226F766572726964656964223A22656E646576656E7431222C226E616D65223A22456E64222C22646F63756D656E746174696F6E223A22222C22657865637574696F6E6C697374656E657273223A7B22657865637574696F6E4C697374656E657273223A5B5D7D7D2C227374656E63696C223A7B226964223A22456E644E6F6E654576656E74227D2C226368696C64536861706573223A5B5D2C226F7574676F696E67223A5B5D2C22626F756E6473223A7B226C6F7765725269676874223A7B2278223A3634332C2279223A3232337D2C2275707065724C656674223A7B2278223A3631352C2279223A3139357D7D2C22646F636B657273223A5B5D7D2C7B227265736F757263654964223A226578636C75736976656761746577617937222C2270726F70657274696573223A7B226F766572726964656964223A226578636C75736976656761746577617937222C226E616D65223A224578636C75736976652047617465776179222C22646F63756D656E746174696F6E223A22222C2273657175656E6365666C6F776F72646572223A22222C22657865637574696F6E6C697374656E657273223A7B22657865637574696F6E4C697374656E657273223A5B5D7D7D2C227374656E63696C223A7B226964223A224578636C757369766547617465776179227D2C226368696C64536861706573223A5B5D2C226F7574676F696E67223A5B7B227265736F757263654964223A22666C6F773130227D2C7B227265736F757263654964223A22666C6F773132227D5D2C22626F756E6473223A7B226C6F7765725269676874223A7B2278223A3238302C2279223A3233327D2C2275707065724C656674223A7B2278223A3234302C2279223A3139327D7D2C22646F636B657273223A5B5D7D2C7B227265736F757263654964223A22666C6F7732222C2270726F70657274696573223A7B226F766572726964656964223A22666C6F7732222C226E616D65223A22222C22646F63756D656E746174696F6E223A22222C22636F6E646974696F6E73657175656E6365666C6F77223A22222C22657865637574696F6E6C697374656E657273223A22222C2264656661756C74666C6F77223A2266616C7365227D2C227374656E63696C223A7B226964223A2253657175656E6365466C6F77227D2C226368696C64536861706573223A5B5D2C226F7574676F696E67223A5B7B227265736F757263654964223A22646570744C6561646572566572696679227D5D2C22626F756E6473223A7B226C6F7765725269676874223A7B2278223A37342E36343530313438343935383831312C2279223A36302E35333134303339333432303934317D2C2275707065724C656674223A7B2278223A33302E3036323031363430303431313839322C2279223A35392E31343433373733313537393035397D7D2C22646F636B657273223A5B7B2278223A31352C2279223A31357D2C7B2278223A35322E352C2279223A32372E357D5D2C22746172676574223A7B227265736F757263654964223A22646570744C6561646572566572696679227D7D2C7B227265736F757263654964223A22666C6F7733222C2270726F70657274696573223A7B226F766572726964656964223A22666C6F7733222C226E616D65223A22222C22646F63756D656E746174696F6E223A22222C22636F6E646974696F6E73657175656E6365666C6F77223A22222C22657865637574696F6E6C697374656E657273223A22222C2264656661756C74666C6F77223A2266616C7365227D2C227374656E63696C223A7B226964223A2253657175656E6365466C6F77227D2C226368696C64536861706573223A5B5D2C226F7574676F696E67223A5B7B227265736F757263654964223A226578636C75736976656761746577617935227D5D2C22626F756E6473223A7B226C6F7765725269676874223A7B2278223A3234302E32352C2279223A36337D2C2275707065724C656674223A7B2278223A3138302E303632352C2279223A35372E357D7D2C22646F636B657273223A5B7B2278223A35322E352C2279223A32372E357D2C7B2278223A3231302C2279223A35372E357D2C7B2278223A3231302C2279223A36337D2C7B2278223A32302C2279223A32307D5D2C22746172676574223A7B227265736F757263654964223A226578636C75736976656761746577617935227D7D2C7B227265736F757263654964223A22666C6F7734222C2270726F70657274696573223A7B226F766572726964656964223A22666C6F7734222C226E616D65223A22E4B88DE5908CE6848F222C22646F63756D656E746174696F6E223A22222C22636F6E646974696F6E73657175656E6365666C6F77223A22247B21646570744C6561646572417070726F7665647D222C22657865637574696F6E6C697374656E657273223A22222C2264656661756C74666C6F77223A2266616C7365227D2C227374656E63696C223A7B226964223A2253657175656E6365466C6F77227D2C226368696C64536861706573223A5B5D2C226F7574676F696E67223A5B7B227265736F757263654964223A226D6F646966794170706C79227D5D2C22626F756E6473223A7B226C6F7765725269676874223A7B2278223A3236302E33323137353537303234343730342C2279223A3131332E35313536343532383431383133397D2C2275707065724C656674223A7B2278223A3236302E31333133363932393735353239362C2279223A38332E36323439373937313538313836317D7D2C22646F636B657273223A5B7B2278223A32302C2279223A32307D2C7B2278223A35322E352C2279223A32372E357D5D2C22746172676574223A7B227265736F757263654964223A226D6F646966794170706C79227D7D2C7B227265736F757263654964223A22666C6F7735222C2270726F70657274696573223A7B226F766572726964656964223A22666C6F7735222C226E616D65223A22E5908CE6848F222C22646F63756D656E746174696F6E223A22222C22636F6E646974696F6E73657175656E6365666C6F77223A22247B646570744C6561646572417070726F7665647D222C22657865637574696F6E6C697374656E657273223A22222C2264656661756C74666C6F77223A2266616C7365227D2C227374656E63696C223A7B226964223A2253657175656E6365466C6F77227D2C226368696C64536861706573223A5B5D2C226F7574676F696E67223A5B7B227265736F757263654964223A226872566572696679227D5D2C22626F756E6473223A7B226C6F7765725269676874223A7B2278223A3334372E393130313632353832313739382C2279223A36332E33313238343735353336373332347D2C2275707065724C656674223A7B2278223A3237392E363630313439393137383230322C2279223A36332E30363939363439343633323637367D7D2C22646F636B657273223A5B7B2278223A32302C2279223A32307D2C7B2278223A35322E352C2279223A32372E357D5D2C22746172676574223A7B227265736F757263654964223A226872566572696679227D7D2C7B227265736F757263654964223A22666C6F7736222C2270726F70657274696573223A7B226F766572726964656964223A22666C6F7736222C226E616D65223A22222C22646F63756D656E746174696F6E223A22222C22636F6E646974696F6E73657175656E6365666C6F77223A22222C22657865637574696F6E6C697374656E657273223A22222C2264656661756C74666C6F77223A2266616C7365227D2C227374656E63696C223A7B226964223A2253657175656E6365466C6F77227D2C226368696C64536861706573223A5B5D2C226F7574676F696E67223A5B7B227265736F757263654964223A226578636C75736976656761746577617936227D5D2C22626F756E6473223A7B226C6F7765725269676874223A7B2278223A3438342E34303632363134343634323738332C2279223A36332E32343532313533363537373233387D2C2275707065724C656674223A7B2278223A3435332E37343939383835353335373231372C2279223A36332E30393835333436333432323736327D7D2C22646F636B657273223A5B7B2278223A35322E352C2279223A32372E357D2C7B2278223A32302C2279223A32307D5D2C22746172676574223A7B227265736F757263654964223A226578636C75736976656761746577617936227D7D2C7B227265736F757263654964223A22666C6F7737222C2270726F70657274696573223A7B226F766572726964656964223A22666C6F7737222C226E616D65223A22E5908CE6848F222C22646F63756D656E746174696F6E223A22222C22636F6E646974696F6E73657175656E6365666C6F77223A22247B6872417070726F7665647D222C22657865637574696F6E6C697374656E657273223A22222C2264656661756C74666C6F77223A2266616C7365227D2C227374656E63696C223A7B226964223A2253657175656E6365466C6F77227D2C226368696C64536861706573223A5B5D2C226F7574676F696E67223A5B7B227265736F757263654964223A227265706F72744261636B227D5D2C22626F756E6473223A7B226C6F7765725269676874223A7B2278223A3536392E393337352C2279223A36337D2C2275707065724C656674223A7B2278223A3532342E35393337352C2279223A35372E357D7D2C22646F636B657273223A5B7B2278223A32302C2279223A32307D2C7B2278223A3534372E352C2279223A36337D2C7B2278223A3534372E352C2279223A35372E357D2C7B2278223A35322E352C2279223A32372E357D5D2C22746172676574223A7B227265736F757263654964223A227265706F72744261636B227D7D2C7B227265736F757263654964223A22666C6F7738222C2270726F70657274696573223A7B226F766572726964656964223A22666C6F7738222C226E616D65223A22222C22646F63756D656E746174696F6E223A22222C22636F6E646974696F6E73657175656E6365666C6F77223A22222C22657865637574696F6E6C697374656E657273223A22222C2264656661756C74666C6F77223A2266616C7365227D2C227374656E63696C223A7B226964223A2253657175656E6365466C6F77227D2C226368696C64536861706573223A5B5D2C226F7574676F696E67223A5B7B227265736F757263654964223A22656E646576656E7431227D5D2C22626F756E6473223A7B226C6F7765725269676874223A7B2278223A3632382E3339383534313339333737372C2279223A3139342E393831333837383730333430367D2C2275707065724C656674223A7B2278223A3632332E3731303833333630363232332C2279223A38352E37323137333731323936353933397D7D2C22646F636B657273223A5B7B2278223A35322E352C2279223A32372E357D2C7B2278223A31342C2279223A31347D5D2C22746172676574223A7B227265736F757263654964223A22656E646576656E7431227D7D2C7B227265736F757263654964223A22666C6F7739222C2270726F70657274696573223A7B226F766572726964656964223A22666C6F7739222C226E616D65223A22E4B88DE5908CE6848F222C22646F63756D656E746174696F6E223A22222C22636F6E646974696F6E73657175656E6365666C6F77223A22247B216872417070726F7665647D222C22657865637574696F6E6C697374656E657273223A22222C2264656661756C74666C6F77223A2266616C7365227D2C227374656E63696C223A7B226964223A2253657175656E6365466C6F77227D2C226368696C64536861706573223A5B5D2C226F7574676F696E67223A5B7B227265736F757263654964223A226D6F646966794170706C79227D5D2C22626F756E6473223A7B226C6F7765725269676874223A7B2278223A3530342E37343439393330343036373439362C2279223A3134312E33393035323437343132333835387D2C2275707065724C656674223A7B2278223A3331332E383134343531303136383035332C2279223A38322E38393035343238323733353531337D7D2C22646F636B657273223A5B7B2278223A32302C2279223A32307D2C7B2278223A3530342C2279223A3134317D2C7B2278223A35322E352C2279223A32372E357D5D2C22746172676574223A7B227265736F757263654964223A226D6F646966794170706C79227D7D2C7B227265736F757263654964223A22666C6F773130222C2270726F70657274696573223A7B226F766572726964656964223A22666C6F773130222C226E616D65223A22E9878DE696B0E794B3E8AFB7222C22646F63756D656E746174696F6E223A22222C22636F6E646974696F6E73657175656E6365666C6F77223A22247B72654170706C797D222C22657865637574696F6E6C697374656E657273223A22222C2264656661756C74666C6F77223A2266616C7365227D2C227374656E63696C223A7B226964223A2253657175656E6365466C6F77227D2C226368696C64536861706573223A5B5D2C226F7574676F696E67223A5B7B227265736F757263654964223A22646570744C6561646572566572696679227D5D2C22626F756E6473223A7B226C6F7765725269676874223A7B2278223A3234302E333637313837352C2279223A3231327D2C2275707065724C656674223A7B2278223A3132372E352C2279223A38352E303534363837357D7D2C22646F636B657273223A5B7B2278223A32302C2279223A32307D2C7B2278223A3132372E352C2279223A3231327D2C7B2278223A35322E352C2279223A32372E357D5D2C22746172676574223A7B227265736F757263654964223A22646570744C6561646572566572696679227D7D2C7B227265736F757263654964223A22666C6F773131222C2270726F70657274696573223A7B226F766572726964656964223A22666C6F773131222C226E616D65223A22222C22646F63756D656E746174696F6E223A22222C22636F6E646974696F6E73657175656E6365666C6F77223A22222C22657865637574696F6E6C697374656E657273223A22222C2264656661756C74666C6F77223A2266616C7365227D2C227374656E63696C223A7B226964223A2253657175656E6365466C6F77227D2C226368696C64536861706573223A5B5D2C226F7574676F696E67223A5B7B227265736F757263654964223A226578636C75736976656761746577617937227D5D2C22626F756E6473223A7B226C6F7765725269676874223A7B2278223A3236302E33303135303137323937373739352C2279223A3139322E32373334363236343836393136337D2C2275707065724C656674223A7B2278223A3236302E31333939303435323032323230352C2279223A3136392E34383832353631303133303833377D7D2C22646F636B657273223A5B7B2278223A35322E352C2279223A32372E357D2C7B2278223A32302C2279223A32307D5D2C22746172676574223A7B227265736F757263654964223A226578636C75736976656761746577617937227D7D2C7B227265736F757263654964223A22666C6F773132222C2270726F70657274696573223A7B226F766572726964656964223A22666C6F773132222C226E616D65223A22E7BB93E69D9FE6B581E7A88B222C22646F63756D656E746174696F6E223A22222C22636F6E646974696F6E73657175656E6365666C6F77223A22247B2172654170706C797D222C22657865637574696F6E6C697374656E657273223A22222C2264656661756C74666C6F77223A2266616C7365227D2C227374656E63696C223A7B226964223A2253657175656E6365466C6F77227D2C226368696C64536861706573223A5B5D2C226F7574676F696E67223A5B7B227265736F757263654964223A22656E646576656E7431227D5D2C22626F756E6473223A7B226C6F7765725269676874223A7B2278223A3631342E333036363733363732343732372C2279223A3231312E38333935323634333733373738337D2C2275707065724C656674223A7B2278223A3237392E373338323438323032353237332C2279223A3230392E31313934353739333736323231377D7D2C22646F636B657273223A5B7B2278223A32302C2279223A32307D2C7B2278223A31342C2279223A31347D5D2C22746172676574223A7B227265736F757263654964223A22656E646576656E7431227D7D5D2C22626F756E6473223A7B226C6F7765725269676874223A7B2278223A313230302C2279223A313035307D2C2275707065724C656674223A7B2278223A302C2279223A307D7D2C227374656E63696C736574223A7B2275726C223A227374656E63696C736574732F62706D6E322E302F62706D6E322E302E6A736F6E222C226E616D657370616365223A22687474703A2F2F62336D6E2E6F72672F7374656E63696C7365742F62706D6E322E3023227D2C227373657874656E73696F6E73223A5B5D7D, null);
INSERT INTO `act_ge_bytearray` VALUES ('7', '2', 'source-extra', null, 0x89504E470D0A1A0A0000000D49484452000002D50000011A0806000000DEE5AB97000000206348524D00007A26000080840000FA00000080E8000075300000EA6000003A98000017709CBA513C0000000467414D410000B18E7CFB5193000000017352474200AECE1CE900000006624B474400FF00FF00FFA0BDA793000000097048597300000EC400000EC401952B0E1B000020004944415478DAED9D077854C5FAC6278524F45EA4837801A92ACDFFE52A7241BC5800698980E4DABD1640C45EC08A74E52A16D4D04CE8A0A8085C0C824A97AA880A2194040810420B9064FFDF7B764E38D9ECA6EE26BBD9F7F73C93DD3D7BCED993396766DEF9E69B6F9422841042082184104208218410420821841042082184104208218410420821841042082184104208218410420821841042082184104208218410420821841042082184104208218410420821841042082184104208218410420821841042082184104208218410420821841042082184104208218410420821841042082184104208218410420821841042082184104208218410420821841042082184104208218410420821841042082184104208218410420821841042082184104208218410420821841042082184104208218410420821EE27805950386C365BD8FEFDFB1F3F7BF6ECE0F3E7CF373D77EE5C5846460633C6130F6B40802D3434F4444848C8C6CB972F4FE8DCB9F3F7CC154208216CBBD9765354FB3852201F494A4A9A989A9A5AA656AD5AAA62C58AAA7CF9F22A30309099E30150E14905A8525252546262E2A5F4F4F4DF2E5CB830B8478F1EBB983B841042D876B3EDA6A8F641E2E3E397ECDBB7AF57FDFAF555EDDAB5D11363A61431478E1C51717171176C365B44D7AE5D973247082184B0ED66DB5D5C04F1F616AC504AEAD5BC797355BD7A7516CA620296852A55AA943A76ECD8ED83070FDE3973E6CCBDCC154208216CBBD9765354FB001836921ED64814CA0A152A64FBFEE2D9A32AF1D7C52AF1B7A52A69FFF7EAFCA9FD2AB46C0D151C5A8199E7014242425038431313137B0E1A34E8EBD9B3671F63AE10420861DBCDB6BBA8A103513EC0C406F86161D8C855A13CB8F5337536E97795917E49D932D2D4F9937FA9F82D9FAAD494C3CC400F51B66C59D5B061C38CA0A0A0F7981B841042D876B3ED2E0E82795BF3D5D37D1C131BE087E58C9307D6AAB44BE7B26D47214DDA1FABEAB619C44CF41075EBD6AD72F0E0C16B56AE5CD9A97BF7EEEB9923C4971A7C4621281A1841886D37DB6EB6DD14D55E021A3DCC1476E5877521871E2D7AC2C4B3D4A85123F1F0E1C37DE52D4535F195C6FE91CD9B3767462140621402CF219D9500A9C7ABA5A4A4F44C4C4CECF6C30F3F308210DB6EB6DD6CBBDD066BEE7C002B1242EFB8C2967ED9F5C1365A9E3C4DB56AD5EAC84B17E604F1053069EAC08103D3AA56AD5AA67DFBF60A43D3A85F28A83DD8E049DE62F8BF6EDDBAAA5DBB7621F5EAD56B03ABF5EAD5AB7B3177D876B3ED66DB4D515D846058165624E29DC8BDB94A5EDA3227882F086A442168D1A285AA53A70EA3101413700768D3A64D6911DBB356AD5A750773846D3761DB4D515D44C0CF9156242F7E98EDF7862E4DC4AB81CB07E2E4366DDAD4E5A4A943DB66A9BDDFBFA67E5F3D5AC56FFD9C93A53C08264BB56EDDBABC746C667DF7DD772D99236CBB09DB6E8A6A2FA054E9CA2EBF0B0E652F99107F875108BC5758338210DB6EB6DD84A2DA8BA852FFFF547048D96CDB834A9556551A74660611AF273232B21273C17314360A01F11C8842101C1C6C4421609966DBCDB69B50541733E5AA375765AB3575BABD7C8D16CC20E2D5BCFCF2CB8345F09D1A3366CC50E68667601402EF065108E4A52FCB34DB6EB6DD84A2DA0B48BF7C21DBB6B48B679831C4AB79E59557220E1D3A34E35FFFFA978A8B8BFBEC85175E8864AEB81F4621F06E4A5214029669B6DD84A2DA67B974EEB8E1F778F6F86FD9BE3B77E20F15BFF913631F42BC8D51A346F58D8F8F9FF5F8E38F07DE7BEFBD6AD8B06181478F1E9D3E62C4887B8A42C748CA6D78BA610EDF75D1E7F0091885C0BB292951088AB94CA3631296CB3E39E5717F4957B1ED26BE489E665B6272CDCE9D3B87FEF2CB2FF7242424B43D72E44899949494E0D4D454151C1C6C938AE872952A550E57A850E127D9FDF5679F7DF6777FCAC4D347B6AAE37F7EE7D417D2E47CF20115B7719AAA7E753755A95E271510C0FE0C297E60CD3A78F0E0EC279E7822F0FAEBAF37B6B569D3068D70D0A44993664A23AC264F9EFC85072F01D11686495A6AD97648529AE5F38B92BA3B34C8A610AF2509CB9DCD91F44F493F4A5AEEADF9CD2804DE4D498842E00565BA8DA49B24FDE0E2FB302D9C232CDBFE813E8DCEFBBFE9B45DD29D92E64B5AC5B69BF8BCA886985EB468D1C76FBCF146C4891327829B376FAEBA74E9A2EAD5ABA74444ABB0B03025C23AE0CC99332152881BEDDAB5ABD1D6AD5BEF91421B7FEEDCB9373EFEF8E3E92539F3D07B3DBAF71BA3379BA70635FD92B1FF19E911D7F85B4F1556FE2A3E81A4D8809F25868561CD321B5F9356AD5AA9E1C387074D993265E6638F3D76E1FDF7DF5FECC14B41E319E5647B3B499B2539FA83FE292955D2AB92DE951423295AD2BFF5F6600751EE33200AC1E5D464E79535A31010DF29D3BF48FAC6615B39499DB4D8EEEAF0DD5AFD3A49D233FAFDA796B2EFD632CDB69B14B9A85EBF7EFD7D6FBEF9E607A74F9F0E0D0F0F377ABA414141D9BB9C22AC91AA57AFAE5088EFBDF7DE80EDDBB737888989F9F0E1871F1E79F2E4C93BE7CF9FFF6749CC3CF45E51D8F2CBF953FBD5814D1FA9A65D47F30924C5DAF862581865DB19D8FED4534F054D9C3871AE94EBFE3367CE5CEAC14BC2C21B70E348B4086358A11D978FBE4D7F0F605EEAA21BEBAF7583DD50D2ED928658F6F3191085E0D2B963D92C678C42407CB04CDFACECD6E7DC2603DCA53BD64A0BF1FA92AE95345E520349D748BAD522B6D97613AF25DB3886CD660B5EBA74E9EAA8A8A84FA50086BEFDF6DB86587626A85D81822BC705F5E9D3A759F9F2E5773CF4D0430F94C4CC2B48A1CCCCE78C343E7DA4B81ADF41B935BE26B06E8D1C39B294BC9D3774E8D0DB3D7859CBD0D649DAA35F21AAD73911C670ED48D2427ABD7E8FFDE132D244D98789FBFBA2A0068C42404A50995E23E984A40D3AA559C4B3952F7507BA83A41049CDB41087B8BE57D24E770A6AB6DDC493043B0AEA356BD6FCB46AD5AAF6D29B55D75C734DA14EDEA3470FD5AC59B3D263C78E7DEF81071E089D3E7DFAFB2529F39A757B834F10F129860F1FDE7BFFFEFD33E06F995BE36B6D849F7EFAE990F1E3C72F8E8888B82B3A3ADA533ECB086536D1AC3EB4604E72B25F359D96396CEFA2729F20E5F5300A01294165FA71490FEBF72DB5407606FC29D255763F6C7490DD1E4B926D37F114592CD55F7EF9E58A850B17B67FF9E5970B2DA84D1A3468A05E7BEDB5D281818163A5F00E669613523CC09A959C9CBC401ADF20477FCBBC34C2A3468D2A151C1CBC78E0C08177B8F9D24C276258B5E2743AAD05B5ABC81E4DB588B6260C15FBAC1989510848092AD399FD41496775C2E8514EBD4358CF431D12344A607878F84BA21F7A77E9D22598779DF884A8860FF5B7DF7E7B8B144EC33FDA9DE07C2FBCF042B952A54A4D9582D18CD95E30E2E3E355626262AEFB49E748FDF043D60EFFB871E38CC803B9317DFA7475E9D2A55CF7F9ED377BC3BF7DFBF62CD747BC132C0211171737B3208DAFB5111E397264584848C87C3737C2A6A8BE5A52A44E30B9B96A4011F9C35C25A589C3797CD2ED035108E2B74C377C365D6146213815FF93B2316635CBB4779769132C1DDA53A76B73D8EFBCA4AA923A4AFA8F7E453AAA75CAEB369B6D71CD9A35934460CF121D715BFFFEFDCB1557DEA7A5A56121A72CE9F8F1E3463B6B252525C5E9F1D83737D6AC5993AD1DCF0BA2E5D41F7FE46D02E6D6AD5BD592254B5C7EEF78FDD010D6369FB810D588F2B162C58A69B7DF7EBBDB2CD48EC0622D8536343030F0F3E2FA677DBDB75BBF7E7D0CF529B95739EE3775EA5475F2E449B57CF972F5C61B6FA88D1B37627964F5CD37DF18DB5E7CF1C5CC7D0F1D3A94E5D8B265CBAACD9B3767D9E6B8CFCE9D3B8D083000E1994C118E78A87911EEA4E81B5F2C02017FCB8236BE26185E1E356A94A71AE1B9CA1E0504E91D65B76E39E39016DCB064A39789098AB192C6A82B13177D02589E0FFE324325FCBA28C7B05E998D9A8E427070EBE72AF54C021F6E96696F2FD370E7FA462744F67065B1814506AE5B7B256DD2821AC74C96F4C0C58B178D9D020202B072D260D12CDF060505C5499BFE39047664646491BA7D41ECFEF5D75F996D607272B22A5DBAB4FACF7FFE93A50D445B3A74E850A3DDB5A6D75F7F5D7DFE797629646D6BFFF18F7FA8850B17667E463B6EC52AE8B19F6970C3751D3C7830CBBEA74E9DCAF2FBAFBCF28AB16DDAB469889D6F6C1B3B766CB6EB99356B96A11BAC9D09FCBF2417512D3D954F11160F3ED09EA467CF9EA52B56ACD8A818DD40CCDEEE716FE8ED16843163C6A86DDBB665E9955AADD7F3E7CF573366CC50723FD5D5575FAD7AF5EA65885E141EF44ADBB76FAFDE7CF3CDCCFD63626232C536D2B163C78C0AC2FCFCFCF3CF1BFB587BE77845C15DBD7AB5AA53A78E92CAD8F81E429B3178BDEE79196436BE79F5B7CC8B750B8D70A952A5E6A10CB9F172AD3ED2E8D999AE1C56970E34FA669CEAB3FA18F338086A4C5E8CF695FB03CB735EC37A5931A3101096692F2FD3565F6D7482310C5ED7619F81CA3E39112E5F27F431B32C657AF14F3FFDE4ECDCB06C474260A7A6A61ED702DB234633586C215CD11E4E9830C16807CB9429A3CA952BA7FAF4E9A3EAD6B5FF4B305E39B681952A5552B7DD765B9674DD75D71986464756AE5C69885BB4BD309E61354CB32D7EE185178CDF35D9B16387A1059044D3A8D3A74F67EF846B815FB9726575D34D3719FF43C78E1DE1926BE8866EDDBAA941830619C7E27B47860C199245D8831A356AB010E64030ACD46FBCF1C60084CD9302E5F11F7CF8E1872B8F1B37EE31793BBBB8FE69E9ED56D2BDDDC1D2DBC570D232D93637343434362A2ACAAB868F219A939292B0C84E666F15EF51C80016E001B56AD5325E51B86AD7AEADFEF9CF7F1AFBC14DC32CE42820F23FAA65CB96A93BEEB8C3DAD9C9D253863846250B9A366DAA1A356A94F95B478F1E350A2A0A29B6A3B78D1EAFF5D9B9FBEEBBD5A79F7E6AEC438A0F671398D0617AF4D147B3EDFBDE7BEF6571FB3A7FFEBCBAFFFEFBB3EDF7FEFBEF1B31EAF17C3CF3CC33A5A52C2F9486AC6F21263AD555CEFDA0B10DAE1DD394DD6A6D72B3B67EA1E1C704A88B7A7B6F65B75E632C7394AFDC2346212025B04CC36AEC6CD805BE04980BF189A4072DDB71911F486A2DE979659F53013049F194A4A39D3A75CAED37CB69811D296DE109B9FE95F27986BBDAF40A152AA8BE7DFB1A6D20C470E7CE9DB1988EEADEBD7B667B0C4316DA5BB3EDCC2CA7365B3697CACB972F3BFD1DB4D51D3A74505DBB76CDF6DD9C39730C116FF27FFFF77F59BE3F71E284D1B6436C1F3E7CD8F8CD0F3FFC502D5AB4C8382F3A01B0A6A35D461BFED9679F29E42BAE1DD75DB16245436CC38A6DFDBF3FFAE84AE71DE7B40A7BE2445463A5C463C78E05BBABC79B1BAD5BB70E9107BD9108D986313131715E9007D5CCC22805E69C5CD77C11D84B13121296C5C6C6167BABE55899A0E04218A3B7EB0C58A9614936576E330B21ACCAA854C1C71F7FAC6EBCF14655B56A55CC00576FBDF59632871051B8AA55AB6614CAB8B838A3872E15ADBDD6927321C1328D4A18FB4050AF5DBB36B3D78D73A1475D1C821A9D0F58E3E51E8E2EA6DB15E525CFB461CDD28D6F167F4B584DD000E339319F073C27A87C3141D904CF083A4A66E58FFB09F730DC77AB754B9E9F32E3C78F5F3070E0C0F0B973E72E2BC0A52E50AEFDA061756EEF20BA4DC11C95C339F7F84A05CC2804A40496E945397C07D70EC725CAFF0B3DA03BC6F807ACA650588BF25B9F5795F63C5C5EC32182E5FFF8332F3ECC05E1D65B6F35DA560021EC2838D1561E3972249BEBC68103075493264DB20B3211E8D8D7D9BC26B46F261851866B095C37306ADCB66D5BF5DD77DF198218E21A463558CF31726D1AD5E00B0D51BD6AD5AACC7DF03BB86ED13B86A6C0FE00D78CF323A13361EAC35DBB7671343A37518DA5C75D2DECE229A4E0266ED8B0A19FBC9DE065F951D6D2DB3D29BDDD15EEECED7A0254A2E8819A3D550CE5A090FCFBDFFF365C454C2E5CB8607C9E346952162B3540A1841006285C181282785EB76E9D51F8ADA03063FF2FBEF8420D1E3CD8A898EFBAEBAECC63D1AB35AFA7A881B897E7196F5F2DC65B926F410F5F7FE9C8ED725747CE5C04C2BA4CB1150CF36168D1F40944070CC396A840DBB56BA77EFFFD77C36FDE6C7C51D1C362E1AC2387BA433A5DA5C68D1B1753C04638B772E575E658B95F5D121313D77943A79B781FEE2ECF3E58A60B42A4A7EA6DB9174D2054210E3D010C5DE5CBBB5EED142E92B06C5B71359110063118BC6EBEF966A702DE042E1818614647C934B299F712FF2B46A5B3597CA2A28CEBC0B3816B86651A46288864886558ACF1FB00A3DD68D7FFF7BFFF196EA4D6F61FA3D7701D3147C78983A89682DF164B8F17251D3B76AC24A2FA664F896AF8494B27C1311457B57C9EA68A436FF7AFBC44DEF00418F68178C5C30FFF29581BD0038688450FDCB424C3F26C0E1B41605BA371A4A7A71B4381CE0A020A92E94E82C285DFC22A99787FD55557966385C88668C6F7F7DC734F36F18C7D8B4B50034CEC40274084F59822FEE9C23606F0F5C7BD3927CFD912B9CFB3E59EAC9B3F7F7EBEC7D9F2B2AA1A78FCF1C78D09ABA6650B9D2E447541858989AEE676807BFAD0430FB9EC7863F409CF201A61E988F6F360CC5B6FE17B79D60F8978FA1606C0989898CDDE7471105398706CFA3ECAFD308694AD8DA309EA34B87C417839D6091885CA6F242858BECC39168EE0F9C2646657DF9BFBFCFDEF7F57CD9B37372C6BE6338CBA0C13B57D04A33CD7AC59F38C3C234B45D4CD296879F6D3323DC69D75ACE4FF3E79BE1BBBF3026191C63D369FF99CACB7C877C7C85868B79DF9544310432CC34D47744C96EF20A0E1CA6102718CCED2C489130D0BB3B93FEEA9793DA64F35CA394434B4033A54B058A38CA35E80110DD763B5543B03E78208C764CC6FBFFDD630DC1127A2FAC89123659CDD5C4F22051ADDBA9B2CC3F43555F6451B20821D2711D6CAE37E9EE8ED5EBD65CB163560C08022BF49B03E5B7BC539B97F984060A3C0581B49086BA70F811432F37C564B3592D5528D5EAEE94B961328A0EE0ECB9817E0B6022BCEB3CF3E3BBA882D53EE10D6A0AC3C6783A4B21E2415E36939EF97F2F98BBC8E94BCF2CA2B11795D550D9D2BDC73548E687CCDCA1F9358AD6194608181E5A471E39CDB2434C2A3468D4A1F3F7E7CB4740C86149175ABD8907B045F70F8853E28F709E3B268EDA2BDC1828DB90E98748E094628C3189E1661E474DFD9B3671BFBA3DCA0F38E7A030DF2CC9933158C2D105E6627DD0CA585E7049FD1C0622215AC6E6843503721EAC073CF3D67EC07B16E4EE0321E6E1D59C8EA0BEAB80FACA9BA3C195106D0D987088718C7FFE14B43CF5276D1CE9973774E69819DAFB93B7E58A6C7482775B4933A363FF52BFED915E8CC485E2F475EDF77DF7DB6C25E189E793CBF78C6D12991F3671AA2108A1898514A1CF44EB60EA1ABF611F709DF41A83BB6F1289F8E9FCD1166CC83826F3C228DC01DC82A8401EA018C6658DD53F08CA0EC621F474BB523A84B70FCAFBFFE9A39978AB810D5721383AD37A128F8EDB7DFAAB8C9C2E7B223A9B2AFC496A4B77729686FB755AB568D7DE5C6A2676AFA7A9960F8073E738E051A562167966A58BC60E5C80D0C09C1FFDA64D3A64D59263F920281D05143A4411E929A9A7A411A95B939F9FA4BE3D7373E3E7E567E5655C38452C442351B600C0DC3A2625A60CC0E575E3B92F2BBA5478E1C993161C2842FA411BEA7A40B6B878E3DD4E743356BD64C94FF7D99E4E15C2917B1452DB0D1F0A3FC4284A20CE3FEC2ED0B3E9218EEB74E7442C38D4E34E655C0CF12C21BF71BCF003AA8A6A0363BE9CD9A3533264261181DC20C93A8D1F0E337615D06663D021035E8DA6BAFCD14C2A827602D33F7C1B599F33AD0986344D08C2C847396B0C842986462CEDD392FE5795E6E737758A6F3DDE6E3C19A2BCFFD2A69EB92DD797274FE9E7CF249C32A6C4EDC87B517CF279E57942F3CDFD6326396B1BC02719BD7C81AB0507FF0C10746E85C5C07443B5C35507E604936CF679619B3DCA3238C7A01E509F3A7B07236FE879C2CD56FBFFDB6519F2C5EBC583DF6D863C636F8634358D35AED4454A32243261725E8F12C5DBAD4E8959A1A5039F8564A25902495CE5907619B28DBB3EC979E9E9E949F6135A9CCF2D46395DF4996DF5BE5EEDEAEBB4121FAF1C71FB3F960C127CAB1A78B02E3AC878C46CDC46AA97604C3C1981861461C41A1853B0A7AB19828034B955901A1F016367E2AC9A4B4BAE2EB0F0BF672792EA34C8B17AC59BAF1CDD722101826848565FCF8F1C67DD5CF7DE6F7E86CCB339F2F979EEBAEBBAEEC33CF3C7376DCB871FE26ACCD3A0AA3690FC8EB03D6E1FFA29A97016BF2D75F7F6D442580504619453480EFBFFFDE288F724FB274B25F7AE925A35C63681961BE300A86C96DE814A36E31A30E99750A868FB10F1A62080608649CDF954B07230B39A58CA53CC382BDC25A9EB103CB749EC03F0815F8B56898659E2C5F184DB1BA5E98C62884BF839B0CDCA710D319A32CF3E6CDCBB21F467BAD9D4DD378E5E82120F96AB8F018FF98DCBB9C165343D941BB8B3299F950C93D4599859086488661CDFA1B28AF7896CCE007B82EB4F339097F94EB962D5B1AFBA2436CEA0CBCA28381EFAD23E94444B514649B5468014529ACA542C42A49159D0DF3784B6F577A7F6EEFEDE6170C05A1C1B20E1DA190A0D098050E3DE47DFBF619C379D6860D0D986341362BD99C806503513D9C59A8D190613220868C4CD1FDCE3BEF64369C8F3CF288D110A2D1351787F1335E3587AE3D082CD803A5A11C082172CF3DF71C9567A1BAAB094CB981FB0C91035F3EEBA20578C6D09038FADAE6D1BA55EEC1071F4CFEE8A38F164444442C906BFDD31F1F06EBF0BFA7A31058AD9068041D3BD4B0FC5A3BD4B032A37E30CBF47FFFFB5F63E81A43C853A64C319E0558A5304703421C9FD160A37E40C71BA358A86F4C4BB53997C35AE7F86264A162882054D95A9EF18C48676CCEC183075FF6B3329DA7516BF95D0463FE5EFE17338040B1B4D1E8BC6ED8B0C1281B66C7109303D15E5B2DC4E8E4A07D742C8FB8D718A53141BD8036D33C175C371D5D461C9F05ABA0C6BD86A836EF2D043E169841C7DA6ACC343B535845119677F3B9C02816C2E96174C80AACD428D3982F659D2809E0AF8F8E39272D3AD4C1929997939393438A3253E4F750302E7B91905E5014BDDDFC8207DD71D6B06341C36767313C6195C6F15672F3C306919191394E24C28C6033DA87A3252A2FE7F707615D943F2615784D549485191540141734100E8D97B1A84121C449257D1E9A31AE886C8F462130EF5B0ECF4AE67BD41970CF808B18261DA35187A0B4C6A8C5A4E49123471AC2010DAF195D02C20C16CFBC58AA7D2DB250714710C23322F9F02A7CD559A6B3F0B2E44D9CB4D10BBCA18D6ED1A28572E6928311022BB0E83A8BE4D1BB77EF2C9FD1E1B5767ACD790956725AC910CF8A75540902DF310288B5ECA05C99C21FC7A14E72562F611FC76861267055313BC5C422AAA5728C97CAAD49518AEA9D3B7722EE4F7A71FDD3DED2DBF5B4202F0839096AE292A82210E26627B49443A577FCDCB97355B76FDF5EE0D5D5206230E9C62AC85099C2450B3EB105A16AD5AA98C3505ECE5B122DD505125CC887B66DDB36F1B0283304B2B9A00386A8B520C2C4B32CFBC2750BE51DE21502191309B1BA2ADE63E4122E23D686168D2BCE0D8B178431161DB15AAAE1670D616CC5D7220BB92982505E9F0FB481410EF76F9F889598D8D8D8E7A43CFB6399765A974A07D0AB02BA5B05AC2F5E4F5EE72730267501EE8588AF3552C135C1D29545C54F3FFD8492BEA6982C0143BCA5B74B4A067AC197D1053D3E8799ED97A5F1CA906736D414D3CE7CFD5F78E1850193274F8E7EF2C927F33D5C8C092FE6906596D63E3DDD1017669CDBFC2082E4E8279F7C525AAEB59FE44D89F3A9CE6B2402DC2B6994A0283363DD3FF0C0031E9D97612E2801718AA587215EE186D1BE7DFB2CB17171BF616582E518A1B8ACABC0C1C285E16357234F3816CF058E850037DD4210150102DB1ACDC3D7220BB92382504ECF873C136952764D0514E4AC3CE30B29D3DB59A609F141512D15EFDB52D0FE2D052EB08816804995CABD99BC3E561CFF707474F46CDE76E2C560DA3E5A432C44544A876DCAD1D7FFADB7DE9A377CF8F04B53A74E5D20AF4179B56EA191852FAD35CC92D5BA0551061F7958B6F26A259406FBE8A449934A4B833EC8DF26296A9224FF106B7C616262E2AAA28CFE614E4C847885D085DB06263F0158AD217A31C94FC49161813243D4615F448C70364C6D62BA7AC0A28C63102904E20C21DBF6EEDD6B88780865C748528C2C6494653C0321BA7C05AB3CCCDD619926C44745F51B6FBCF1D7534F3DB57FFBF6ED571745B486152B562C94C2D9C05B967326C4CB28AD5FF3E5EB3F65CA9425D2F8F693D705798D1880D9ECD60521106501935F30F9D55C790DAF98CD0E5FFBDC1071953079F2E4303F6C7C11BD6889B287F35A5F1CA36098F487A81D10C710D266BC5933DA072205C8BDC95CEA18566B442E80DB1F2639BBB24A236E34ACD888EC03F16C0A7260C69B46D40E84D4C3C42BEC6F85918554A016D4F99EBBC3324D880F8A6ADD7B7DFE0B417AC3C11EB65627CF9831E35AE9394F62D61392150C05CB4B6C417DFDD1083FF6D863FDDF7BEFBDB94F3EF964A99C1A61CCD88605D1DA0023DE295664C32419C43F0510338814013FDA9C168BC0F0F08409132A6212939F34BEF029C5D4FA4F252FB715F7822F9843F1F3CF3F1BEFE146316EDC3823AEAC29504D3F5A73918A6BAEB9C608A767461BF8F2CB2F0D570D0866F8519BD66508DD9A356B1A93924C810C170FF85E9B6E18F0A5860559B72546E82D67AB1FFA5B64A1C296679669427C54547FFAE9A7F31F7EF8E197BFFDF6DB56AE667ABA0329A0B0523795C21FC3AC272413B7CD6C7FFFFDF7170F1830A0E7BBEFBEFBF5B061C3425C35C21F7EF86196F8A4180A46FC5A0824C44A852833AD86584802FB23BC92B34E371ADFF1E3C7C3C23E283A3A7A891FDCAF5BBC61E5445740284F9B362D4FFB995823FAE4062CD28E9105F2821F4516726BA40A9669427C87CCA99DA74F9FBE6BF1E2C517AC9359DCC9CE9D3BBFDCB265CBED52D93CE8AD8D1121C50166B6C3D7DF5D6E03F3E6CD5B75F9F2E55E53A74E4DC550B923F08BC530BA75495AC40236272BC30F169122CC617E34D4B05822A49A23F0B744E38BE1617F697CE57EC5B20ECB3FFE1259C8DDE599659A101F14D5F0719682F6E0C48913CFBB7B8182C3870FFF3876ECD8B622A8474921DDC36C8B3AE901000020004944415427C4B348395B7EF1E2C53E53A64C49C5420526088386053E1C1702725C5EF7E1871FCE123D0043C73367CECC1C4206B066610293BC1DC8E1614258A609F177B204379C3D7BF69C41830685BEF4D24BEF3EFDF4D3E5E077575860A186A04E4F4F9F26859491370829C24678C08001774A47F9ABE1C3878761D818D119647BAEC762E838A7FDCC8800687CF13BCC6D4258A609F177B245F69E3367CE67A74F9F7EF0B5D75E4B59BA74E93984E82920C95240A3DE7AEBAD0ED23B7E5504F558663721450B868D2F5EBC7827AC5B5BB66C71CB824B687C274F9E1CA28787D9F812C2324D087126AA8108E098B4B4B4365278373CF6D863477FF9E5970BF93867EACA952B63860C19F2E7A64D9B9A040404DC12131313C5AC26A4D81BE18B856D84CDE161E96CDFCBE1614258A609215770B9B6A58E23FDCFF0F0F07E13264C78342424A455B366CD8E77EEDCB95CA3468D42AA54A9520B41FC2F5CB870343939F9F4AFBFFEFAC7BA75EB82FEF8E38FA65238B1A4D6FB898989B339A18710EF6884232222FA4A23BC70E4C891A16DDBB6CD77EC4CEBF0B034BE9EB266219E1A2678B1DE2084659A909221AA2DE21A01EB170C1A34A8EEF6EDDBFB6DDBB6EDEFF2B99D2E2461922A4A4254792CD9F43F498F96D4855D0203036D19191901E60C6AE25DC8BDC1BAC7759813CEC1B02E1A61E9242F18316244A91B6EB821CFE118AC13982CC3C3588ED971A9378C6A0D2AC4651E9174B7B2C7802E288858F0A6A44D1EC846AC063B52D28D926AEADF4080E80F249DC8E5D8817C0A09CB74D19769B6DD6CBBBD46549BCC9933E790BC4CD1C92F090B0B3B76E6CC999A58DC80781FA74E9DDA252FC799133937C203060CE83D79F2E425D208ABBC34C266CC5ABDAA9AD59AD559D21649EB2DDBBCC11A3547D2210F9C17EB787FA51BF737947D95BC7F48429805181266E572FC7FF9041296E9A22FD36CBBD9761715ECB6E58352A54AADC38A61C43B494C4C4C919758E644CEE898B7BD274D9A7469F3E6CDE772DA17CB144F9830A1BCBC1DEAC2DF128DEF124B5A6611A08E93931F91D4DBD2A11FAE1BCB19929CAD3E820E7C98E57384A4FE96CFAD257D025D2109ABB4B6D4DB119C17D70CEB98E32A25584564A8E51A9E57F6E5A3711D37E6927533256159C17724C1B27242FFCF3D2DFFF7202DAEE7E96B6AA2B70FD1D74408CB74119769B6DD6CBB29AABD90D4D4D471090909976D361B33C3FB883B79F224862D17322BF2D608CB73DC7FF2E4C9015BB76E4D71B60FFC2DC78C191386658A735804E2062D2ACD74ABDEBE5637C26FEACF77E806D71C02C6F9BAEAC6F31B6577A9504E1A6CEB685A577D4ED040D9DDCD62B5883D2AA98FFE0E96E3FA5AF84E72A8E760613E65668324AC79FDB145403473F17F9AEE1ED35D195BF46B55495F4A8AD2DBD6EADFDF2BE9129F3CC2325DF4659A6D37DBEEE214D56574220EDC74D34D1BA550EE3872E40833C3CBD8B56BD74AB93747BA77EFBE9EB99137306C9C9696D66BE2C489019B366DCAD2085B2302E4B2AA5A37490F58926931C22A1377EB6DFF96345537C2709968AF1BD301CA6E059B2BE9967C5E3E2A615CF352DD80C37AFCBAC33E18C63EA8AE58D25A6B61FCA57E7FADA4FF48C2B272F3F5B5F475F17B38EE8CFEBF4C065A5263BDED3D498B25C12CF68BA4CA92FE266983A48B7CEA08CB74D19769B6DD6CBB8B8A608706023DC03DFA21457A4ED2A7961EE080C274A40B79BC57203DDEC17171715BCA972F5FA642850A2C115E407272F252E9E9DE999191D19DB991CF42396FDEAA010306DC3D65CA9445C3860D3BD5A14387CA0EFE96B985D87A475B839C9120E941DD48DE27E94FBD1D0274B5B24F765696063B3FA0D185F50ACBC1FD28E90749E375036FE563BDDF227D0D1FEBED4D95DDF275D861FF392E7E0F566647F78D9EFAB58BA4D724ED53F6098BB0AEFDAC85350C17D575BD4A485196E925EDDAB54B1D3C7870D8A14387FCBE4CB3ED66DB5D94A21AB32E3F97748DE581C4B68E967D9DF9479916EDF379F8ADBB4A4286F5E8D163CFAA55AB7AEDDEBD7B418B162D2AB270167FA1DCB97367AB80808007E5DEEC628E14AA115E5CA74E9D94C3870F97954A2EC24D316BEF55761F4D347E3374437B51377E79A1AC93461560F214AC6470B7C0F0F13049B575836F057ED01374A38F6B69A5B7236211D67ABE318FD7B15A0B640C85AFD0DB4C0BDE228BC88695AF91455C64B17C330A81775352A210A04C0F1C3870D1C68D1B871C397204653AAF82BAC49669B6DD6CBB8B02B366AFA50B863524D4614B6301EB4BA8DE86544EBF7EA77BACA8885A5A8E85E3D270DDAB9DE7E2789FA55BB76EABD2D2D2FA6DDFBE3D253E3EFE24FDB48A85B85DBB767DB263C70E74FC86C93DE1A205856C8451960F1D3A849666A99B1ADFE1BAACDFA845E624BD1DBFD5505DF1D504CEC2CDA1FEB84DBF87BFE57596EF30D4FB375D67A19EC270736527E738AF1B61ECB3CE623480308665CB3A490ABE98D7BAF85F70FD63B4F1A1A3431D6A861408D3C2C0F49DEEA8B24ECA3A2C0D48CA993367F8C079293A0AC1B692F0BFC8B3869113A5CBF4409669B6DD6CBB3D8F69A9DEA22D317F28FB24812DFA01FD557FFF1FDD2BB5F6E01B591A0F4C3EC0A4847F5BBE3F63D93FC3C9F13E0D0AE777DF7DD7312E2EEE5DA9B4AEAB5EBDFAA16AD5AA5D55B162C55ABE6085DAB76F1F8494EADFBFBFBAFAEAAB7DC68A84460F338531B1412AC4461836A285DA3D487EFE697DCD238B1D3EA3DC57D096A6E72D9DED7B24ED5076DF624C64EAA7ECAE6567B4356A936E44AD8C56F64800B04A61D2D229CB77E575A71E6198E06651559FD319F89D47953D7287B561BE538BE449FA1C95F575BA0213B4105961893612E098EABACEC4703544CC0865F70B456CDFEF55D67064EF6CDEBC7956BD7AF514437B79273A0AC16F25ECDF7A279F4B8F97E832EDD8764BE7E3A2B4DFB51B376E1CE82B23480909096AFDFAF5AA53A74EEAAAABAE62DBED4D9D5987CF37EA9E235E6F97F4967EF84D4B8DD5EA3244F7083153B8B42E0C1166FBECE4DC8EC7971856AC58D1560A268679BB28FBC2385EFF7F2E5AB4085619852130086B1F214D5B912062167252A27B090F0F478387C51FC6C4C4C48C2EA29F2DA3B25A771D41CCDD86CA1E3DC3D5F166835A986BC8EF39704C452D0C1C7D47616D8B5759FD4B0D56AE5CD9293434746D870E1D82A5CEE043E75DC4AD5DBBF6BC34F8F79784BAA598CAB34F95695F6CBBC1D6AD5B31F1545D77DD75EAFAEBAF67DBED45382EFEF2B3BAB23A1866D7BE6B11D5593A7BCA6E9986F03EACF7F5DBD5C26EBDF5D66DCA87860C232323C352535361495329292958D8A7745454542ADB54520CE4D6705ECAA1F12D6CC35B98739CCFE13897D78BC664CD9A35DB8F1C3972439D3A5CFCD39BD051081AB1B3EE3F65DAD7DA6E9356AD5A1D6ED1A2456D11D6139E7DF6D9517CE4BC0773AC03E17086AAAC21F69A2B7B48286B4FA3BA7E5F53170AD397A9451E7B2AD599E5C58F08EA4ED6CF172F5EECC25C21A4C8CA1FA2109C478796780796280423981BC4CB29237CADDF57637678A7A8869F20FCA6312317BE57FB957DC2C1A3967D272AFB8C5F58B21104BEB57EBF4B8BF2DCB01E5F8E595FAC0CB57EC07027B38490A201510844BC210AC1690A6BEF10D48C20447C88F38D1A35FA89D9E09D98EE1F9890D8518B6CF8225D52D9FDA1E09B65AEA484EFB0F218261260A281A34FA1336741C7E349F1D1CDE1F32DFDFBF72F377FFEFCB3CC1A428AA00076EBB64A401482850D1A3448AB57AF5E15FA5817398842B012166A086A2F8E42003F5FBAE7912B022B202019914B2455626E78178E535D218ECFE6207A1DC5F60995BF00EF9728A88B978888088433AAEBB0B96A5050D06DCC1D428A5658A7A7A7230AC1E69F7FFEF9F81F7FFCF1CBA953A71233323298391E0251084E9C38F1F5EEDDBBA331295104B51185C08B053544D33427DB518763C5C05ABCABFE8788E9642DAE29AABD8C606681DF352A3D5C58C47A495AC01C2279000D7992CA1A2ECE2A029299457903AE2078411482848484BE92BAE83C0C63EE7804CC0E45C83684CD7BCFCB2725C2D00177CCBF74994BB47CF7B0B2876F4CE42D2584A29A14035DBA74C1FDFEB78BAF7B232A08A380903C00D1FCB8A4294EBE435CD9E9CCA2FCE1AB51088847C184722CAA7248D9A36DB5D4227AB7A48F943D041C5CF9A29855FE85CD664BD2C6314E54F432B856AE1F71D55557759282E86AD58972172F5EA40B08C90BE878610194D14E3AE67F327B08710B284BB3947DD402D11EDE5176A3C8662DB421B8EB329BFC0F69C7CDF94F0CFA40514D8AB1777B7F2EDFF7622E913C12A7EC81FCA359B113E2761008006E40235C94AFB7F5F71C6D2684A29A143570FD10D1DC3D1751DD27323292131F485E81A846A8CCAF947D453242887B806B07AC911815DAAC85B529AEFFA9ECCB7F1F6236F927616161A62F3D27AA7A19ECE5FA09356AD4E812101090E3126E700DB970E1426779BB8C39469C305CD719610E750762FB7EABEC93AA3668B14D082938B3957D7EC28BCAEE436D650D05B57F83B94FE1E1E14A7142334535291E020303F3E4DA21C27A28453571C1365D67388BFAF19D6EE85F643611E21660A5C612D498EB82498A5817A28BA4869206EAB2B894D9E4B7A01E0EC628746C6C6C1AB383A29A142DE179D9092E222CA4259F8103073E271DA8B75D7CFD6A7878F8ABD60D313131986A1EEB627FEBE8C6FBCC5D42DC82199A12111EE2943D8C2504F51EFDF9907E4FFC13B880D4AD53A74E2DC5910B8A6A52740C1830A09BCA63E81DB880D4AC5913C38E31CCB9924B6060E036ACC8E50618318610CFB04EBFC2977AB6C37798FB3255D21C6577BB22FE8761F84A4F4FA78EF3A6B6955950F211A1DC2E9FFB3763AE956CA2A3A3D1109FCCE3EEAEAC200F48BADD49A3DE90394C88DB8872B20D566C84D78B65F6F827E6AA8A8181810C2EE045B087E307CC9D3B77ACBC8CB56E0B0F0F1F2D2F18E21F131313339AB9E49795F222E9403D9087FD9C59C2103F17A31FFD9D7CD75B395F188610927F5C2DC895A69CCF6F207E80D4DD86A8CEC8C8A0A8A6A826847881A89E9B8BA8CE901428FBCC71F2DD1017C760D9E758E62E2185E239492D1C4433468CD22D9F21AA1628FAD31242514D08295ECA9429B32E3535F5A8BCADE96217B88725252626AECBC769B9CC3D2185079DD3DCE6B50C96344CD9238410FF2349BF72A9728A6A424871A3639D22BE74A4AB7D6C36DB124B24184C60CDCBEA89DB742284149C384993957D55C576161195AC13A23FFC97D9E4B770A9728A6A42889731C399A816316D0B10020303175A36273BA9C0CD06DE04E19D68AD26C43DACD1AF884B7D4EBF6F20E951494B1CCA1E2184A29A10525CC0B5A366CD9AA7114AD1BA1D825A5E0E252424ACB26C36DF4358A769F11CAC3F57D39FE398AB84B80D53346355C528FDBE8B2E6BECBCFA31524527222CAA242E55EE4530A41E217E0C5C3BA4729EE5EC3B44FD70B1081056778B96345AD24BCA6EE94E63279D108F9164794F1F5A82FAF9A216D75CAADC8B602348082BE7EFA4627EDCF2D9A62DD5FF7371082651BDABAE44F98874F89E953C21EEA1AE7EED28A9AF7EDF4497BD24668F5F631A3C82981514D584102FE1E8D1A3CB6BD6AC795874741D7CD6823A2923236359014F89E1482E9F4C48E18170867BD5CB966DE514E353FB3D74FFA0A82684782170F1080F0F5FA9B25A9C97CF9F3FFFAC93DD2BE97AE3594943F536C4C98D55F69514E398A384149A5A96F2D8CF22B01DCBE49F8A71AAFD1211D3695A5C53C751541342BC8C2C5140A4A25EE8641F0C45B795040B767F4B035F57D72514D584B8873DBA036B6DAB51CEACFED4617A1F8A6A3F44EAE83458AAA9E328AA09215E465858D8FAD4D42BC104424343639DECF6B6A4AFB578569606BE966EE021A83BA9ECD6344248FE609C77922322A8CDCE545DE686F7C0E81F8410632118A5FDA0030202F6C96767F16F47E90A3CD221B5D442BBA116DA8C9D4B48E1A8C42C20C4F7A0A59A103763B3D9C2F6EFDFFFF8D9B367079F3F7FBEE9B973E7C2323232BCFEBA939292D4C68D1BD50D37DCD0F8BEFBEEB3F9425E4B07C0161A1A7A22242464E3E5CB972774EEDCF97B3E81A404809095FF72D8D6566FC7C22FB1CC22BF6F6752ED73CA196D89A29A90128A88E947366FDE3C313535B54CAD5AB51452F9F2E55560A06F0C0ADD7DF7DD2EBF4B4B4B33525858F63A5C3A10AA5CB9A25F2D573A2B01F2DBD55252527A26262676FBE1871F7EBB70E1C2E01E3D7AECE2D3487C98A50E9F51B85ED4423B8ED94310FD43BF65F40F2F82EE1F84B889F8F8F825070E1C9856B56AD532EDDBB757F5EBD757152B56F419419D1B2258D5830F3E680868477EFAE9A7E2A9C0246F2B54A8A0EAD6ADABDAB56B1752AF5EBD36B05AAF5EBDBA179F48E2C3380AE70794DD424D414D8817434B35216E12D4927AB568D1C210792591AE5DBBAAB265CBAA152B56A84A952AA9B8B838151C1C6C58AF1B366C68EC2362D6D8AFB8A85DBB363A32A577ECD8316BD5AA55F774EBD66D199F4EE283589720C73C8528C5B90AC442585858A29E5C4E4BB517414B352185042E1FFBF6EDEBD5B46953A782FAE2D9A3EAD0B6596AEFF7AFA9DF578F56F15B3F57A929877DEEFF3C70E08021A861B1FEFDF7DF0D610D515DAD5A35C31FDBE8A507177F3F1DC2BF75EBD6E5B1FCFA77DF7DD7924F28F1413021F81365F7A3C66AA7BD953D5E751787C425CBFD143DB9DCD0D7CC0D8A6A424A049894288272225C3D5C09EA835B3F5367937E5719E997942D234D9D3FF9978ADFF2A9CF09EB79F3E6A9112346A8E79F7F5E5D7DF5D598D068B85D405C272727AB471F7D542526267AC5B54258376CD830232828E83D3EA5C40741B834C48A9F2C69A0B28F2AC3AFBAA125217C651366955F6308EBC8C8480A6B8A6A427C1F44F9C0A444B81D38E3E481B52AEDD2B96CDB21B093F6C7FA56EDADE3581F3A74C8B0585B69D6AC999A366D9AE16F3D7AF468658D795D5C88E0AF121C1C7CCDCA952B3BF149253EC87249B7481A230973041628BB1B8899C64A5ACF6CF26B1275DD4C17108A6A427C1F84CD43840F1DDA281B1772B046C38AED6B1C3E7C587DF5D5572A222222CB7658AA77EFDE6DB882F4EFDFDF698490E2A0468D1A6874FAF249253E4C8CA41192A62AC6AF2684A29A90920AE25023C2872B6CE9975D1F6CCBF0B9FF17166858A2219EADC005E49B6FBE317CAD3159D35B90EBACA3ECBEA784F8327F6A610DFF6A061820995532FE040404D0FD83A29A10DF070BBB200EB53F001F6A84CEC384C50D1B36A8E79E7B4E8D1F3F5E7DF2C927C6F7A3468D52A74F9FCE9CB4E80DC8BDB94AD9277B11E24B3474B20DD13FA64BBA83D9433486FB87CD66A3FB8797C01E2F2185002B25969438D4B9D1B3674FC3677AC28409EAA5975E5203060CB0B7F4C9C9EACB2FBF54D75E7BADEAD3A74F362B76B15A0DECF786F51CF135627210519B993D847827B45413E2414A95AEECBA471BEA7B166E44FEB8F3CE3BB384CE83EB072CD4F0B786359B105268729AE97B88D94380B9AA222DD5DE032D388478902AF5FF4F5D3A772C5B0490A052A55595069D7DEEFF993A75AAD3ED08A7E70D31AA0921C45F10314D9F6A2F83966A423C48B9EACD55D96A4D9D6E2F5FA34589F93F29A80921A4C8E1023014D584F817E9972F64DB9676F10C33861042486130E3B2D2FD83A29A9092CDA573C78D9513CF1EFF2DDB77E74EFCA1E2377F62EC43082184108A6A4288134E1FD92A827ABA3A7F6ABFCB7DCE271F50711BA7A953F13F299B0FC6AC268410527C587CAA43991BDE011D21097123B03C1FDDFB8D6189CE0B58AE1CFB9F39FE9BAAF1B79E2ACC08AB4C082184E40CA37F781FB45413E2466079CEABA0B6028BF6814D1F3103092184108A6A42082CCF05C59691C60C24841092274C4BB5E24445AF81EE1F84B89166DDDE6026104208F138A64FB562483DAF81966A420871C2800103BA858787BFC49C20845054138A6A424A20972E5D527FFDF597F13E2323C3488EA4A4A464DB367DFA7475E4C891CCCF13264C50C78E1DCBF5F7D6AF5FAF962C59E2F2FBC4C44475F6ECD96CDB9F7DF6599FCAD72E5DBA046B213D55D2F1C0C0C095B2F9753E7184106F84EE1FDE07DD3F08F131424242D4679F7DA6FAF4E9A3DAB66DAB4400AA071E78407DF3CD37AA63C78EAA6AD5AA6AF2E4C9EABBEFBE33F6FFE1871F54C3860DD5860D1BD4CD37DFAC66CC98A13A75EAA476EFDEADCA94296308E2A54B97AA41830639FDBDE4E46475F9F26597D753AD5A35D5BB776FB56CD932B56EDDBA4C81BD65CB16B57CF972959696A67EFCF147F5F6DB6F7BA590BEEAAAAB3AD96CB6FBE563374975F984114208A1A826C44F183E7CB86175C6F2E075EAD451B7DD769BFAEAABAF8CD7C0C04055B7EE156D58B3664DB563C70E75FCF871F5FBEFBF1BA217D6EE5AB56AA96DDBB6A9D75F7F5DBDFCF2CBEAC4891386200743870E55111111C6FBCD9B37AB0B172EA8F2E5CB1B9F21D867CD9AA56AD4A861AF44E41A20AA41BB76ED5458987D2472CE9C39C6F54068E337BC09F9DF6ECBC8C8E8216F23455057E2134508F135D2D3D353838282F096EE1F14D584908272F2E449D5A64D9BCCCF70CF387CF8B0618D6ED4A851967DF7EFDF6F08DF060D1AA85B6FBD554D9B364DEDDDBBD7B05A77E8D0C110E09D3B77CE720C5C4A20884DCE9C3993F91962D914D426B0969B2C5CB850952D5B5625242418966A9094946488F8E2223232322C3535B513FA0B92BA8990AE1B1010C0078910E2B3CC9F3F3F51D7BD74FFA0A82684E417F840C3C779EAD4A9EAF3CF3F3704312CD0B04EC3420C0BB429644DE02E72FEFC79151B1B6BA4DAB56BABEEDDBB1BC74064BFFBEEBB4E7FC73C8FA3A51A3ED426F0ED86F5FBD5575F352CE52B57AE54D5AB5737BEB38AFE77DE7947BDF4D24B9996F0A2029D07887C11D4170A7A0E69B446F3C9233EC8ABCC024228AA09212E8085F8AEBBEE327CA04D170F8858F848633B04365C31EEBFFFFECC63BA76EDAADE78E30DD5BC7973C362FDDB6FBFA9FEFDFBAB8F3FFED810D5515151EAF9E79FCF627DC6FB9C2CD526575F7DB591A2A3A30D4BF4902143D4871F7E68F87043B803B89EBCF2CA2BAA72E5CA459E5F8B172F367CC2294E0821251458396A499D5E0B966B6607453521A430855884327CA23171F1BFFFFDAF61C13681C579EBD6ADEAA9A79E52B367CF5637DD749361B98615FA9E7BEE31F6411490175F7CD1F07B76878B065C50EEBBEFBECCCF73E7CE2D16410DD0799832658A3A7DFAB4E357364979F5FF18C3A78CF83051CC82128D11562F2828887ED514D58490C200D78CEBAFBFDE980C084B322CD8A6FB05302DCE2B56AC508D1B373622816CDCB811EE1086B80610DAF0A9363F03AB3FB4A3FB87AB307CF0C3DEB973A761D5C66F989C3A75AAD8F207FF73BF7EFD605D2F2DFF43B78080004C4EC4ACCABA7915D8313131A3F9A41142BC59544BDD46514D514D08290810B0B02E4350B76CD9D210D5F1F1F12EF7879BC7B061C3D49B6FBE69F85DAF5DBBD67845F48F5EBD7A6511D460E6CC9986EFB589D5FD03E772E4DCB973EAADB7DE52CF3DF79C1142CF1AB71A9F8B9BA8A828343CCB90BA74E932A256AD5ABD6D365B0F69886E7310D808FACDF8FD84105F012E1FCDA43EC330E31E6607453521249F2036F4A38F3EAABEF8E20BD5B76F5F4360C3C7FAFDF7DF77790C846EB972E58CF7886F0D916C0A65589FAD3ED55641ED0826383A82C98A70B3802B0A26235AFDB1E7CF9FEF5579171B1B0B95BF40274C44EC222F7D25E1A29BF0E922841042514D889F307EFC782354DEEDB7DF6E7C36272DC27F1A9141209A4DB0280C843042EAC1A503AE1D58CCC574EFC0E4C63D7BF618566C67B85AB5D1CAA64D9B8C8564AC40A823B208CEEFCDC4C4C4C4426BE3FDC081031176EF7E27166C4208F146E8FE41514D08292C8EF1A801165FC18A89567AF6EC69BC5AADC7F9A15BB76ED9DC431CB10AEA8F3EFAC87885E5DB9550F756E6CE9DBB5E5ED6F3E92284F80846C40FEDFE418A19FA0E1242722437419DADA71ECCBE3A2184108A6A4208218410E203040404D0524D514D08218410420A8388E98B5A5CD3A79AA29A10420821841450549B131543991B14D58410420821A400D0FD83A29A1042082184108A6A420821841052BC58DC3FE8534D514D08218410420A02DD3F28AA092184104208A1A8268410420821C58B69A91668A9A6A826841042082105C1F4A916E8534D514D08218410420A427A7A3A453545352125A4000506DA32323298115E8ADC9B03F292C69C20849444E6CF9F4FF70F8A6A424A06616161C7CE9C39C38CF0524E9D3AB54B5EB63127082184505413E2C5942A556ADDE9D3A799115E4A6262628ABCC4322708212518C305243232922E2014D584F8704D969A3A2E2121E1B2CD666366781F71274F9E6C23AF0B99158490124CA26E8FE80242514D88EF72D34D376D1441BDE3C89123CC0C2F63D7AE5D2BE5DE1CE9DEBDFB7AE6062184108A6A42BC9CD4D4D4C1717171E753525298195E427272F2D293274FDE9991913182B9410829E17055458A6A424A063D7AF4D823E2ADD7EEDDBB4F53587B87A0DEB97367AB80808007E5DEEC628E10424A38864FB5D479F4A9A6A826C4F7E9D6ADDBAAB4B4B47EDBB76F4F898F8F3F491FEB62216ED7AE5D9FECD8B1A3A3BC1F26F76419B3841042514D28AA09F141619D9E9EDE312E2E6EF3CF3FFF7CFC8F3FFEF8E5D4A95389BE12C73A2929492D5EBCD878F5151087FAC489135FEFDEBD3B7AEDDAB5E74F9E3CD948B675A7A02684F81174FFF01282990584B80FB882E065C58A156D131212FA4AEA229F2B291F58ED6AEBD6ADEA975F7E51070E1C50D75F7FBDAF64791D49C725FD26E93D4E4A24841042514D4809E2D65B6FC582233EB5E8487878F86879795584F598679F7D7634EF222184F8045CAADC4BA0FB072184104288EF7254BFD2FD83A29A1042082184108A6A4208218410523C24EAD79ACC0A8A6A42082184105230E8534D514D08218410420A83CD66639C6A8A6A42082184105218444C334EB597C0907A84F82103070E7C4E2AE2B75D7CFD6A7878F8ABD60D31313101CC35420821C435B45413E28F053F30701B738110427C1FD3FD43D1A7BAD8A1A59A103F243A3A7A797878F809795B350FBB1F628E1142887762BA7F284B9C6AA9DF6DFAED98989898D1CC258A6A428807B1D96C8BA5327E200FFB2D676E114248F1131111315CEAE4C92EBE6E6811D326BB986B4507DD3F08F15F513D37975D2EE18F08EF39CC2D4208F102D11618B8201FBBA7878585AD62AE515413423C4C993265D689603E96C32E219292121313D731B70821A4F89933670EDCF1F22AACB74745452533D728AA09211E462ADB549BCD3DE90B3300001BFC49444154F64D4EFBC8F74B626363D3985B8410E21D040404BC6B56D1B9ECFA15738BA29A105274CC7021A6D38D0A22307021B3881042BC87E8E8E87552472382536EA14E63995B14D584902202AE1D52399F76DC1E101010242F87121212E88F4708215E86C55AED8AF3616161EB995314D584902202AE1D5239CF72D86C0C2922EA075D3F0821C4FB10C11C232F493988EE9FE0E2C79CA2A826841421229EBF73D894A15FFFC7DC218410EF430BE60FF351AF138A6A4288A7397AF4E872A980132D9BE0FA91949191B18CB9430821DE495050D047F2E2743431303090AE7B14D58490A246BB80382EF0B27CFEFCF967993B8410E29DE8F07A4B9C7C9578E4C8112EFA42514D082926B244011191CDA81F8410E2E5389BB028DB62391F86A29A10524C38CE120F0D0D8D65AE1042887783F07AF2B2C3BA8DFED414D584906204935E020303138C4A2130F0B80FADC2155644C7104288B732D9FA21282888FED414D58490E2E295575E892855AA54CDAA55AB2A79ADFAC20B2F4416E1CF77D3C9CAD392DAE6E1D8A992BAE4F07D4349751DB6453AFC5E3907C17D873EEF73FAFD1DFA3790C2253DC2278610E23596057B783D838080800CED6B4D8A81606601F16342B450BA59D27B928E3AE974DEA59C4F0409D3826D8F8B73DF28E92A498B5C7C8FEFCE48729C0C38410BCA2263D4A8517DE3E3E3673DF9E49381D75F7FBDDABE7D7BE0D4A953A78F1831E2D2E4C993BF28824B40FE4F74D806A1EB682DAFEB208611A3B5964EA6B0AE24E99FF8B72421E4549CB22FD53B445267659F29DF40A7BAFA58FCCE87FAD876923A4A824F79AC16E071EACACA645D1C44382184140B83060DAA9B9696D63B35351575E825B469369B2D303C3CFC82BC4FC4AA8B22B27F0C0A0A8AA1D0A6A826C4DD40E896977459D2ED92CE49FA59D21449A79D086E70AB2444C6E82B698EA4C7B5C882F0FA2507515D5952A91CAEE5B82484ACBB4DD23FF47581F6927AEAB20911F88C27330416EA83070FCE7EE289270C410DDAB469A3860D1B163469D2A49922AC95878575354917B5B06D26A989FEDFDB48EAA7B743FCBE21098D428C16CB2610C1EBF53D31EB34C74ED044DD018AD5DF0F92F4B23E8F3594207E6B95BA62D976553F72021021A4D8888888E82D2F8F656464DC24A239C4C92E86D147BE43BDD73B3D3D7DBC08ED58F9FC697474F46CE6A0E7086216F8272D5BB6ECA2EC56B735BB76ED8AF5837FF91F5AE80668B15B4F127AF3B04ED751764B2684F23ABDFF2D92064BC2848FA1CA6EB5DEA7EC96CB7192BE97F49BC36FCCD142ED1A2D8EEB69718ECF1FEA739DD3FB6281953292B6483AA6CFF587A41E92C64AAAA1EC1139323C952163C68C191A1F1F3FE3F1C71FCF14D426356BD6548D1A350A8C8D8DEDFDF7BFFF7DE7A64D9BF678E832EE9114A53B104F487A4777549A4B82985FADC5708645D04ED3F9D852D2BF7487A4B1A4AE92FAEB7C56FAF96EAB3B459DF5795F97F4A2A4235AC4DF6BB9E7D8E76F92BAEB67E4567D3FEBAA2B2313381F461776B01621841425228C1BB66AD52AC666B3BDA8EBBCFC6838D45F774BDBDFAD79F3E66B7FFDF5D793CC51F7434B35F117D66AF10C0BF1252DC44E28BB651295D326FD9D09B6C362BC538BED4979F80D08EF6F2C9FCB5B3E0F51D9DD4BAC16E0FE5A28D6D6BF0BAA4B4AF094A08E8B8BFB6CD8B06181B04C3B03DB9F7AEAA9A0891327CEBDF7DE7BFBCF9C3973A99B2FA389EEB0A01EC2F0E5BF9DEC739B16C371966DCDD415770C58AA17E8EF21A22B59F68BD59D1F58B26111BF435DF19986EB48A27E26AAE9CFA6B87E58D25F9246EBDFC27EA62B0ACED589C5891052940C1C38303C3030F0838C8C8CCAE6B6A0A02018C854C78E1D5593264D54A54A9554F9F2E5D5F9F3E7557272B2923A5E6DDCB8516DDDBA555DBE7CD93CACB31CF74B4444C4A3B45ABB1F5AAAFD143FB454035820E1C6012B64072DA64A6B410B4BE85EBD1F2CCC774A3AA505352CDAD729BBF5189F37488269F749499BF5F7E03F5A9C39B354C3023DC32226FF4F122A3408D55E16D156560B3AA545E646CBF9DD25A80749651B9593A03681C5FAEAABAF0EFAE9A79FEE6EDBB6ED2FDBB76FFFC38D97024BC96265B7387FAAEC16FBB6FAF33E2D9061994ED5F96A1289E7567F0F317E5877689AE97B6A7D9EE7EAE7FC4F4955246D57769F68589A6FD5F9FFA765FF6A5A4C7F2BE959DDD1B956D26392AEB618220E290F8E221042884550DF21827A9ECD662B638AE9DB6FBF5D3DF6D863AA478F1E185554152B5644285463FF52A54A19E2BA5EBD7AAA53A74EEA965B6EC10446F5D75F7F21DC9ED2EDD2DDAD5AB53A2CEDFF56E6B0FB60F40FE24F64685114A285B5F91EAF569FEA83CAEECA01A1D750D95D373E5676AB3344D6012DCA9F52766BB7C931BD0F122CDFBF583E5B7D7721E2E04F0D978F042DB61BEAEF56E857A8DD571DCE5F68860F1FDE7BFFFEFD86CB476E82DA442A5EF5F4D34F876464642C8E8888B8CDDDFD3B2D50E162D14E0BDE308BC0EDAC5FAD9CD5F905710D179D6EFA18744CB639EC0B418E898BEBF53EA9FAD854FD5B490EFBF7D6F73D4EBFA2E31325E9477DEE58DD91A25F3521A42804352CD44B440C1B46D0DAB56BABB7DF7E1B931455F5EAD5F3740E58B0B13F8E83D03691737E2275FA60E63245352105658B16B910BC1BF47B582F431DF68315B3A7166010926394DD4DC4536012E52A4B8275F4943B7F0016EAE4E4E4054F3CF14490A30F755E84F5A851A34A0507072F86D5C48D97F5A2BA12450562B58916CD10AF0BB4E0768C0232448BDE1692A6EBFD06E97CB34E52C4B9A65904704395D52A9DD9E6E8D7302DB4CD59F2385F5B2DDA9BEAF7983C19CE624408F134F0A10E0A0AFAC014D44D9B3655A3478FCE228CF3038EC3F1A8CF2DC27A9A08EB66CC6D8A6A42F20BACBE35B458863B4747FDBEB2454899ACD6C2364EA7FF2ABB253A2E87F39BFED048EDF56F989F6BE4500621D6CAEBEB31536577FEE32FBFFCF2E0B8B8B8990511D456613D72E4C8B0909090F96E14D6FFD2795B4E0B56670BB35473B20D8B1D8C50F6C821F87EA116D0D698D47FEA4ED46EFDB9AA93FB0C4C1F6958CAA31CBEDBA6C5F5EFFAFD022DE40921C4B3022D3070BAE9430D0BB5D4BF865B47612853A60C462CADC2BC1C2CD6CC6D8A6A42F2035C3C6A69B1BC5B8BAB7DFA3D5C2E8638EC1FA10519801515AE007D54D689888EDCA35CBB7F7477B23FFCA711DA6D97BEBEF296E4B649C410D4870E1D9A011FEA820A6A13B88C8C1A35CA5DC21A02F873756542205C62527527A38B4E4D1D8E69A8EC610D1F7410C810BCEFEB7C9F6A11E2B066C3D2DD4D0B6F47F05B3DF4EB3A75C52A1EA6AFC97A1DE6754D5557DC750821C4ED206C9E086AB8AE193ED410C28515D45661FDC4134F18E7D574A61B08453521F9012E00F395DD7A099FE8E33A1DD0A2196E087FD7FB86E8F4A3A58C60A25A7D65771901CE9CD90EE7F0FBCE26B541B445E96B3B6111E04847DDF14FC3E5C314D479F5A1CE0DED0A1256AA54A97985F4B186289EA845B529A891622D09F7C0F447875086451B31AB4D5FE864CB7B086B84E27BD3B2ED537DCFE3D495098CB1FAFB287DBCE36445D3E52459BFC7B11F29BB6B097CB39F50398F581042FC9CF0F0F097208CBB74E9525003C963E69B7FFDEB5F0576F97005CE77C71D57EC22369BED61DEB5C2C3907AC41FA8AA05B3757259392D9CCDF075B01A239204260E9ED1620C7ECE0D953D041F5C04C65B8E6F99870E6B6E9D56583ECF3B6CABA9EC6E0DD50BFB4F9B9312B1B08B29A81166E9D1471FCDB6EF7BEFBD9765D20B4232DD7FFFFDD9F67BFFFDF755952A550C61FDCC33CF941E376EDC426938FA4647472F2FE065EE72F81CE3F07999E57D92CA3EB1708AC3E7E45CCEAF2CE2FAAC0B71BC8A45861052485E47A48D9A356B9E1681FD554040C09CB4B4B475F3E7CF3F9BDB815829312323036B2518D664886A4F70DB6DB7A96FBEF9C60CB7D7193EDC3131313418140286D4F353FC2CA41E42D2C127F60F4B826BC60ECBE75F95DD427CCA227461A59CA3C531C459BAE59CF31C3E3B828A697B2ED775D9413CC29A7D4E8BBA3985F98761A14E4C4C8C76F4A10E0B0B53356AD450BFFEFA6B66DCD2C0C040239EE9CD37DF9C453C1F3B764C49C56E7CAE5CB9B2EAD7AF9FB25ABB75B8BD523FFFFC739F6BAFBD76C7EEDDBBF7B264114288D1C68EC6AB8869B892B5963458EADA47647BF356AD5A5D6CD7AEDDA16DDBB6398D2224F52916A5C2AABFEABAEBAE53DDBA75F3C835A23D3870E0803A7C3873901521F67EE2DD2B3874FF2024779CB96E5CCAE5984BF9FC0DB78568D30BBBB89C9478D34D37A9ABAEBAEACA3F27C279FFFEFD6AF3E6CDC6E7DF7FFF5DEDDCB9335374070707AB0A152A18560D4720B29F79E619440589717354104208296920567EA4CD66FB36353535293C3CFC73672E2222C4332D1C1D3A74F0E805399CFF66DE228A6A42485641FD596E93121F7FFC7163B28AC9850B17D4F4E9D3D5993367D4D4A9530DF70F13ECF7D0430F5927B564A175EBD621A6B0F6401C6B4208298994D5027B71AD5AB58E49DD198DFA3332321296EDB6E64E8D1B37F6E845346CD8D0FAB12D6F4BE1A04F35212584575E792522B7A5C74DA412372CCFDF7EFBAD21A80184F49B6FBEA952525232F7C36CF31B6FBC31D78A1DC27AD4A851E9E3C78F8F1E3870E090B973E72EE31D218438A37FFFFEB5A4931E56D0E34588D6D26E151EC1D3E7774265F94DC4BF0F4F4DC55CED2BA3A358B8C593389CBF1A9F4E8A6A42FC1E11B47DE3E3E367592725E6C6DD77DFADD6AC599329AAE1EE21E73097B1B55710C1C16AC08001793A9FFC6EE9912347664C9830E10B11D6F750587BAF28F175D15204A20713863D79FE5A853C7F2D2FBF3E8F8225B77DF9FC7920D06AD8F024D6114B6FBEE714D584902201166A2DA8F3B5B00BDC3910AB74FCF8F1EADCB973A658C962C1B8EFBEFB1C2BDD1CB9EEBAEBCA3EF3CC3367C78D1B17131E1EFEA56C2AF0E445B9963AD2B879AA8E2A6E5143D1E2DBA287140E84C94C2DC6E3737BBE12A5FE29ECF923F352CD29BB553AC8E1F733E4F70D610D973C4F0A6BABAB9F27F394A29AF80BAF8AF8612EF82822785B8BA0EE050B75411676C1B2B7088FB771E3C6CC481F001141EAD6ADABDAB56B97EF73B669D3A65CC78E1D2FFCFCF3CF11144E5E2B4A7C5AB4E8E32FFAF9FFEFB1EB0B0B0B4B8C8A8AA2C02A04D2AEE624AA51D94234A3920B927B992CF77415C2EE8586862E4F4D4DDD29DB9B60478441F5A4A8C6F92D24F1CE51541337086B66816F022B4393264D5461564A1C3C78B0DAB06143966DB058F7E9D3A7C0E78C8888287DF0E0C19443870E55908FEF1444A048037348AE23CD13F956DCA286A28510BF0311A1424CBB85B2C7C9477CFFB9A54B975E25F541B245906F3345F5BE7DFBDCBEF08B158453B5B08DB789A29A148C286681EF53B66CD936225CEFDABE7D7B81574CFCE28B2F0CABB0D5F50396EAA54B97225E6A81CE29D774F4F0E1C3A5E5BCFF2AC4C2308410525208D1427A81A4AFA563BDCC55C75AEAE2355277F6C37B8C225AD710703738BF8535BC4D14D5A400E855934633277C9F175E7861C0E4C993A39F7CF2C97CBB802026F58E1D3BB2B87E80F4F474635100C4AECEAF0BC82FBFFC7274FCF8F1A5E59C83E6CE9D4B414D08F15BE0DA212FB18181813342434363AD166997C22C387889D4C193F176FBF6EDEAE4C993C64AB6EE06AE1F5BB66C8135C5F4B55BC03B5638B8A222213ECEDAB56B77DF72CB2D3B7EF8E187FE8D1A350A44B8BCBC00E1FCDA6BAF65F1A9B3FA315FBC78D110DD726E55AA54A93C9D5344F8D18913279A829AD13F08217E49CB962DD3A53EFD3C2C2CECFE39C2AE5DBBF66CDBB62D4F2E5F3B77EE4C69D5AAD54DF2B63146103172D8BA756BB75FE392254BD46FBFFD6656FAEB62626226F3CE515413E2F7AC5FBF7E4F972E5D76C4C6C6F6AF5FBF7EA075C544572C5CB810156AE6CA8910CE989C083F6DD3728D907A885BDDB66DEE6B02ECDDBB3761ECD8B1A1722CE3541342FC1A11D13F48DAE16A29F2DC10517D465E8C28027FFDF5976ADFBEBDAA58B1A2DBAEEFE0C183EA830F3E10CD6E3344B574005EC4F5F2CE150EAEA848480961CA94294BCA962DDBFFBDF7DEBBBC75EBD61CF74D4C4C54CB972FCF124EA974E9D2EAC5175FCC32D31CE19C44B01B936572022E1F63C68CA92815F47D14D484105238A2A3A397C84B2CDE635451EA77A33E7607A8F7DF7DF7DDF48C8C8C4C2B754242420C73BDF0D0524D480962D3A64D7B9A366DFAF3962D5BC21B346810E4CA623D61C204959494946991462CEA071E78C058391109D140D2D2EC06160C3FEED9B34775EDDAD518867426A8E1432D6F87E886801042482169D9B225260E0E46150D41BD77EF5E75C30D37A8D0D0D042096A11E8B63FFFFCD3ACCCCF060404DCB96CD9B263CC718A6A428803BB77EFDE77EDB5D76E1661DDAF7EFDFAC18EC27ADDBA75EA871F7E307CA64D10966FD0A041C6FBEAD5ABABFDFBF7AB8484044350C34A0237102C1673CD35D7643997D5873A2626E64BE63E2184B8875DBB7625B768D1E2A088DEDEF231F0C4891398586844652A882B085C3EC68E1D9B6E11D470FBB83F3A3A7A35739BA29A10E2BA32FEB379F3E65B366EDCD8AF71E3C6C1E6E4454C4A7CF5D55733FDA84DE0F651AE5CB9CCCF08CF87907A2658CA1CB3D061AD869B0880851A825ADE0E1441FD0D739D1042DCCBEEDDBB77B56CD9F2A0BCBD03C21A16EBD5AB571B7572FDFAF511F33ED773A0DEC7A444F850A7A4A4640A6A9BCDF6BCD4DD1F3097DD07972C23A4043360C0806EA1A1A15F0D1F3E3CAC300BC438020BF5A449930C41CD38D48410E259060E1C88498BD30202022A99DB307A080348870E1D0CB7BD4A952A197362E0E201218D855D60D9969471F1E245ABEF1EE2653F21823A8A394B514D082980B01E366C58A91B6EB8A1D0A35310D493274F0E494F4FBF9793120921A468080F0F6F28A2FA139BCDD6AD10A75927E778303A3A7A0F73D4FDD0FD8390120E7CAC9B356BB661D3A64DFD1B34681058BB76ED0247FD315D3E18368F10428A16F8584B9AD5B265CBDD228CB11A4C7D95F7286EEB24BD9A9898389293123D072DD584F809111111B70505052D1C39726468DBB66DF3DDA12E22970F387663818434DE31420871CDA04183EA666464F4B3D96C7F978F58FA169367C2741D9A24699BB22F3DBE40AFA24C28AA0921EE14D68181810B468C1801579090BC1E67099B6715D4AF4A6AE3B0EB05D4F585B8C41449774B5A55887320ACDF9B923679200B9B491A29E9464935F56FFC2C09937D4EE472EC40493F484AE093480821250FBA7F10E247E8A8201B85010D1A3450B56BD7CEB50E3005B50E9B678DF2F1124E29E96B49DB75C28A5C7B0B7189CF4B9A2B695F21CE91AEAFEBAC9BB3EF6649DF4B42589417244D52766B10C25D5DD4FF7B4EC46A51BD8F4F222184505413427C1CF85843586FD8B0013ED6974558BBB45863E9F1B7DF7EBB82BC1DE2240EF5BD92162BBB65788F4E7B2D02F45195D5E2FC88A4BA7ABF60494F4A7A42522F495885E67707513D450B51D3152442527349BFEACFAD25BD21E91E4918FE3C2C09BE82F769518D6B68E720766FD3FB6ED7D7F0ACA4E1FA1A60413E9443D64110BF2CE93D49A795DD2A8FFF658E2484BCC2902BACF4CFE86B8535FB2F4927917F92FA49AAA67FFFB43EC6D535E0D89E92B658FEF75A16418E5182A35AD4BBFACDBB2475D2FFABB3FF9F10E27FA0BEBF53D75DC4CD70997242FC9079F3E6ADB2D96CFD274F9E1CB075EBD61467FBC0877ACC983161B2DFA01C564ABC418B3F33DDAAB7AFD5A2F64DFDF90E2D1C4D918DF37595142D09D6EF914ECEFD88169D265DF539410349FFD3A27B9616987DF4770F29FB049E03CA6E4DB6D67310E1A7CC6C90544FD2C7FA7A909AB9F83F4D778FE92EBE37CF5955123A1F517ADB5AFDFBE86C5CD26276ADBAE202E2EA1AD0C91863393FC4FC53FA3DF2E445497FE6F29B71922638E4E13845F713427C9514DD79B7A6BBF2798EF2923E61567A8660660121FE097CA3070C18D06BE2C4898B860F1F9ED2BE7DFB0AE67770F9C0A444B87CE412E503A19D5A583EC37ABB428B42F8466FD3E2EF1549DD95DD25A3BD16C85574A300E6E7F3F2DBE80666A93EA7B3C56760E5853518EE198B94DDB25D530B50BCBF565FA309ACB87D2D1D012B38EE8CFEBF4C065ADEC3B71A56E4F774BDDA11D928A9B2A4BF49DAA0EC2E226B2C1D8BDCAEA1BCEE3C94D602B9853E5F5B65F7E3362DF8AE7ED374C5192AE95349FF50F6494C2BF8F413E2B3545339BBB655D0F5D459277AAFBAEEDC138A6A4288BB81C55A84F5DD53A64C59346CD8B0531D3A74A86CF5A1CE43D8BC7794DDBAEA0C58441FD4C2F73E75C5B2DA58D26A8BA0560E62352F4044C3220D37871F95DD3563BC9386E463BDDF227D0D1FEBED4D95DD9A7DD861FF392E7EEF9216B9567AEAD72E925ED3A21A1316FB68D10B178F40DD90391B6ACDED1A302114EE1B4D74A7638F16E09575FE99E4F49BF86EA416D5FFD1029C1052F2B0498AD1F50A46BFA6580C04FF56F6512A74EE1B32AB28AA09219E17D60B3B77EE7C68DDBA7515F228A8F302FCAED76B413B438BE78B5A4CE685B2CAB95506565AB894C0F5012E21C324D5D622DECA4C65778168ACAFA595DE8E75DAE18A71631EAF63B516AB706F312DBD43F5EB228BC886E5BE91A5C3D0378773E6760DF81D58AEAFD5AFB03AC3EDE3BCA4F7F3F89B70AF99A4F3EA4E27F94308F12DF63B7C1EAAAE8CD4BDADEC235475947D8ECA9B5A608FD5F5C871DDE1FE95D9E819E8534D083184B5BC0C5CBB762D26120E7493A0860F75392D1A53B5B803F8AD86EA8AFF3518E8E4F8042D2601DC20AEB37C07D709B8389CD0A216931B2B3B39C7792DACB10F163F386C11ACB0E8F4B7EC5B4F373CCEC0F5C3C7F9736577B3B0D6A115F5FB302DF6CDE1D58E7A9BC961DDA0A93C5E43ACA49BF4FF085F6958E45BE84EC49A3CFE263A311F4A9AADECFEE067F9B413E2D334D3A2D94CD635037658EA9AB2FAFDFF69A3C0714B9D403C042DD5841003F858474646568E8A8A4ACEC7618B1D3EC3EFB882167E88E4D1526FBF4757F8187E84F51491303ED5FBC3C2BC490B632BA3957D420D2CCD47D595C98000AE18DFE986022E0F55F5399D81DF412492A71DC4F69D5A244FD2E7A8ACAFD315B0FA9C53767797507D4C752D7E2178E1FE3142D97DBDE15BFEBDCABA88CD3BFA5AF07B2FE8DFCEE91A60992EA3B2FA9B2F54767710B3615C96CB6F82CF94DDA7FD433EE584F83C1755FEFCA2831517D3228410BF00A231A74568F0DDDF7239BE8C1BAEA14C018EB94A391FEDC3F586B9382ED0C57785FD3F72FACDFB55566B1621C43741E7B99C8BEF6C2E3EC3B071C072DC2DEA8AD59AB8195AAA0921C5C9F95CBE8745666F218E77C735B83AC6D571395D2F2CCCA91EF83F72FA4DC4027F818F1A2125822487CF03943DA2912B10B3FF2B658F5F0F97BADDCC4242082124FFC0FA3D84D94088DF03B7BC106603218410420821841042082184104208218410420821841042082184104208218410420821841042082184104208218410420821841042082184104208218410420821841042082184104208218410420821841042082184104208218410420821841042082184104208218410420821841042082184104208218410420821841042082184104208218410420821841042082184104208218410420821841042082184104208218410420821841042082184104208218410420821841042082184104208218410420821841042082184104208218410420821841042082184104208218410420821841042082184104208218410420821841042082184104208218410420821841042082184104208218410420821841042082184104208218410420821841042082184104208218410420821841042082184104208211EE4FF01AC23A656E92670680000000049454E44AE426082, null);
INSERT INTO `act_ge_bytearray` VALUES ('9', '1', '项目申请流程.bpmn20.xml', '8', 0x3C3F786D6C2076657273696F6E3D22312E302220656E636F64696E673D225554462D38223F3E0A3C646566696E6974696F6E7320786D6C6E733D22687474703A2F2F7777772E6F6D672E6F72672F737065632F42504D4E2F32303130303532342F4D4F44454C2220786D6C6E733A7873693D22687474703A2F2F7777772E77332E6F72672F323030312F584D4C536368656D612D696E7374616E63652220786D6C6E733A7873643D22687474703A2F2F7777772E77332E6F72672F323030312F584D4C536368656D612220786D6C6E733A61637469766974693D22687474703A2F2F61637469766974692E6F72672F62706D6E2220786D6C6E733A62706D6E64693D22687474703A2F2F7777772E6F6D672E6F72672F737065632F42504D4E2F32303130303532342F44492220786D6C6E733A6F6D6764633D22687474703A2F2F7777772E6F6D672E6F72672F737065632F44442F32303130303532342F44432220786D6C6E733A6F6D6764693D22687474703A2F2F7777772E6F6D672E6F72672F737065632F44442F32303130303532342F44492220747970654C616E67756167653D22687474703A2F2F7777772E77332E6F72672F323030312F584D4C536368656D61222065787072657373696F6E4C616E67756167653D22687474703A2F2F7777772E77332E6F72672F313939392F585061746822207461726765744E616D6573706163653D22687474703A2F2F7777772E6B6166656974752E6D652F61637469766974692F6C65617665223E0A20203C70726F636573732069643D226C6561766522206E616D653D22E9A1B9E79BAEE794B3E8AFB7E6B581E7A88B2220697345786563757461626C653D2274727565223E0A202020203C646F63756D656E746174696F6E3EE8AFB7E58187E6B581E7A88BE6BC94E7A4BA3C2F646F63756D656E746174696F6E3E0A202020203C73746172744576656E742069643D2273746172746576656E743122206E616D653D225374617274222061637469766974693A696E69746961746F723D226170706C79557365724964223E3C2F73746172744576656E743E0A202020203C757365725461736B2069643D22646570744C656164657256657269667922206E616D653D22E4B8BBE7AEA1E5AEA1E689B9222061637469766974693A63616E64696461746547726F7570733D22646570744C6561646572223E3C2F757365725461736B3E0A202020203C6578636C7573697665476174657761792069643D226578636C7573697665676174657761793522206E616D653D224578636C75736976652047617465776179223E3C2F6578636C7573697665476174657761793E0A202020203C757365725461736B2069643D226D6F646966794170706C7922206E616D653D22E8B083E695B4E794B3E8AFB7222061637469766974693A61737369676E65653D22247B6170706C795573657249647D223E0A2020202020203C657874656E73696F6E456C656D656E74733E0A20202020202020203C6D6F64656C65723A696E69746961746F722D63616E2D636F6D706C65746520786D6C6E733A6D6F64656C65723D22687474703A2F2F61637469766974692E636F6D2F6D6F64656C6572223E3C215B43444154415B66616C73655D5D3E3C2F6D6F64656C65723A696E69746961746F722D63616E2D636F6D706C6574653E0A2020202020203C2F657874656E73696F6E456C656D656E74733E0A202020203C2F757365725461736B3E0A202020203C757365725461736B2069643D22687256657269667922206E616D653D22E680BBE7BB8FE79086E5AEA1E689B9222061637469766974693A63616E64696461746547726F7570733D226872223E3C2F757365725461736B3E0A202020203C6578636C7573697665476174657761792069643D226578636C7573697665676174657761793622206E616D653D224578636C75736976652047617465776179223E3C2F6578636C7573697665476174657761793E0A202020203C757365725461736B2069643D227265706F72744261636B22206E616D653D22E9A1B9E79BAEE590AFE58AA8E7A1AEE8AEA4222061637469766974693A61737369676E65653D22247B6170706C795573657249647D223E0A2020202020203C657874656E73696F6E456C656D656E74733E0A20202020202020203C61637469766974693A7461736B4C697374656E6572206576656E743D22636F6D706C657465222064656C656761746545787072657373696F6E3D22247B7265706F72744261636B456E6450726F636573736F727D223E3C2F61637469766974693A7461736B4C697374656E65723E0A20202020202020203C6D6F64656C65723A696E69746961746F722D63616E2D636F6D706C65746520786D6C6E733A6D6F64656C65723D22687474703A2F2F61637469766974692E636F6D2F6D6F64656C6572223E3C215B43444154415B66616C73655D5D3E3C2F6D6F64656C65723A696E69746961746F722D63616E2D636F6D706C6574653E0A2020202020203C2F657874656E73696F6E456C656D656E74733E0A202020203C2F757365725461736B3E0A202020203C656E644576656E742069643D22656E646576656E743122206E616D653D22456E64223E3C2F656E644576656E743E0A202020203C6578636C7573697665476174657761792069643D226578636C7573697665676174657761793722206E616D653D224578636C75736976652047617465776179223E3C2F6578636C7573697665476174657761793E0A202020203C73657175656E6365466C6F772069643D22666C6F77322220736F757263655265663D2273746172746576656E743122207461726765745265663D22646570744C6561646572566572696679223E3C2F73657175656E6365466C6F773E0A202020203C73657175656E6365466C6F772069643D22666C6F77332220736F757263655265663D22646570744C656164657256657269667922207461726765745265663D226578636C75736976656761746577617935223E3C2F73657175656E6365466C6F773E0A202020203C73657175656E6365466C6F772069643D22666C6F773422206E616D653D22E4B88DE5908CE6848F2220736F757263655265663D226578636C7573697665676174657761793522207461726765745265663D226D6F646966794170706C79223E0A2020202020203C636F6E646974696F6E45787072657373696F6E207873693A747970653D2274466F726D616C45787072657373696F6E223E3C215B43444154415B247B21646570744C6561646572417070726F7665647D5D5D3E3C2F636F6E646974696F6E45787072657373696F6E3E0A202020203C2F73657175656E6365466C6F773E0A202020203C73657175656E6365466C6F772069643D22666C6F773522206E616D653D22E5908CE6848F2220736F757263655265663D226578636C7573697665676174657761793522207461726765745265663D226872566572696679223E0A2020202020203C636F6E646974696F6E45787072657373696F6E207873693A747970653D2274466F726D616C45787072657373696F6E223E3C215B43444154415B247B646570744C6561646572417070726F7665647D5D5D3E3C2F636F6E646974696F6E45787072657373696F6E3E0A202020203C2F73657175656E6365466C6F773E0A202020203C73657175656E6365466C6F772069643D22666C6F77362220736F757263655265663D22687256657269667922207461726765745265663D226578636C75736976656761746577617936223E3C2F73657175656E6365466C6F773E0A202020203C73657175656E6365466C6F772069643D22666C6F773722206E616D653D22E5908CE6848F2220736F757263655265663D226578636C7573697665676174657761793622207461726765745265663D227265706F72744261636B223E0A2020202020203C636F6E646974696F6E45787072657373696F6E207873693A747970653D2274466F726D616C45787072657373696F6E223E3C215B43444154415B247B6872417070726F7665647D5D5D3E3C2F636F6E646974696F6E45787072657373696F6E3E0A202020203C2F73657175656E6365466C6F773E0A202020203C73657175656E6365466C6F772069643D22666C6F77382220736F757263655265663D227265706F72744261636B22207461726765745265663D22656E646576656E7431223E3C2F73657175656E6365466C6F773E0A202020203C73657175656E6365466C6F772069643D22666C6F773922206E616D653D22E4B88DE5908CE6848F2220736F757263655265663D226578636C7573697665676174657761793622207461726765745265663D226D6F646966794170706C79223E0A2020202020203C636F6E646974696F6E45787072657373696F6E207873693A747970653D2274466F726D616C45787072657373696F6E223E3C215B43444154415B247B216872417070726F7665647D5D5D3E3C2F636F6E646974696F6E45787072657373696F6E3E0A202020203C2F73657175656E6365466C6F773E0A202020203C73657175656E6365466C6F772069643D22666C6F77313022206E616D653D22E9878DE696B0E794B3E8AFB72220736F757263655265663D226578636C7573697665676174657761793722207461726765745265663D22646570744C6561646572566572696679223E0A2020202020203C636F6E646974696F6E45787072657373696F6E207873693A747970653D2274466F726D616C45787072657373696F6E223E3C215B43444154415B247B72654170706C797D5D5D3E3C2F636F6E646974696F6E45787072657373696F6E3E0A202020203C2F73657175656E6365466C6F773E0A202020203C73657175656E6365466C6F772069643D22666C6F7731312220736F757263655265663D226D6F646966794170706C7922207461726765745265663D226578636C75736976656761746577617937223E3C2F73657175656E6365466C6F773E0A202020203C73657175656E6365466C6F772069643D22666C6F77313222206E616D653D22E7BB93E69D9FE6B581E7A88B2220736F757263655265663D226578636C7573697665676174657761793722207461726765745265663D22656E646576656E7431223E0A2020202020203C636F6E646974696F6E45787072657373696F6E207873693A747970653D2274466F726D616C45787072657373696F6E223E3C215B43444154415B247B2172654170706C797D5D5D3E3C2F636F6E646974696F6E45787072657373696F6E3E0A202020203C2F73657175656E6365466C6F773E0A20203C2F70726F636573733E0A20203C62706D6E64693A42504D4E4469616772616D2069643D2242504D4E4469616772616D5F6C65617665223E0A202020203C62706D6E64693A42504D4E506C616E652062706D6E456C656D656E743D226C65617665222069643D2242504D4E506C616E655F6C65617665223E0A2020202020203C62706D6E64693A42504D4E53686170652062706D6E456C656D656E743D2273746172746576656E7431222069643D2242504D4E53686170655F73746172746576656E7431223E0A20202020202020203C6F6D6764633A426F756E6473206865696768743D2233302E30222077696474683D2233302E302220783D22302E302220793D2234362E30223E3C2F6F6D6764633A426F756E64733E0A2020202020203C2F62706D6E64693A42504D4E53686170653E0A2020202020203C62706D6E64693A42504D4E53686170652062706D6E456C656D656E743D22646570744C6561646572566572696679222069643D2242504D4E53686170655F646570744C6561646572566572696679223E0A20202020202020203C6F6D6764633A426F756E6473206865696768743D2235352E30222077696474683D223130352E302220783D2237352E302220793D2233302E30223E3C2F6F6D6764633A426F756E64733E0A2020202020203C2F62706D6E64693A42504D4E53686170653E0A2020202020203C62706D6E64693A42504D4E53686170652062706D6E456C656D656E743D226578636C75736976656761746577617935222069643D2242504D4E53686170655F6578636C75736976656761746577617935223E0A20202020202020203C6F6D6764633A426F756E6473206865696768743D2234302E30222077696474683D2234302E302220783D223234302E302220793D2234332E30223E3C2F6F6D6764633A426F756E64733E0A2020202020203C2F62706D6E64693A42504D4E53686170653E0A2020202020203C62706D6E64693A42504D4E53686170652062706D6E456C656D656E743D226D6F646966794170706C79222069643D2242504D4E53686170655F6D6F646966794170706C79223E0A20202020202020203C6F6D6764633A426F756E6473206865696768743D2235352E30222077696474683D223130352E302220783D223230382E302220793D223131342E30223E3C2F6F6D6764633A426F756E64733E0A2020202020203C2F62706D6E64693A42504D4E53686170653E0A2020202020203C62706D6E64693A42504D4E53686170652062706D6E456C656D656E743D226872566572696679222069643D2242504D4E53686170655F6872566572696679223E0A20202020202020203C6F6D6764633A426F756E6473206865696768743D2235352E30222077696474683D223130352E302220783D223334382E302220793D2233362E30223E3C2F6F6D6764633A426F756E64733E0A2020202020203C2F62706D6E64693A42504D4E53686170653E0A2020202020203C62706D6E64693A42504D4E53686170652062706D6E456C656D656E743D226578636C75736976656761746577617936222069643D2242504D4E53686170655F6578636C75736976656761746577617936223E0A20202020202020203C6F6D6764633A426F756E6473206865696768743D2234302E30222077696474683D2234302E302220783D223438352E302220793D2234332E30223E3C2F6F6D6764633A426F756E64733E0A2020202020203C2F62706D6E64693A42504D4E53686170653E0A2020202020203C62706D6E64693A42504D4E53686170652062706D6E456C656D656E743D227265706F72744261636B222069643D2242504D4E53686170655F7265706F72744261636B223E0A20202020202020203C6F6D6764633A426F756E6473206865696768743D2235352E30222077696474683D223130352E302220783D223537302E302220793D2233302E30223E3C2F6F6D6764633A426F756E64733E0A2020202020203C2F62706D6E64693A42504D4E53686170653E0A2020202020203C62706D6E64693A42504D4E53686170652062706D6E456C656D656E743D22656E646576656E7431222069643D2242504D4E53686170655F656E646576656E7431223E0A20202020202020203C6F6D6764633A426F756E6473206865696768743D2232382E30222077696474683D2232382E302220783D223631352E302220793D223139352E30223E3C2F6F6D6764633A426F756E64733E0A2020202020203C2F62706D6E64693A42504D4E53686170653E0A2020202020203C62706D6E64693A42504D4E53686170652062706D6E456C656D656E743D226578636C75736976656761746577617937222069643D2242504D4E53686170655F6578636C75736976656761746577617937223E0A20202020202020203C6F6D6764633A426F756E6473206865696768743D2234302E30222077696474683D2234302E302220783D223234302E302220793D223139322E30223E3C2F6F6D6764633A426F756E64733E0A2020202020203C2F62706D6E64693A42504D4E53686170653E0A2020202020203C62706D6E64693A42504D4E456467652062706D6E456C656D656E743D22666C6F7732222069643D2242504D4E456467655F666C6F7732223E0A20202020202020203C6F6D6764693A776179706F696E7420783D2232392E3939323734363030363137383339332220793D2236302E353333353539303133313431313135223E3C2F6F6D6764693A776179706F696E743E0A20202020202020203C6F6D6764693A776179706F696E7420783D2237352E302220793D2235392E3133333333333333333333333334223E3C2F6F6D6764693A776179706F696E743E0A2020202020203C2F62706D6E64693A42504D4E456467653E0A2020202020203C62706D6E64693A42504D4E456467652062706D6E456C656D656E743D22666C6F7733222069643D2242504D4E456467655F666C6F7733223E0A20202020202020203C6F6D6764693A776179706F696E7420783D223138302E302220793D2235372E35223E3C2F6F6D6764693A776179706F696E743E0A20202020202020203C6F6D6764693A776179706F696E7420783D223231302E302220793D2235372E35223E3C2F6F6D6764693A776179706F696E743E0A20202020202020203C6F6D6764693A776179706F696E7420783D223231302E302220793D2236332E30223E3C2F6F6D6764693A776179706F696E743E0A20202020202020203C6F6D6764693A776179706F696E7420783D223234302E302220793D2236332E30223E3C2F6F6D6764693A776179706F696E743E0A2020202020203C2F62706D6E64693A42504D4E456467653E0A2020202020203C62706D6E64693A42504D4E456467652062706D6E456C656D656E743D22666C6F7734222069643D2242504D4E456467655F666C6F7734223E0A20202020202020203C6F6D6764693A776179706F696E7420783D223236302E3132363538323237383438312220793D2238322E3837333431373732313531383939223E3C2F6F6D6764693A776179706F696E743E0A20202020202020203C6F6D6764693A776179706F696E7420783D223236302E333234383430373634333331322220793D223131342E30223E3C2F6F6D6764693A776179706F696E743E0A2020202020203C2F62706D6E64693A42504D4E456467653E0A2020202020203C62706D6E64693A42504D4E456467652062706D6E456C656D656E743D22666C6F7735222069643D2242504D4E456467655F666C6F7735223E0A20202020202020203C6F6D6764693A776179706F696E7420783D223237392E39323930373830313431383433372220793D2236332E30373039323139383538313536223E3C2F6F6D6764693A776179706F696E743E0A20202020202020203C6F6D6764693A776179706F696E7420783D223334382E302220793D2236332E333133313637323539373836343735223E3C2F6F6D6764693A776179706F696E743E0A2020202020203C2F62706D6E64693A42504D4E456467653E0A2020202020203C62706D6E64693A42504D4E456467652062706D6E456C656D656E743D22666C6F7736222069643D2242504D4E456467655F666C6F7736223E0A20202020202020203C6F6D6764693A776179706F696E7420783D223435332E302220793D2236332E323438383033383237373531313936223E3C2F6F6D6764693A776179706F696E743E0A20202020202020203C6F6D6764693A776179706F696E7420783D223438352E303935323338303935323338312220793D2236332E303935323338303935323338303935223E3C2F6F6D6764693A776179706F696E743E0A2020202020203C2F62706D6E64693A42504D4E456467653E0A2020202020203C62706D6E64693A42504D4E456467652062706D6E456C656D656E743D22666C6F7737222069643D2242504D4E456467655F666C6F7737223E0A20202020202020203C6F6D6764693A776179706F696E7420783D223532352E302220793D2236332E30223E3C2F6F6D6764693A776179706F696E743E0A20202020202020203C6F6D6764693A776179706F696E7420783D223534372E352220793D2236332E30223E3C2F6F6D6764693A776179706F696E743E0A20202020202020203C6F6D6764693A776179706F696E7420783D223534372E352220793D2235372E35223E3C2F6F6D6764693A776179706F696E743E0A20202020202020203C6F6D6764693A776179706F696E7420783D223537302E302220793D2235372E35223E3C2F6F6D6764693A776179706F696E743E0A2020202020203C2F62706D6E64693A42504D4E456467653E0A2020202020203C62706D6E64693A42504D4E456467652062706D6E456C656D656E743D22666C6F773130222069643D2242504D4E456467655F666C6F773130223E0A20202020202020203C6F6D6764693A776179706F696E7420783D223234302E302220793D223231322E30223E3C2F6F6D6764693A776179706F696E743E0A20202020202020203C6F6D6764693A776179706F696E7420783D223132372E352220793D223231322E30223E3C2F6F6D6764693A776179706F696E743E0A20202020202020203C6F6D6764693A776179706F696E7420783D223132372E352220793D2238352E30223E3C2F6F6D6764693A776179706F696E743E0A2020202020203C2F62706D6E64693A42504D4E456467653E0A2020202020203C62706D6E64693A42504D4E456467652062706D6E456C656D656E743D22666C6F7738222069643D2242504D4E456467655F666C6F7738223E0A20202020202020203C6F6D6764693A776179706F696E7420783D223632332E363739383637393836373938362220793D2238352E30223E3C2F6F6D6764693A776179706F696E743E0A20202020202020203C6F6D6764693A776179706F696E7420783D223632382E333939383932303132383737392220793D223139352E3031323836373638343736383534223E3C2F6F6D6764693A776179706F696E743E0A2020202020203C2F62706D6E64693A42504D4E456467653E0A2020202020203C62706D6E64693A42504D4E456467652062706D6E456C656D656E743D22666C6F773131222069643D2242504D4E456467655F666C6F773131223E0A20202020202020203C6F6D6764693A776179706F696E7420783D223236302E333034393634353339303037312220793D223136392E30223E3C2F6F6D6764693A776179706F696E743E0A20202020202020203C6F6D6764693A776179706F696E7420783D223236302E31343038343530373034323235332220793D223139322E3134303834353037303432323533223E3C2F6F6D6764693A776179706F696E743E0A2020202020203C2F62706D6E64693A42504D4E456467653E0A2020202020203C62706D6E64693A42504D4E456467652062706D6E456C656D656E743D22666C6F7739222069643D2242504D4E456467655F666C6F7739223E0A20202020202020203C6F6D6764693A776179706F696E7420783D223530342E3734363833353434333033382220793D2238322E3734363833353434333033373938223E3C2F6F6D6764693A776179706F696E743E0A20202020202020203C6F6D6764693A776179706F696E7420783D223530342E302220793D223134312E30223E3C2F6F6D6764693A776179706F696E743E0A20202020202020203C6F6D6764693A776179706F696E7420783D223331332E302220793D223134312E3339323139373132353235363637223E3C2F6F6D6764693A776179706F696E743E0A2020202020203C2F62706D6E64693A42504D4E456467653E0A2020202020203C62706D6E64693A42504D4E456467652062706D6E456C656D656E743D22666C6F773132222069643D2242504D4E456467655F666C6F773132223E0A20202020202020203C6F6D6764693A776179706F696E7420783D223237392E38333837303936373734313933332220793D223231312E3833383730393637373431393336223E3C2F6F6D6764693A776179706F696E743E0A20202020202020203C6F6D6764693A776179706F696E7420783D223631352E303030343632363634363137392220793D223230392E3131333831373337363731303431223E3C2F6F6D6764693A776179706F696E743E0A2020202020203C2F62706D6E64693A42504D4E456467653E0A202020203C2F62706D6E64693A42504D4E506C616E653E0A20203C2F62706D6E64693A42504D4E4469616772616D3E0A3C2F646566696E6974696F6E733E, '0');

-- ----------------------------
-- Table structure for act_ge_property
-- ----------------------------
DROP TABLE IF EXISTS `act_ge_property`;
CREATE TABLE `act_ge_property` (
  `NAME_` varchar(64) COLLATE utf8_bin NOT NULL,
  `VALUE_` varchar(300) COLLATE utf8_bin DEFAULT NULL,
  `REV_` int(11) DEFAULT NULL,
  PRIMARY KEY (`NAME_`)
) ENGINE=InnoDB DEFAULT CHARSET=utf8 COLLATE=utf8_bin;

-- ----------------------------
-- Records of act_ge_property
-- ----------------------------
INSERT INTO `act_ge_property` VALUES ('cfg.execution-related-entities-count', 'false', '1');
INSERT INTO `act_ge_property` VALUES ('next.dbid', '7501', '4');
INSERT INTO `act_ge_property` VALUES ('schema.history', 'create(6.0.0.4)', '1');
INSERT INTO `act_ge_property` VALUES ('schema.version', '6.0.0.4', '1');

-- ----------------------------
-- Table structure for act_hi_actinst
-- ----------------------------
DROP TABLE IF EXISTS `act_hi_actinst`;
CREATE TABLE `act_hi_actinst` (
  `ID_` varchar(64) COLLATE utf8_bin NOT NULL,
  `PROC_DEF_ID_` varchar(64) COLLATE utf8_bin NOT NULL,
  `PROC_INST_ID_` varchar(64) COLLATE utf8_bin NOT NULL,
  `EXECUTION_ID_` varchar(64) COLLATE utf8_bin NOT NULL,
  `ACT_ID_` varchar(255) COLLATE utf8_bin NOT NULL,
  `TASK_ID_` varchar(64) COLLATE utf8_bin DEFAULT NULL,
  `CALL_PROC_INST_ID_` varchar(64) COLLATE utf8_bin DEFAULT NULL,
  `ACT_NAME_` varchar(255) COLLATE utf8_bin DEFAULT NULL,
  `ACT_TYPE_` varchar(255) COLLATE utf8_bin NOT NULL,
  `ASSIGNEE_` varchar(255) COLLATE utf8_bin DEFAULT NULL,
  `START_TIME_` datetime(3) NOT NULL,
  `END_TIME_` datetime(3) DEFAULT NULL,
  `DURATION_` bigint(20) DEFAULT NULL,
  `DELETE_REASON_` varchar(4000) COLLATE utf8_bin DEFAULT NULL,
  `TENANT_ID_` varchar(255) COLLATE utf8_bin DEFAULT '',
  PRIMARY KEY (`ID_`),
  KEY `ACT_IDX_HI_ACT_INST_START` (`START_TIME_`),
  KEY `ACT_IDX_HI_ACT_INST_END` (`END_TIME_`),
  KEY `ACT_IDX_HI_ACT_INST_PROCINST` (`PROC_INST_ID_`,`ACT_ID_`),
  KEY `ACT_IDX_HI_ACT_INST_EXEC` (`EXECUTION_ID_`,`ACT_ID_`)
) ENGINE=InnoDB DEFAULT CHARSET=utf8 COLLATE=utf8_bin;

-- ----------------------------
-- Records of act_hi_actinst
-- ----------------------------
INSERT INTO `act_hi_actinst` VALUES ('16', 'leave:2:11', '12', '15', 'startevent1', null, null, 'Start', 'startEvent', null, '2021-05-06 16:34:56.068', '2021-05-06 16:34:56.077', '9', null, '');
INSERT INTO `act_hi_actinst` VALUES ('17', 'leave:2:11', '12', '15', 'deptLeaderVerify', '18', null, '主管审批', 'userTask', 'axianlu', '2021-05-06 16:34:56.086', '2021-05-06 16:36:03.679', '67593', null, '');
INSERT INTO `act_hi_actinst` VALUES ('24', 'leave:2:11', '12', '15', 'exclusivegateway5', null, null, 'Exclusive Gateway', 'exclusiveGateway', null, '2021-05-06 16:36:03.679', '2021-05-06 16:36:03.714', '35', null, '');
INSERT INTO `act_hi_actinst` VALUES ('25', 'leave:2:11', '12', '15', 'hrVerify', '26', null, '总经理审批', 'userTask', 'rensm', '2021-05-06 16:36:03.715', '2021-05-06 20:22:39.385', '13595670', null, '');
INSERT INTO `act_hi_actinst` VALUES ('2505', 'leave:2:11', '2501', '2504', 'startevent1', null, null, 'Start', 'startEvent', null, '2021-05-09 17:53:16.649', '2021-05-09 17:53:16.693', '44', null, '');
INSERT INTO `act_hi_actinst` VALUES ('2506', 'leave:2:11', '2501', '2504', 'deptLeaderVerify', '2507', null, '主管审批', 'userTask', null, '2021-05-09 17:53:16.750', null, null, null, '');
INSERT INTO `act_hi_actinst` VALUES ('2513', 'leave:2:11', '2509', '2512', 'startevent1', null, null, 'Start', 'startEvent', null, '2021-05-09 17:57:06.319', '2021-05-09 17:57:06.320', '1', null, '');
INSERT INTO `act_hi_actinst` VALUES ('2514', 'leave:2:11', '2509', '2512', 'deptLeaderVerify', '2515', null, '主管审批', 'userTask', null, '2021-05-09 17:57:06.321', null, null, null, '');
INSERT INTO `act_hi_actinst` VALUES ('2521', 'leave:2:11', '2517', '2520', 'startevent1', null, null, 'Start', 'startEvent', null, '2021-05-09 18:23:14.949', '2021-05-09 18:23:14.949', '0', null, '');
INSERT INTO `act_hi_actinst` VALUES ('2522', 'leave:2:11', '2517', '2520', 'deptLeaderVerify', '2523', null, '主管审批', 'userTask', null, '2021-05-09 18:23:14.949', null, null, null, '');
INSERT INTO `act_hi_actinst` VALUES ('2529', 'leave:2:11', '2525', '2528', 'startevent1', null, null, 'Start', 'startEvent', null, '2021-05-09 18:59:27.192', '2021-05-09 18:59:27.193', '1', null, '');
INSERT INTO `act_hi_actinst` VALUES ('2530', 'leave:2:11', '2525', '2528', 'deptLeaderVerify', '2531', null, '主管审批', 'userTask', null, '2021-05-09 18:59:27.193', null, null, null, '');
INSERT INTO `act_hi_actinst` VALUES ('31', 'leave:2:11', '12', '15', 'exclusivegateway6', null, null, 'Exclusive Gateway', 'exclusiveGateway', null, '2021-05-06 20:22:39.385', '2021-05-06 20:22:39.385', '0', null, '');
INSERT INTO `act_hi_actinst` VALUES ('32', 'leave:2:11', '12', '15', 'modifyApply', '33', null, '调整申请', 'userTask', 'chengxy', '2021-05-06 20:22:39.386', '2021-05-06 20:52:10.133', '1770747', '用户撤销', '');
INSERT INTO `act_hi_actinst` VALUES ('38', 'leave:2:11', '34', '37', 'startevent1', null, null, 'Start', 'startEvent', null, '2021-05-06 20:56:29.693', '2021-05-06 20:56:29.693', '0', null, '');
INSERT INTO `act_hi_actinst` VALUES ('39', 'leave:2:11', '34', '37', 'deptLeaderVerify', '40', null, '主管审批', 'userTask', 'axianlu', '2021-05-06 20:56:29.693', '2021-05-06 20:56:49.535', '19842', null, '');
INSERT INTO `act_hi_actinst` VALUES ('46', 'leave:2:11', '42', '45', 'startevent1', null, null, 'Start', 'startEvent', null, '2021-05-06 20:56:34.222', '2021-05-06 20:56:34.222', '0', null, '');
INSERT INTO `act_hi_actinst` VALUES ('47', 'leave:2:11', '42', '45', 'deptLeaderVerify', '48', null, '主管审批', 'userTask', null, '2021-05-06 20:56:34.222', null, null, null, '');
INSERT INTO `act_hi_actinst` VALUES ('5005', 'leave:2:11', '5001', '5004', 'startevent1', null, null, 'Start', 'startEvent', null, '2021-05-09 23:54:33.748', '2021-05-09 23:54:33.755', '7', null, '');
INSERT INTO `act_hi_actinst` VALUES ('5006', 'leave:2:11', '5001', '5004', 'deptLeaderVerify', '5007', null, '主管审批', 'userTask', null, '2021-05-09 23:54:33.765', null, null, null, '');
INSERT INTO `act_hi_actinst` VALUES ('5045', 'leave:2:11', '5041', '5044', 'startevent1', null, null, 'Start', 'startEvent', null, '2021-05-10 00:01:30.750', '2021-05-10 00:01:30.750', '0', null, '');
INSERT INTO `act_hi_actinst` VALUES ('5046', 'leave:2:11', '5041', '5044', 'deptLeaderVerify', '5047', null, '主管审批', 'userTask', null, '2021-05-10 00:01:30.750', null, null, null, '');
INSERT INTO `act_hi_actinst` VALUES ('5053', 'leave:2:11', '5049', '5052', 'startevent1', null, null, 'Start', 'startEvent', null, '2021-05-10 00:02:12.268', '2021-05-10 00:02:12.268', '0', null, '');
INSERT INTO `act_hi_actinst` VALUES ('5054', 'leave:2:11', '5049', '5052', 'deptLeaderVerify', '5055', null, '主管审批', 'userTask', null, '2021-05-10 00:02:12.268', null, null, null, '');
INSERT INTO `act_hi_actinst` VALUES ('54', 'leave:2:11', '34', '37', 'exclusivegateway5', null, null, 'Exclusive Gateway', 'exclusiveGateway', null, '2021-05-06 20:56:49.535', '2021-05-06 20:56:49.535', '0', null, '');
INSERT INTO `act_hi_actinst` VALUES ('55', 'leave:2:11', '34', '37', 'hrVerify', '56', null, '总经理审批', 'userTask', 'rensm', '2021-05-06 20:56:49.535', '2021-05-06 20:57:10.610', '21075', null, '');
INSERT INTO `act_hi_actinst` VALUES ('63', 'leave:2:11', '34', '37', 'exclusivegateway6', null, null, 'Exclusive Gateway', 'exclusiveGateway', null, '2021-05-06 20:57:10.610', '2021-05-06 20:57:10.611', '1', null, '');
INSERT INTO `act_hi_actinst` VALUES ('64', 'leave:2:11', '34', '37', 'reportBack', '65', null, '项目启动确认', 'userTask', 'chengxy', '2021-05-06 20:57:10.611', null, null, null, '');
INSERT INTO `act_hi_actinst` VALUES ('70', 'leave:2:11', '66', '69', 'startevent1', null, null, 'Start', 'startEvent', null, '2021-05-06 21:01:12.495', '2021-05-06 21:01:12.495', '0', null, '');
INSERT INTO `act_hi_actinst` VALUES ('71', 'leave:2:11', '66', '69', 'deptLeaderVerify', '72', null, '主管审批', 'userTask', 'axianlu', '2021-05-06 21:01:12.496', '2021-05-06 21:01:49.167', '36671', null, '');
INSERT INTO `act_hi_actinst` VALUES ('78', 'leave:2:11', '66', '69', 'exclusivegateway5', null, null, 'Exclusive Gateway', 'exclusiveGateway', null, '2021-05-06 21:01:49.167', '2021-05-06 21:01:49.168', '1', null, '');
INSERT INTO `act_hi_actinst` VALUES ('79', 'leave:2:11', '66', '69', 'hrVerify', '80', null, '总经理审批', 'userTask', 'rensm', '2021-05-06 21:01:49.168', '2021-05-06 21:02:06.842', '17674', null, '');
INSERT INTO `act_hi_actinst` VALUES ('85', 'leave:2:11', '66', '69', 'exclusivegateway6', null, null, 'Exclusive Gateway', 'exclusiveGateway', null, '2021-05-06 21:02:06.842', '2021-05-06 21:02:06.843', '1', null, '');
INSERT INTO `act_hi_actinst` VALUES ('86', 'leave:2:11', '66', '69', 'reportBack', '87', null, '项目启动确认', 'userTask', 'chengxy', '2021-05-06 21:02:06.843', '2021-05-06 21:08:16.904', '370061', null, '');
INSERT INTO `act_hi_actinst` VALUES ('90', 'leave:2:11', '66', '69', 'endevent1', null, null, 'End', 'endEvent', null, '2021-05-06 21:08:16.904', '2021-05-06 21:08:16.904', '0', null, '');

-- ----------------------------
-- Table structure for act_hi_attachment
-- ----------------------------
DROP TABLE IF EXISTS `act_hi_attachment`;
CREATE TABLE `act_hi_attachment` (
  `ID_` varchar(64) COLLATE utf8_bin NOT NULL,
  `REV_` int(11) DEFAULT NULL,
  `USER_ID_` varchar(255) COLLATE utf8_bin DEFAULT NULL,
  `NAME_` varchar(255) COLLATE utf8_bin DEFAULT NULL,
  `DESCRIPTION_` varchar(4000) COLLATE utf8_bin DEFAULT NULL,
  `TYPE_` varchar(255) COLLATE utf8_bin DEFAULT NULL,
  `TASK_ID_` varchar(64) COLLATE utf8_bin DEFAULT NULL,
  `PROC_INST_ID_` varchar(64) COLLATE utf8_bin DEFAULT NULL,
  `URL_` varchar(4000) COLLATE utf8_bin DEFAULT NULL,
  `CONTENT_ID_` varchar(64) COLLATE utf8_bin DEFAULT NULL,
  `TIME_` datetime(3) DEFAULT NULL,
  PRIMARY KEY (`ID_`)
) ENGINE=InnoDB DEFAULT CHARSET=utf8 COLLATE=utf8_bin;

-- ----------------------------
-- Records of act_hi_attachment
-- ----------------------------

-- ----------------------------
-- Table structure for act_hi_comment
-- ----------------------------
DROP TABLE IF EXISTS `act_hi_comment`;
CREATE TABLE `act_hi_comment` (
  `ID_` varchar(64) COLLATE utf8_bin NOT NULL,
  `TYPE_` varchar(255) COLLATE utf8_bin DEFAULT NULL,
  `TIME_` datetime(3) NOT NULL,
  `USER_ID_` varchar(255) COLLATE utf8_bin DEFAULT NULL,
  `TASK_ID_` varchar(64) COLLATE utf8_bin DEFAULT NULL,
  `PROC_INST_ID_` varchar(64) COLLATE utf8_bin DEFAULT NULL,
  `ACTION_` varchar(255) COLLATE utf8_bin DEFAULT NULL,
  `MESSAGE_` varchar(4000) COLLATE utf8_bin DEFAULT NULL,
  `FULL_MSG_` longblob,
  PRIMARY KEY (`ID_`)
) ENGINE=InnoDB DEFAULT CHARSET=utf8 COLLATE=utf8_bin;

-- ----------------------------
-- Records of act_hi_comment
-- ----------------------------
INSERT INTO `act_hi_comment` VALUES ('20', 'comment', '2021-05-06 16:36:03.450', 'axianlu', '18', '12', 'AddComment', '【同意】阿萨德阿萨德', 0xE38090E5908CE6848FE38091E998BFE890A8E5BEB7E998BFE890A8E5BEB7);
INSERT INTO `act_hi_comment` VALUES ('28', 'comment', '2021-05-06 20:22:39.156', 'rensm', '26', '12', 'AddComment', '【拒绝】阿萨德阿萨德阿萨德', 0xE38090E68B92E7BB9DE38091E998BFE890A8E5BEB7E998BFE890A8E5BEB7E998BFE890A8E5BEB7);
INSERT INTO `act_hi_comment` VALUES ('50', 'comment', '2021-05-06 20:56:49.380', 'axianlu', '40', '34', 'AddComment', '【同意】阿萨德爱的是的', 0xE38090E5908CE6848FE38091E998BFE890A8E5BEB7E788B1E79A84E698AFE79A84);
INSERT INTO `act_hi_comment` VALUES ('58', 'comment', '2021-05-06 20:57:10.419', 'rensm', '56', '34', 'AddComment', '【同意】阿达的阿萨德', 0xE38090E5908CE6848FE38091E998BFE8BEBEE79A84E998BFE890A8E5BEB7);
INSERT INTO `act_hi_comment` VALUES ('74', 'comment', '2021-05-06 21:01:49.016', 'axianlu', '72', '66', 'AddComment', '【同意】12312123', 0xE38090E5908CE6848FE380913132333132313233);
INSERT INTO `act_hi_comment` VALUES ('82', 'comment', '2021-05-06 21:02:06.726', 'rensm', '80', '66', 'AddComment', '【同意】asd asd asd ', 0xE38090E5908CE6848FE38091617364206173642061736420);

-- ----------------------------
-- Table structure for act_hi_detail
-- ----------------------------
DROP TABLE IF EXISTS `act_hi_detail`;
CREATE TABLE `act_hi_detail` (
  `ID_` varchar(64) COLLATE utf8_bin NOT NULL,
  `TYPE_` varchar(255) COLLATE utf8_bin NOT NULL,
  `PROC_INST_ID_` varchar(64) COLLATE utf8_bin DEFAULT NULL,
  `EXECUTION_ID_` varchar(64) COLLATE utf8_bin DEFAULT NULL,
  `TASK_ID_` varchar(64) COLLATE utf8_bin DEFAULT NULL,
  `ACT_INST_ID_` varchar(64) COLLATE utf8_bin DEFAULT NULL,
  `NAME_` varchar(255) COLLATE utf8_bin NOT NULL,
  `VAR_TYPE_` varchar(255) COLLATE utf8_bin DEFAULT NULL,
  `REV_` int(11) DEFAULT NULL,
  `TIME_` datetime(3) NOT NULL,
  `BYTEARRAY_ID_` varchar(64) COLLATE utf8_bin DEFAULT NULL,
  `DOUBLE_` double DEFAULT NULL,
  `LONG_` bigint(20) DEFAULT NULL,
  `TEXT_` varchar(4000) COLLATE utf8_bin DEFAULT NULL,
  `TEXT2_` varchar(4000) COLLATE utf8_bin DEFAULT NULL,
  PRIMARY KEY (`ID_`),
  KEY `ACT_IDX_HI_DETAIL_PROC_INST` (`PROC_INST_ID_`),
  KEY `ACT_IDX_HI_DETAIL_ACT_INST` (`ACT_INST_ID_`),
  KEY `ACT_IDX_HI_DETAIL_TIME` (`TIME_`),
  KEY `ACT_IDX_HI_DETAIL_NAME` (`NAME_`),
  KEY `ACT_IDX_HI_DETAIL_TASK_ID` (`TASK_ID_`)
) ENGINE=InnoDB DEFAULT CHARSET=utf8 COLLATE=utf8_bin;

-- ----------------------------
-- Records of act_hi_detail
-- ----------------------------

-- ----------------------------
-- Table structure for act_hi_identitylink
-- ----------------------------
DROP TABLE IF EXISTS `act_hi_identitylink`;
CREATE TABLE `act_hi_identitylink` (
  `ID_` varchar(64) COLLATE utf8_bin NOT NULL,
  `GROUP_ID_` varchar(255) COLLATE utf8_bin DEFAULT NULL,
  `TYPE_` varchar(255) COLLATE utf8_bin DEFAULT NULL,
  `USER_ID_` varchar(255) COLLATE utf8_bin DEFAULT NULL,
  `TASK_ID_` varchar(64) COLLATE utf8_bin DEFAULT NULL,
  `PROC_INST_ID_` varchar(64) COLLATE utf8_bin DEFAULT NULL,
  PRIMARY KEY (`ID_`),
  KEY `ACT_IDX_HI_IDENT_LNK_USER` (`USER_ID_`),
  KEY `ACT_IDX_HI_IDENT_LNK_TASK` (`TASK_ID_`),
  KEY `ACT_IDX_HI_IDENT_LNK_PROCINST` (`PROC_INST_ID_`)
) ENGINE=InnoDB DEFAULT CHARSET=utf8 COLLATE=utf8_bin;

-- ----------------------------
-- Records of act_hi_identitylink
-- ----------------------------
INSERT INTO `act_hi_identitylink` VALUES ('14', null, 'starter', 'chengxy', null, '12');
INSERT INTO `act_hi_identitylink` VALUES ('19', 'deptLeader', 'candidate', null, '18', null);
INSERT INTO `act_hi_identitylink` VALUES ('23', null, 'participant', 'axianlu', null, '12');
INSERT INTO `act_hi_identitylink` VALUES ('2503', null, 'starter', 'chengxy', null, '2501');
INSERT INTO `act_hi_identitylink` VALUES ('2508', 'deptLeader', 'candidate', null, '2507', null);
INSERT INTO `act_hi_identitylink` VALUES ('2511', null, 'starter', 'chengxy', null, '2509');
INSERT INTO `act_hi_identitylink` VALUES ('2516', 'deptLeader', 'candidate', null, '2515', null);
INSERT INTO `act_hi_identitylink` VALUES ('2519', null, 'starter', 'chengxy', null, '2517');
INSERT INTO `act_hi_identitylink` VALUES ('2524', 'deptLeader', 'candidate', null, '2523', null);
INSERT INTO `act_hi_identitylink` VALUES ('2527', null, 'starter', 'chengxy', null, '2525');
INSERT INTO `act_hi_identitylink` VALUES ('2532', 'deptLeader', 'candidate', null, '2531', null);
INSERT INTO `act_hi_identitylink` VALUES ('27', 'hr', 'candidate', null, '26', null);
INSERT INTO `act_hi_identitylink` VALUES ('30', null, 'participant', 'rensm', null, '12');
INSERT INTO `act_hi_identitylink` VALUES ('36', null, 'starter', 'chengxy', null, '34');
INSERT INTO `act_hi_identitylink` VALUES ('41', 'deptLeader', 'candidate', null, '40', null);
INSERT INTO `act_hi_identitylink` VALUES ('44', null, 'starter', 'chengxy', null, '42');
INSERT INTO `act_hi_identitylink` VALUES ('49', 'deptLeader', 'candidate', null, '48', null);
INSERT INTO `act_hi_identitylink` VALUES ('5003', null, 'starter', 'chengxy', null, '5001');
INSERT INTO `act_hi_identitylink` VALUES ('5008', 'deptLeader', 'candidate', null, '5007', null);
INSERT INTO `act_hi_identitylink` VALUES ('5043', null, 'starter', 'chengxy', null, '5041');
INSERT INTO `act_hi_identitylink` VALUES ('5048', 'deptLeader', 'candidate', null, '5047', null);
INSERT INTO `act_hi_identitylink` VALUES ('5051', null, 'starter', 'chengxy', null, '5049');
INSERT INTO `act_hi_identitylink` VALUES ('5056', 'deptLeader', 'candidate', null, '5055', null);
INSERT INTO `act_hi_identitylink` VALUES ('53', null, 'participant', 'axianlu', null, '34');
INSERT INTO `act_hi_identitylink` VALUES ('57', 'hr', 'candidate', null, '56', null);
INSERT INTO `act_hi_identitylink` VALUES ('62', null, 'participant', 'rensm', null, '34');
INSERT INTO `act_hi_identitylink` VALUES ('68', null, 'starter', 'chengxy', null, '66');
INSERT INTO `act_hi_identitylink` VALUES ('73', 'deptLeader', 'candidate', null, '72', null);
INSERT INTO `act_hi_identitylink` VALUES ('77', null, 'participant', 'axianlu', null, '66');
INSERT INTO `act_hi_identitylink` VALUES ('81', 'hr', 'candidate', null, '80', null);
INSERT INTO `act_hi_identitylink` VALUES ('84', null, 'participant', 'rensm', null, '66');

-- ----------------------------
-- Table structure for act_hi_procinst
-- ----------------------------
DROP TABLE IF EXISTS `act_hi_procinst`;
CREATE TABLE `act_hi_procinst` (
  `ID_` varchar(64) COLLATE utf8_bin NOT NULL,
  `PROC_INST_ID_` varchar(64) COLLATE utf8_bin NOT NULL,
  `BUSINESS_KEY_` varchar(255) COLLATE utf8_bin DEFAULT NULL,
  `PROC_DEF_ID_` varchar(64) COLLATE utf8_bin NOT NULL,
  `START_TIME_` datetime(3) NOT NULL,
  `END_TIME_` datetime(3) DEFAULT NULL,
  `DURATION_` bigint(20) DEFAULT NULL,
  `START_USER_ID_` varchar(255) COLLATE utf8_bin DEFAULT NULL,
  `START_ACT_ID_` varchar(255) COLLATE utf8_bin DEFAULT NULL,
  `END_ACT_ID_` varchar(255) COLLATE utf8_bin DEFAULT NULL,
  `SUPER_PROCESS_INSTANCE_ID_` varchar(64) COLLATE utf8_bin DEFAULT NULL,
  `DELETE_REASON_` varchar(4000) COLLATE utf8_bin DEFAULT NULL,
  `TENANT_ID_` varchar(255) COLLATE utf8_bin DEFAULT '',
  `NAME_` varchar(255) COLLATE utf8_bin DEFAULT NULL,
  PRIMARY KEY (`ID_`),
  UNIQUE KEY `PROC_INST_ID_` (`PROC_INST_ID_`),
  KEY `ACT_IDX_HI_PRO_INST_END` (`END_TIME_`),
  KEY `ACT_IDX_HI_PRO_I_BUSKEY` (`BUSINESS_KEY_`)
) ENGINE=InnoDB DEFAULT CHARSET=utf8 COLLATE=utf8_bin;

-- ----------------------------
-- Records of act_hi_procinst
-- ----------------------------
INSERT INTO `act_hi_procinst` VALUES ('12', '12', '35', 'leave:2:11', '2021-05-06 16:34:56.042', '2021-05-06 20:52:10.292', '15434250', 'chengxy', 'startevent1', null, null, '用户撤销', '', null);
INSERT INTO `act_hi_procinst` VALUES ('2501', '2501', '39', 'leave:2:11', '2021-05-09 17:53:16.403', null, null, 'chengxy', 'startevent1', null, null, null, '', null);
INSERT INTO `act_hi_procinst` VALUES ('2509', '2509', '40', 'leave:2:11', '2021-05-09 17:57:06.316', null, null, 'chengxy', 'startevent1', null, null, null, '', null);
INSERT INTO `act_hi_procinst` VALUES ('2517', '2517', '41', 'leave:2:11', '2021-05-09 18:23:14.949', null, null, 'chengxy', 'startevent1', null, null, null, '', null);
INSERT INTO `act_hi_procinst` VALUES ('2525', '2525', '42', 'leave:2:11', '2021-05-09 18:59:27.192', null, null, 'chengxy', 'startevent1', null, null, null, '', null);
INSERT INTO `act_hi_procinst` VALUES ('34', '34', '36', 'leave:2:11', '2021-05-06 20:56:29.693', null, null, 'chengxy', 'startevent1', null, null, null, '', null);
INSERT INTO `act_hi_procinst` VALUES ('42', '42', '37', 'leave:2:11', '2021-05-06 20:56:34.221', null, null, 'chengxy', 'startevent1', null, null, null, '', null);
INSERT INTO `act_hi_procinst` VALUES ('5001', '5001', '48', 'leave:2:11', '2021-05-09 23:54:33.647', null, null, 'chengxy', 'startevent1', null, null, null, '', null);
INSERT INTO `act_hi_procinst` VALUES ('5041', '5041', '49', 'leave:2:11', '2021-05-10 00:01:30.750', null, null, 'chengxy', 'startevent1', null, null, null, '', null);
INSERT INTO `act_hi_procinst` VALUES ('5049', '5049', '50', 'leave:2:11', '2021-05-10 00:02:12.268', null, null, 'chengxy', 'startevent1', null, null, null, '', null);
INSERT INTO `act_hi_procinst` VALUES ('66', '66', '38', 'leave:2:11', '2021-05-06 21:01:12.495', '2021-05-06 21:08:16.947', '424452', 'chengxy', 'startevent1', 'endevent1', null, null, '', null);

-- ----------------------------
-- Table structure for act_hi_taskinst
-- ----------------------------
DROP TABLE IF EXISTS `act_hi_taskinst`;
CREATE TABLE `act_hi_taskinst` (
  `ID_` varchar(64) COLLATE utf8_bin NOT NULL,
  `PROC_DEF_ID_` varchar(64) COLLATE utf8_bin DEFAULT NULL,
  `TASK_DEF_KEY_` varchar(255) COLLATE utf8_bin DEFAULT NULL,
  `PROC_INST_ID_` varchar(64) COLLATE utf8_bin DEFAULT NULL,
  `EXECUTION_ID_` varchar(64) COLLATE utf8_bin DEFAULT NULL,
  `NAME_` varchar(255) COLLATE utf8_bin DEFAULT NULL,
  `PARENT_TASK_ID_` varchar(64) COLLATE utf8_bin DEFAULT NULL,
  `DESCRIPTION_` varchar(4000) COLLATE utf8_bin DEFAULT NULL,
  `OWNER_` varchar(255) COLLATE utf8_bin DEFAULT NULL,
  `ASSIGNEE_` varchar(255) COLLATE utf8_bin DEFAULT NULL,
  `START_TIME_` datetime(3) NOT NULL,
  `CLAIM_TIME_` datetime(3) DEFAULT NULL,
  `END_TIME_` datetime(3) DEFAULT NULL,
  `DURATION_` bigint(20) DEFAULT NULL,
  `DELETE_REASON_` varchar(4000) COLLATE utf8_bin DEFAULT NULL,
  `PRIORITY_` int(11) DEFAULT NULL,
  `DUE_DATE_` datetime(3) DEFAULT NULL,
  `FORM_KEY_` varchar(255) COLLATE utf8_bin DEFAULT NULL,
  `CATEGORY_` varchar(255) COLLATE utf8_bin DEFAULT NULL,
  `TENANT_ID_` varchar(255) COLLATE utf8_bin DEFAULT '',
  PRIMARY KEY (`ID_`),
  KEY `ACT_IDX_HI_TASK_INST_PROCINST` (`PROC_INST_ID_`)
) ENGINE=InnoDB DEFAULT CHARSET=utf8 COLLATE=utf8_bin;

-- ----------------------------
-- Records of act_hi_taskinst
-- ----------------------------
INSERT INTO `act_hi_taskinst` VALUES ('18', 'leave:2:11', 'deptLeaderVerify', '12', '15', '主管审批', null, null, null, 'axianlu', '2021-05-06 16:34:56.172', '2021-05-06 16:36:03.659', '2021-05-06 16:36:03.675', '67503', null, '50', null, null, null, '');
INSERT INTO `act_hi_taskinst` VALUES ('2507', 'leave:2:11', 'deptLeaderVerify', '2501', '2504', '主管审批', null, null, null, null, '2021-05-09 17:53:17.407', null, null, null, null, '50', null, null, null, '');
INSERT INTO `act_hi_taskinst` VALUES ('2515', 'leave:2:11', 'deptLeaderVerify', '2509', '2512', '主管审批', null, null, null, null, '2021-05-09 17:57:06.322', null, null, null, null, '50', null, null, null, '');
INSERT INTO `act_hi_taskinst` VALUES ('2523', 'leave:2:11', 'deptLeaderVerify', '2517', '2520', '主管审批', null, null, null, null, '2021-05-09 18:23:14.949', null, null, null, null, '50', null, null, null, '');
INSERT INTO `act_hi_taskinst` VALUES ('2531', 'leave:2:11', 'deptLeaderVerify', '2525', '2528', '主管审批', null, null, null, null, '2021-05-09 18:59:27.193', null, null, null, null, '50', null, null, null, '');
INSERT INTO `act_hi_taskinst` VALUES ('26', 'leave:2:11', 'hrVerify', '12', '15', '总经理审批', null, null, null, 'rensm', '2021-05-06 16:36:03.715', '2021-05-06 20:22:39.301', '2021-05-06 20:22:39.383', '13595668', null, '50', null, null, null, '');
INSERT INTO `act_hi_taskinst` VALUES ('33', 'leave:2:11', 'modifyApply', '12', '15', '调整申请', null, null, null, 'chengxy', '2021-05-06 20:22:39.386', null, '2021-05-06 20:52:10.106', '1770720', '用户撤销', '50', null, null, null, '');
INSERT INTO `act_hi_taskinst` VALUES ('40', 'leave:2:11', 'deptLeaderVerify', '34', '37', '主管审批', null, null, null, 'axianlu', '2021-05-06 20:56:29.693', '2021-05-06 20:56:49.521', '2021-05-06 20:56:49.534', '19841', null, '50', null, null, null, '');
INSERT INTO `act_hi_taskinst` VALUES ('48', 'leave:2:11', 'deptLeaderVerify', '42', '45', '主管审批', null, null, null, null, '2021-05-06 20:56:34.222', null, null, null, null, '50', null, null, null, '');
INSERT INTO `act_hi_taskinst` VALUES ('5007', 'leave:2:11', 'deptLeaderVerify', '5001', '5004', '主管审批', null, null, null, null, '2021-05-09 23:54:33.820', null, null, null, null, '50', null, null, null, '');
INSERT INTO `act_hi_taskinst` VALUES ('5047', 'leave:2:11', 'deptLeaderVerify', '5041', '5044', '主管审批', null, null, null, null, '2021-05-10 00:01:30.750', null, null, null, null, '50', null, null, null, '');
INSERT INTO `act_hi_taskinst` VALUES ('5055', 'leave:2:11', 'deptLeaderVerify', '5049', '5052', '主管审批', null, null, null, null, '2021-05-10 00:02:12.268', null, null, null, null, '50', null, null, null, '');
INSERT INTO `act_hi_taskinst` VALUES ('56', 'leave:2:11', 'hrVerify', '34', '37', '总经理审批', null, null, null, 'rensm', '2021-05-06 20:56:49.535', '2021-05-06 20:57:10.523', '2021-05-06 20:57:10.609', '21074', null, '50', null, null, null, '');
INSERT INTO `act_hi_taskinst` VALUES ('65', 'leave:2:11', 'reportBack', '34', '37', '项目启动确认', null, null, null, 'chengxy', '2021-05-06 20:57:10.611', null, null, null, null, '50', null, null, null, '');
INSERT INTO `act_hi_taskinst` VALUES ('72', 'leave:2:11', 'deptLeaderVerify', '66', '69', '主管审批', null, null, null, 'axianlu', '2021-05-06 21:01:12.496', '2021-05-06 21:01:49.104', '2021-05-06 21:01:49.166', '36670', null, '50', null, null, null, '');
INSERT INTO `act_hi_taskinst` VALUES ('80', 'leave:2:11', 'hrVerify', '66', '69', '总经理审批', null, null, null, 'rensm', '2021-05-06 21:01:49.168', '2021-05-06 21:02:06.828', '2021-05-06 21:02:06.841', '17673', null, '50', null, null, null, '');
INSERT INTO `act_hi_taskinst` VALUES ('87', 'leave:2:11', 'reportBack', '66', '69', '项目启动确认', null, null, null, 'chengxy', '2021-05-06 21:02:06.843', '2021-05-06 21:08:16.778', '2021-05-06 21:08:16.902', '370059', null, '50', null, null, null, '');

-- ----------------------------
-- Table structure for act_hi_varinst
-- ----------------------------
DROP TABLE IF EXISTS `act_hi_varinst`;
CREATE TABLE `act_hi_varinst` (
  `ID_` varchar(64) COLLATE utf8_bin NOT NULL,
  `PROC_INST_ID_` varchar(64) COLLATE utf8_bin DEFAULT NULL,
  `EXECUTION_ID_` varchar(64) COLLATE utf8_bin DEFAULT NULL,
  `TASK_ID_` varchar(64) COLLATE utf8_bin DEFAULT NULL,
  `NAME_` varchar(255) COLLATE utf8_bin NOT NULL,
  `VAR_TYPE_` varchar(100) COLLATE utf8_bin DEFAULT NULL,
  `REV_` int(11) DEFAULT NULL,
  `BYTEARRAY_ID_` varchar(64) COLLATE utf8_bin DEFAULT NULL,
  `DOUBLE_` double DEFAULT NULL,
  `LONG_` bigint(20) DEFAULT NULL,
  `TEXT_` varchar(4000) COLLATE utf8_bin DEFAULT NULL,
  `TEXT2_` varchar(4000) COLLATE utf8_bin DEFAULT NULL,
  `CREATE_TIME_` datetime(3) DEFAULT NULL,
  `LAST_UPDATED_TIME_` datetime(3) DEFAULT NULL,
  PRIMARY KEY (`ID_`),
  KEY `ACT_IDX_HI_PROCVAR_PROC_INST` (`PROC_INST_ID_`),
  KEY `ACT_IDX_HI_PROCVAR_NAME_TYPE` (`NAME_`,`VAR_TYPE_`),
  KEY `ACT_IDX_HI_PROCVAR_TASK_ID` (`TASK_ID_`)
) ENGINE=InnoDB DEFAULT CHARSET=utf8 COLLATE=utf8_bin;

-- ----------------------------
-- Records of act_hi_varinst
-- ----------------------------
INSERT INTO `act_hi_varinst` VALUES ('13', '12', '12', null, 'applyUserId', 'string', '0', null, null, null, 'chengxy', null, '2021-05-06 16:34:56.043', '2021-05-06 16:34:56.043');
INSERT INTO `act_hi_varinst` VALUES ('21', '12', '12', null, 'deptLeaderApproved', 'boolean', '1', null, null, '1', null, null, '2021-05-06 16:36:03.520', '2021-05-06 16:36:03.672');
INSERT INTO `act_hi_varinst` VALUES ('22', '12', '12', null, 'comment', 'string', '3', null, null, null, '阿萨德阿萨德阿萨德', null, '2021-05-06 16:36:03.520', '2021-05-06 20:22:39.380');
INSERT INTO `act_hi_varinst` VALUES ('2502', '2501', '2501', null, 'applyUserId', 'string', '0', null, null, null, 'chengxy', null, '2021-05-09 17:53:16.549', '2021-05-09 17:53:16.549');
INSERT INTO `act_hi_varinst` VALUES ('2510', '2509', '2509', null, 'applyUserId', 'string', '0', null, null, null, 'chengxy', null, '2021-05-09 17:57:06.317', '2021-05-09 17:57:06.317');
INSERT INTO `act_hi_varinst` VALUES ('2518', '2517', '2517', null, 'applyUserId', 'string', '0', null, null, null, 'chengxy', null, '2021-05-09 18:23:14.949', '2021-05-09 18:23:14.949');
INSERT INTO `act_hi_varinst` VALUES ('2526', '2525', '2525', null, 'applyUserId', 'string', '0', null, null, null, 'chengxy', null, '2021-05-09 18:59:27.192', '2021-05-09 18:59:27.192');
INSERT INTO `act_hi_varinst` VALUES ('29', '12', '12', null, 'hrApproved', 'boolean', '1', null, null, '0', null, null, '2021-05-06 20:22:39.271', '2021-05-06 20:22:39.381');
INSERT INTO `act_hi_varinst` VALUES ('35', '34', '34', null, 'applyUserId', 'string', '0', null, null, null, 'chengxy', null, '2021-05-06 20:56:29.693', '2021-05-06 20:56:29.693');
INSERT INTO `act_hi_varinst` VALUES ('43', '42', '42', null, 'applyUserId', 'string', '0', null, null, null, 'chengxy', null, '2021-05-06 20:56:34.221', '2021-05-06 20:56:34.221');
INSERT INTO `act_hi_varinst` VALUES ('5002', '5001', '5001', null, 'applyUserId', 'string', '0', null, null, null, 'chengxy', null, '2021-05-09 23:54:33.729', '2021-05-09 23:54:33.729');
INSERT INTO `act_hi_varinst` VALUES ('5042', '5041', '5041', null, 'applyUserId', 'string', '0', null, null, null, 'chengxy', null, '2021-05-10 00:01:30.750', '2021-05-10 00:01:30.750');
INSERT INTO `act_hi_varinst` VALUES ('5050', '5049', '5049', null, 'applyUserId', 'string', '0', null, null, null, 'chengxy', null, '2021-05-10 00:02:12.268', '2021-05-10 00:02:12.268');
INSERT INTO `act_hi_varinst` VALUES ('51', '34', '34', null, 'deptLeaderApproved', 'boolean', '1', null, null, '1', null, null, '2021-05-06 20:56:49.447', '2021-05-06 20:56:49.531');
INSERT INTO `act_hi_varinst` VALUES ('52', '34', '34', null, 'comment', 'string', '3', null, null, null, '阿达的阿萨德', null, '2021-05-06 20:56:49.447', '2021-05-06 20:57:10.606');
INSERT INTO `act_hi_varinst` VALUES ('59', '34', '34', null, 'hrApproved', 'boolean', '1', null, null, '1', null, null, '2021-05-06 20:57:10.445', '2021-05-06 20:57:10.607');
INSERT INTO `act_hi_varinst` VALUES ('67', '66', '66', null, 'applyUserId', 'string', '0', null, null, null, 'chengxy', null, '2021-05-06 21:01:12.495', '2021-05-06 21:01:12.495');
INSERT INTO `act_hi_varinst` VALUES ('75', '66', '66', null, 'deptLeaderApproved', 'boolean', '1', null, null, '1', null, null, '2021-05-06 21:01:49.020', '2021-05-06 21:01:49.164');
INSERT INTO `act_hi_varinst` VALUES ('76', '66', '66', null, 'comment', 'string', '3', null, null, null, 'asd asd asd ', null, '2021-05-06 21:01:49.020', '2021-05-06 21:02:06.835');
INSERT INTO `act_hi_varinst` VALUES ('83', '66', '66', null, 'hrApproved', 'boolean', '1', null, null, '1', null, null, '2021-05-06 21:02:06.731', '2021-05-06 21:02:06.838');
INSERT INTO `act_hi_varinst` VALUES ('88', '66', '66', null, 'realityEndTime', 'date', '1', null, null, '1622217600000', null, null, '2021-05-06 21:08:16.658', '2021-05-06 21:08:16.788');
INSERT INTO `act_hi_varinst` VALUES ('89', '66', '66', null, 'realityStartTime', 'date', '1', null, null, '1619971200000', null, null, '2021-05-06 21:08:16.658', '2021-05-06 21:08:16.789');

-- ----------------------------
-- Table structure for act_procdef_info
-- ----------------------------
DROP TABLE IF EXISTS `act_procdef_info`;
CREATE TABLE `act_procdef_info` (
  `ID_` varchar(64) COLLATE utf8_bin NOT NULL,
  `PROC_DEF_ID_` varchar(64) COLLATE utf8_bin NOT NULL,
  `REV_` int(11) DEFAULT NULL,
  `INFO_JSON_ID_` varchar(64) COLLATE utf8_bin DEFAULT NULL,
  PRIMARY KEY (`ID_`),
  UNIQUE KEY `ACT_UNIQ_INFO_PROCDEF` (`PROC_DEF_ID_`),
  KEY `ACT_IDX_INFO_PROCDEF` (`PROC_DEF_ID_`),
  KEY `ACT_FK_INFO_JSON_BA` (`INFO_JSON_ID_`),
  CONSTRAINT `ACT_FK_INFO_JSON_BA` FOREIGN KEY (`INFO_JSON_ID_`) REFERENCES `act_ge_bytearray` (`ID_`),
  CONSTRAINT `ACT_FK_INFO_PROCDEF` FOREIGN KEY (`PROC_DEF_ID_`) REFERENCES `act_re_procdef` (`ID_`)
) ENGINE=InnoDB DEFAULT CHARSET=utf8 COLLATE=utf8_bin;

-- ----------------------------
-- Records of act_procdef_info
-- ----------------------------

-- ----------------------------
-- Table structure for act_re_deployment
-- ----------------------------
DROP TABLE IF EXISTS `act_re_deployment`;
CREATE TABLE `act_re_deployment` (
  `ID_` varchar(64) COLLATE utf8_bin NOT NULL,
  `NAME_` varchar(255) COLLATE utf8_bin DEFAULT NULL,
  `CATEGORY_` varchar(255) COLLATE utf8_bin DEFAULT NULL,
  `KEY_` varchar(255) COLLATE utf8_bin DEFAULT NULL,
  `TENANT_ID_` varchar(255) COLLATE utf8_bin DEFAULT '',
  `DEPLOY_TIME_` timestamp(3) NULL DEFAULT NULL,
  `ENGINE_VERSION_` varchar(255) COLLATE utf8_bin DEFAULT NULL,
  PRIMARY KEY (`ID_`)
) ENGINE=InnoDB DEFAULT CHARSET=utf8 COLLATE=utf8_bin;

-- ----------------------------
-- Records of act_re_deployment
-- ----------------------------
INSERT INTO `act_re_deployment` VALUES ('1', null, null, null, '', '2021-05-06 15:39:23.371', null);
INSERT INTO `act_re_deployment` VALUES ('8', '项目申请流程', null, null, '', '2021-05-06 15:42:29.643', null);

-- ----------------------------
-- Table structure for act_re_model
-- ----------------------------
DROP TABLE IF EXISTS `act_re_model`;
CREATE TABLE `act_re_model` (
  `ID_` varchar(64) COLLATE utf8_bin NOT NULL,
  `REV_` int(11) DEFAULT NULL,
  `NAME_` varchar(255) COLLATE utf8_bin DEFAULT NULL,
  `KEY_` varchar(255) COLLATE utf8_bin DEFAULT NULL,
  `CATEGORY_` varchar(255) COLLATE utf8_bin DEFAULT NULL,
  `CREATE_TIME_` timestamp(3) NULL DEFAULT NULL,
  `LAST_UPDATE_TIME_` timestamp(3) NULL DEFAULT NULL,
  `VERSION_` int(11) DEFAULT NULL,
  `META_INFO_` varchar(4000) COLLATE utf8_bin DEFAULT NULL,
  `DEPLOYMENT_ID_` varchar(64) COLLATE utf8_bin DEFAULT NULL,
  `EDITOR_SOURCE_VALUE_ID_` varchar(64) COLLATE utf8_bin DEFAULT NULL,
  `EDITOR_SOURCE_EXTRA_VALUE_ID_` varchar(64) COLLATE utf8_bin DEFAULT NULL,
  `TENANT_ID_` varchar(255) COLLATE utf8_bin DEFAULT '',
  PRIMARY KEY (`ID_`),
  KEY `ACT_FK_MODEL_SOURCE` (`EDITOR_SOURCE_VALUE_ID_`),
  KEY `ACT_FK_MODEL_SOURCE_EXTRA` (`EDITOR_SOURCE_EXTRA_VALUE_ID_`),
  KEY `ACT_FK_MODEL_DEPLOYMENT` (`DEPLOYMENT_ID_`),
  CONSTRAINT `ACT_FK_MODEL_DEPLOYMENT` FOREIGN KEY (`DEPLOYMENT_ID_`) REFERENCES `act_re_deployment` (`ID_`),
  CONSTRAINT `ACT_FK_MODEL_SOURCE` FOREIGN KEY (`EDITOR_SOURCE_VALUE_ID_`) REFERENCES `act_ge_bytearray` (`ID_`),
  CONSTRAINT `ACT_FK_MODEL_SOURCE_EXTRA` FOREIGN KEY (`EDITOR_SOURCE_EXTRA_VALUE_ID_`) REFERENCES `act_ge_bytearray` (`ID_`)
) ENGINE=InnoDB DEFAULT CHARSET=utf8 COLLATE=utf8_bin;

-- ----------------------------
-- Records of act_re_model
-- ----------------------------
INSERT INTO `act_re_model` VALUES ('5', '6', '项目申请流程', 'leave', '1', '2021-05-06 15:39:39.557', '2021-05-06 15:42:15.686', '1', '{\"name\":\"项目申请流程\",\"revision\":1,\"description\":\"项目申请流程\"}', null, '6', '7', '');

-- ----------------------------
-- Table structure for act_re_procdef
-- ----------------------------
DROP TABLE IF EXISTS `act_re_procdef`;
CREATE TABLE `act_re_procdef` (
  `ID_` varchar(64) COLLATE utf8_bin NOT NULL,
  `REV_` int(11) DEFAULT NULL,
  `CATEGORY_` varchar(255) COLLATE utf8_bin DEFAULT NULL,
  `NAME_` varchar(255) COLLATE utf8_bin DEFAULT NULL,
  `KEY_` varchar(255) COLLATE utf8_bin NOT NULL,
  `VERSION_` int(11) NOT NULL,
  `DEPLOYMENT_ID_` varchar(64) COLLATE utf8_bin DEFAULT NULL,
  `RESOURCE_NAME_` varchar(4000) COLLATE utf8_bin DEFAULT NULL,
  `DGRM_RESOURCE_NAME_` varchar(4000) COLLATE utf8_bin DEFAULT NULL,
  `DESCRIPTION_` varchar(4000) COLLATE utf8_bin DEFAULT NULL,
  `HAS_START_FORM_KEY_` tinyint(4) DEFAULT NULL,
  `HAS_GRAPHICAL_NOTATION_` tinyint(4) DEFAULT NULL,
  `SUSPENSION_STATE_` int(11) DEFAULT NULL,
  `TENANT_ID_` varchar(255) COLLATE utf8_bin DEFAULT '',
  `ENGINE_VERSION_` varchar(255) COLLATE utf8_bin DEFAULT NULL,
  PRIMARY KEY (`ID_`),
  UNIQUE KEY `ACT_UNIQ_PROCDEF` (`KEY_`,`VERSION_`,`TENANT_ID_`)
) ENGINE=InnoDB DEFAULT CHARSET=utf8 COLLATE=utf8_bin;

-- ----------------------------
-- Records of act_re_procdef
-- ----------------------------
INSERT INTO `act_re_procdef` VALUES ('leave:1:4', '2', 'http://www.kafeitu.me/activiti/leave', '请假流程-普通表单', 'leave', '1', '1', 'D:/jeethink/uploadPath/processDefiniton/2021/05/06/51cbf255-9b3b-4fa6-b453-296d8439e9c3.bpmn', 'D:/jeethink/uploadPath/processDefiniton/2021/05/06/51cbf255-9b3b-4fa6-b453-296d8439e9c3.leave.png', '请假流程演示', '0', '1', '2', '', null);
INSERT INTO `act_re_procdef` VALUES ('leave:2:11', '3', 'http://www.kafeitu.me/activiti/leave', '项目申请流程', 'leave', '2', '8', '项目申请流程.bpmn20.xml', '项目申请流程.leave.png', '请假流程演示', '0', '1', '1', '', null);

-- ----------------------------
-- Table structure for act_ru_deadletter_job
-- ----------------------------
DROP TABLE IF EXISTS `act_ru_deadletter_job`;
CREATE TABLE `act_ru_deadletter_job` (
  `ID_` varchar(64) COLLATE utf8_bin NOT NULL,
  `REV_` int(11) DEFAULT NULL,
  `TYPE_` varchar(255) COLLATE utf8_bin NOT NULL,
  `EXCLUSIVE_` tinyint(1) DEFAULT NULL,
  `EXECUTION_ID_` varchar(64) COLLATE utf8_bin DEFAULT NULL,
  `PROCESS_INSTANCE_ID_` varchar(64) COLLATE utf8_bin DEFAULT NULL,
  `PROC_DEF_ID_` varchar(64) COLLATE utf8_bin DEFAULT NULL,
  `EXCEPTION_STACK_ID_` varchar(64) COLLATE utf8_bin DEFAULT NULL,
  `EXCEPTION_MSG_` varchar(4000) COLLATE utf8_bin DEFAULT NULL,
  `DUEDATE_` timestamp(3) NULL DEFAULT NULL,
  `REPEAT_` varchar(255) COLLATE utf8_bin DEFAULT NULL,
  `HANDLER_TYPE_` varchar(255) COLLATE utf8_bin DEFAULT NULL,
  `HANDLER_CFG_` varchar(4000) COLLATE utf8_bin DEFAULT NULL,
  `TENANT_ID_` varchar(255) COLLATE utf8_bin DEFAULT '',
  PRIMARY KEY (`ID_`),
  KEY `ACT_FK_DEADLETTER_JOB_EXECUTION` (`EXECUTION_ID_`),
  KEY `ACT_FK_DEADLETTER_JOB_PROCESS_INSTANCE` (`PROCESS_INSTANCE_ID_`),
  KEY `ACT_FK_DEADLETTER_JOB_PROC_DEF` (`PROC_DEF_ID_`),
  KEY `ACT_FK_DEADLETTER_JOB_EXCEPTION` (`EXCEPTION_STACK_ID_`),
  CONSTRAINT `ACT_FK_DEADLETTER_JOB_EXCEPTION` FOREIGN KEY (`EXCEPTION_STACK_ID_`) REFERENCES `act_ge_bytearray` (`ID_`),
  CONSTRAINT `ACT_FK_DEADLETTER_JOB_EXECUTION` FOREIGN KEY (`EXECUTION_ID_`) REFERENCES `act_ru_execution` (`ID_`),
  CONSTRAINT `ACT_FK_DEADLETTER_JOB_PROCESS_INSTANCE` FOREIGN KEY (`PROCESS_INSTANCE_ID_`) REFERENCES `act_ru_execution` (`ID_`),
  CONSTRAINT `ACT_FK_DEADLETTER_JOB_PROC_DEF` FOREIGN KEY (`PROC_DEF_ID_`) REFERENCES `act_re_procdef` (`ID_`)
) ENGINE=InnoDB DEFAULT CHARSET=utf8 COLLATE=utf8_bin;

-- ----------------------------
-- Records of act_ru_deadletter_job
-- ----------------------------

-- ----------------------------
-- Table structure for act_ru_event_subscr
-- ----------------------------
DROP TABLE IF EXISTS `act_ru_event_subscr`;
CREATE TABLE `act_ru_event_subscr` (
  `ID_` varchar(64) COLLATE utf8_bin NOT NULL,
  `REV_` int(11) DEFAULT NULL,
  `EVENT_TYPE_` varchar(255) COLLATE utf8_bin NOT NULL,
  `EVENT_NAME_` varchar(255) COLLATE utf8_bin DEFAULT NULL,
  `EXECUTION_ID_` varchar(64) COLLATE utf8_bin DEFAULT NULL,
  `PROC_INST_ID_` varchar(64) COLLATE utf8_bin DEFAULT NULL,
  `ACTIVITY_ID_` varchar(64) COLLATE utf8_bin DEFAULT NULL,
  `CONFIGURATION_` varchar(255) COLLATE utf8_bin DEFAULT NULL,
  `CREATED_` timestamp(3) NOT NULL DEFAULT CURRENT_TIMESTAMP(3),
  `PROC_DEF_ID_` varchar(64) COLLATE utf8_bin DEFAULT NULL,
  `TENANT_ID_` varchar(255) COLLATE utf8_bin DEFAULT '',
  PRIMARY KEY (`ID_`),
  KEY `ACT_IDX_EVENT_SUBSCR_CONFIG_` (`CONFIGURATION_`),
  KEY `ACT_FK_EVENT_EXEC` (`EXECUTION_ID_`),
  CONSTRAINT `ACT_FK_EVENT_EXEC` FOREIGN KEY (`EXECUTION_ID_`) REFERENCES `act_ru_execution` (`ID_`)
) ENGINE=InnoDB DEFAULT CHARSET=utf8 COLLATE=utf8_bin;

-- ----------------------------
-- Records of act_ru_event_subscr
-- ----------------------------

-- ----------------------------
-- Table structure for act_ru_execution
-- ----------------------------
DROP TABLE IF EXISTS `act_ru_execution`;
CREATE TABLE `act_ru_execution` (
  `ID_` varchar(64) COLLATE utf8_bin NOT NULL,
  `REV_` int(11) DEFAULT NULL,
  `PROC_INST_ID_` varchar(64) COLLATE utf8_bin DEFAULT NULL,
  `BUSINESS_KEY_` varchar(255) COLLATE utf8_bin DEFAULT NULL,
  `PARENT_ID_` varchar(64) COLLATE utf8_bin DEFAULT NULL,
  `PROC_DEF_ID_` varchar(64) COLLATE utf8_bin DEFAULT NULL,
  `SUPER_EXEC_` varchar(64) COLLATE utf8_bin DEFAULT NULL,
  `ROOT_PROC_INST_ID_` varchar(64) COLLATE utf8_bin DEFAULT NULL,
  `ACT_ID_` varchar(255) COLLATE utf8_bin DEFAULT NULL,
  `IS_ACTIVE_` tinyint(4) DEFAULT NULL,
  `IS_CONCURRENT_` tinyint(4) DEFAULT NULL,
  `IS_SCOPE_` tinyint(4) DEFAULT NULL,
  `IS_EVENT_SCOPE_` tinyint(4) DEFAULT NULL,
  `IS_MI_ROOT_` tinyint(4) DEFAULT NULL,
  `SUSPENSION_STATE_` int(11) DEFAULT NULL,
  `CACHED_ENT_STATE_` int(11) DEFAULT NULL,
  `TENANT_ID_` varchar(255) COLLATE utf8_bin DEFAULT '',
  `NAME_` varchar(255) COLLATE utf8_bin DEFAULT NULL,
  `START_TIME_` datetime(3) DEFAULT NULL,
  `START_USER_ID_` varchar(255) COLLATE utf8_bin DEFAULT NULL,
  `LOCK_TIME_` timestamp(3) NULL DEFAULT NULL,
  `IS_COUNT_ENABLED_` tinyint(4) DEFAULT NULL,
  `EVT_SUBSCR_COUNT_` int(11) DEFAULT NULL,
  `TASK_COUNT_` int(11) DEFAULT NULL,
  `JOB_COUNT_` int(11) DEFAULT NULL,
  `TIMER_JOB_COUNT_` int(11) DEFAULT NULL,
  `SUSP_JOB_COUNT_` int(11) DEFAULT NULL,
  `DEADLETTER_JOB_COUNT_` int(11) DEFAULT NULL,
  `VAR_COUNT_` int(11) DEFAULT NULL,
  `ID_LINK_COUNT_` int(11) DEFAULT NULL,
  PRIMARY KEY (`ID_`),
  KEY `ACT_IDX_EXEC_BUSKEY` (`BUSINESS_KEY_`),
  KEY `ACT_IDC_EXEC_ROOT` (`ROOT_PROC_INST_ID_`),
  KEY `ACT_FK_EXE_PROCINST` (`PROC_INST_ID_`),
  KEY `ACT_FK_EXE_PARENT` (`PARENT_ID_`),
  KEY `ACT_FK_EXE_SUPER` (`SUPER_EXEC_`),
  KEY `ACT_FK_EXE_PROCDEF` (`PROC_DEF_ID_`),
  CONSTRAINT `ACT_FK_EXE_PARENT` FOREIGN KEY (`PARENT_ID_`) REFERENCES `act_ru_execution` (`ID_`) ON DELETE CASCADE,
  CONSTRAINT `ACT_FK_EXE_PROCDEF` FOREIGN KEY (`PROC_DEF_ID_`) REFERENCES `act_re_procdef` (`ID_`),
  CONSTRAINT `ACT_FK_EXE_PROCINST` FOREIGN KEY (`PROC_INST_ID_`) REFERENCES `act_ru_execution` (`ID_`) ON DELETE CASCADE ON UPDATE CASCADE,
  CONSTRAINT `ACT_FK_EXE_SUPER` FOREIGN KEY (`SUPER_EXEC_`) REFERENCES `act_ru_execution` (`ID_`) ON DELETE CASCADE
) ENGINE=InnoDB DEFAULT CHARSET=utf8 COLLATE=utf8_bin;

-- ----------------------------
-- Records of act_ru_execution
-- ----------------------------
INSERT INTO `act_ru_execution` VALUES ('2501', '1', '2501', '39', null, 'leave:2:11', null, '2501', null, '1', '0', '1', '0', '0', '1', null, '', null, '2021-05-09 17:53:16.403', 'chengxy', null, '0', '0', '0', '0', '0', '0', '0', '0', '0');
INSERT INTO `act_ru_execution` VALUES ('2504', '1', '2501', null, '2501', 'leave:2:11', null, '2501', 'deptLeaderVerify', '1', '0', '0', '0', '0', '1', null, '', null, '2021-05-09 17:53:16.604', null, null, '0', '0', '0', '0', '0', '0', '0', '0', '0');
INSERT INTO `act_ru_execution` VALUES ('2509', '1', '2509', '40', null, 'leave:2:11', null, '2509', null, '1', '0', '1', '0', '0', '1', null, '', null, '2021-05-09 17:57:06.316', 'chengxy', null, '0', '0', '0', '0', '0', '0', '0', '0', '0');
INSERT INTO `act_ru_execution` VALUES ('2512', '1', '2509', null, '2509', 'leave:2:11', null, '2509', 'deptLeaderVerify', '1', '0', '0', '0', '0', '1', null, '', null, '2021-05-09 17:57:06.318', null, null, '0', '0', '0', '0', '0', '0', '0', '0', '0');
INSERT INTO `act_ru_execution` VALUES ('2517', '1', '2517', '41', null, 'leave:2:11', null, '2517', null, '1', '0', '1', '0', '0', '1', null, '', null, '2021-05-09 18:23:14.949', 'chengxy', null, '0', '0', '0', '0', '0', '0', '0', '0', '0');
INSERT INTO `act_ru_execution` VALUES ('2520', '1', '2517', null, '2517', 'leave:2:11', null, '2517', 'deptLeaderVerify', '1', '0', '0', '0', '0', '1', null, '', null, '2021-05-09 18:23:14.949', null, null, '0', '0', '0', '0', '0', '0', '0', '0', '0');
INSERT INTO `act_ru_execution` VALUES ('2525', '1', '2525', '42', null, 'leave:2:11', null, '2525', null, '1', '0', '1', '0', '0', '1', null, '', null, '2021-05-09 18:59:27.192', 'chengxy', null, '0', '0', '0', '0', '0', '0', '0', '0', '0');
INSERT INTO `act_ru_execution` VALUES ('2528', '1', '2525', null, '2525', 'leave:2:11', null, '2525', 'deptLeaderVerify', '1', '0', '0', '0', '0', '1', null, '', null, '2021-05-09 18:59:27.192', null, null, '0', '0', '0', '0', '0', '0', '0', '0', '0');
INSERT INTO `act_ru_execution` VALUES ('34', '1', '34', '36', null, 'leave:2:11', null, '34', null, '1', '0', '1', '0', '0', '1', null, '', null, '2021-05-06 20:56:29.693', 'chengxy', null, '0', '0', '0', '0', '0', '0', '0', '0', '0');
INSERT INTO `act_ru_execution` VALUES ('37', '3', '34', null, '34', 'leave:2:11', null, '34', 'reportBack', '1', '0', '0', '0', '0', '1', null, '', null, '2021-05-06 20:56:29.693', null, null, '0', '0', '0', '0', '0', '0', '0', '0', '0');
INSERT INTO `act_ru_execution` VALUES ('42', '1', '42', '37', null, 'leave:2:11', null, '42', null, '1', '0', '1', '0', '0', '1', null, '', null, '2021-05-06 20:56:34.221', 'chengxy', null, '0', '0', '0', '0', '0', '0', '0', '0', '0');
INSERT INTO `act_ru_execution` VALUES ('45', '1', '42', null, '42', 'leave:2:11', null, '42', 'deptLeaderVerify', '1', '0', '0', '0', '0', '1', null, '', null, '2021-05-06 20:56:34.222', null, null, '0', '0', '0', '0', '0', '0', '0', '0', '0');
INSERT INTO `act_ru_execution` VALUES ('5001', '1', '5001', '48', null, 'leave:2:11', null, '5001', null, '1', '0', '1', '0', '0', '1', null, '', null, '2021-05-09 23:54:33.647', 'chengxy', null, '0', '0', '0', '0', '0', '0', '0', '0', '0');
INSERT INTO `act_ru_execution` VALUES ('5004', '1', '5001', null, '5001', 'leave:2:11', null, '5001', 'deptLeaderVerify', '1', '0', '0', '0', '0', '1', null, '', null, '2021-05-09 23:54:33.739', null, null, '0', '0', '0', '0', '0', '0', '0', '0', '0');
INSERT INTO `act_ru_execution` VALUES ('5041', '1', '5041', '49', null, 'leave:2:11', null, '5041', null, '1', '0', '1', '0', '0', '1', null, '', null, '2021-05-10 00:01:30.750', 'chengxy', null, '0', '0', '0', '0', '0', '0', '0', '0', '0');
INSERT INTO `act_ru_execution` VALUES ('5044', '1', '5041', null, '5041', 'leave:2:11', null, '5041', 'deptLeaderVerify', '1', '0', '0', '0', '0', '1', null, '', null, '2021-05-10 00:01:30.750', null, null, '0', '0', '0', '0', '0', '0', '0', '0', '0');
INSERT INTO `act_ru_execution` VALUES ('5049', '1', '5049', '50', null, 'leave:2:11', null, '5049', null, '1', '0', '1', '0', '0', '1', null, '', null, '2021-05-10 00:02:12.268', 'chengxy', null, '0', '0', '0', '0', '0', '0', '0', '0', '0');
INSERT INTO `act_ru_execution` VALUES ('5052', '1', '5049', null, '5049', 'leave:2:11', null, '5049', 'deptLeaderVerify', '1', '0', '0', '0', '0', '1', null, '', null, '2021-05-10 00:02:12.268', null, null, '0', '0', '0', '0', '0', '0', '0', '0', '0');

-- ----------------------------
-- Table structure for act_ru_identitylink
-- ----------------------------
DROP TABLE IF EXISTS `act_ru_identitylink`;
CREATE TABLE `act_ru_identitylink` (
  `ID_` varchar(64) COLLATE utf8_bin NOT NULL,
  `REV_` int(11) DEFAULT NULL,
  `GROUP_ID_` varchar(255) COLLATE utf8_bin DEFAULT NULL,
  `TYPE_` varchar(255) COLLATE utf8_bin DEFAULT NULL,
  `USER_ID_` varchar(255) COLLATE utf8_bin DEFAULT NULL,
  `TASK_ID_` varchar(64) COLLATE utf8_bin DEFAULT NULL,
  `PROC_INST_ID_` varchar(64) COLLATE utf8_bin DEFAULT NULL,
  `PROC_DEF_ID_` varchar(64) COLLATE utf8_bin DEFAULT NULL,
  PRIMARY KEY (`ID_`),
  KEY `ACT_IDX_IDENT_LNK_USER` (`USER_ID_`),
  KEY `ACT_IDX_IDENT_LNK_GROUP` (`GROUP_ID_`),
  KEY `ACT_IDX_ATHRZ_PROCEDEF` (`PROC_DEF_ID_`),
  KEY `ACT_FK_TSKASS_TASK` (`TASK_ID_`),
  KEY `ACT_FK_IDL_PROCINST` (`PROC_INST_ID_`),
  CONSTRAINT `ACT_FK_ATHRZ_PROCEDEF` FOREIGN KEY (`PROC_DEF_ID_`) REFERENCES `act_re_procdef` (`ID_`),
  CONSTRAINT `ACT_FK_IDL_PROCINST` FOREIGN KEY (`PROC_INST_ID_`) REFERENCES `act_ru_execution` (`ID_`),
  CONSTRAINT `ACT_FK_TSKASS_TASK` FOREIGN KEY (`TASK_ID_`) REFERENCES `act_ru_task` (`ID_`)
) ENGINE=InnoDB DEFAULT CHARSET=utf8 COLLATE=utf8_bin;

-- ----------------------------
-- Records of act_ru_identitylink
-- ----------------------------
INSERT INTO `act_ru_identitylink` VALUES ('2503', '1', null, 'starter', 'chengxy', null, '2501', null);
INSERT INTO `act_ru_identitylink` VALUES ('2508', '1', 'deptLeader', 'candidate', null, '2507', null, null);
INSERT INTO `act_ru_identitylink` VALUES ('2511', '1', null, 'starter', 'chengxy', null, '2509', null);
INSERT INTO `act_ru_identitylink` VALUES ('2516', '1', 'deptLeader', 'candidate', null, '2515', null, null);
INSERT INTO `act_ru_identitylink` VALUES ('2519', '1', null, 'starter', 'chengxy', null, '2517', null);
INSERT INTO `act_ru_identitylink` VALUES ('2524', '1', 'deptLeader', 'candidate', null, '2523', null, null);
INSERT INTO `act_ru_identitylink` VALUES ('2527', '1', null, 'starter', 'chengxy', null, '2525', null);
INSERT INTO `act_ru_identitylink` VALUES ('2532', '1', 'deptLeader', 'candidate', null, '2531', null, null);
INSERT INTO `act_ru_identitylink` VALUES ('36', '1', null, 'starter', 'chengxy', null, '34', null);
INSERT INTO `act_ru_identitylink` VALUES ('44', '1', null, 'starter', 'chengxy', null, '42', null);
INSERT INTO `act_ru_identitylink` VALUES ('49', '1', 'deptLeader', 'candidate', null, '48', null, null);
INSERT INTO `act_ru_identitylink` VALUES ('5003', '1', null, 'starter', 'chengxy', null, '5001', null);
INSERT INTO `act_ru_identitylink` VALUES ('5008', '1', 'deptLeader', 'candidate', null, '5007', null, null);
INSERT INTO `act_ru_identitylink` VALUES ('5043', '1', null, 'starter', 'chengxy', null, '5041', null);
INSERT INTO `act_ru_identitylink` VALUES ('5048', '1', 'deptLeader', 'candidate', null, '5047', null, null);
INSERT INTO `act_ru_identitylink` VALUES ('5051', '1', null, 'starter', 'chengxy', null, '5049', null);
INSERT INTO `act_ru_identitylink` VALUES ('5056', '1', 'deptLeader', 'candidate', null, '5055', null, null);
INSERT INTO `act_ru_identitylink` VALUES ('53', '1', null, 'participant', 'axianlu', null, '34', null);
INSERT INTO `act_ru_identitylink` VALUES ('62', '1', null, 'participant', 'rensm', null, '34', null);

-- ----------------------------
-- Table structure for act_ru_job
-- ----------------------------
DROP TABLE IF EXISTS `act_ru_job`;
CREATE TABLE `act_ru_job` (
  `ID_` varchar(64) COLLATE utf8_bin NOT NULL,
  `REV_` int(11) DEFAULT NULL,
  `TYPE_` varchar(255) COLLATE utf8_bin NOT NULL,
  `LOCK_EXP_TIME_` timestamp(3) NULL DEFAULT NULL,
  `LOCK_OWNER_` varchar(255) COLLATE utf8_bin DEFAULT NULL,
  `EXCLUSIVE_` tinyint(1) DEFAULT NULL,
  `EXECUTION_ID_` varchar(64) COLLATE utf8_bin DEFAULT NULL,
  `PROCESS_INSTANCE_ID_` varchar(64) COLLATE utf8_bin DEFAULT NULL,
  `PROC_DEF_ID_` varchar(64) COLLATE utf8_bin DEFAULT NULL,
  `RETRIES_` int(11) DEFAULT NULL,
  `EXCEPTION_STACK_ID_` varchar(64) COLLATE utf8_bin DEFAULT NULL,
  `EXCEPTION_MSG_` varchar(4000) COLLATE utf8_bin DEFAULT NULL,
  `DUEDATE_` timestamp(3) NULL DEFAULT NULL,
  `REPEAT_` varchar(255) COLLATE utf8_bin DEFAULT NULL,
  `HANDLER_TYPE_` varchar(255) COLLATE utf8_bin DEFAULT NULL,
  `HANDLER_CFG_` varchar(4000) COLLATE utf8_bin DEFAULT NULL,
  `TENANT_ID_` varchar(255) COLLATE utf8_bin DEFAULT '',
  PRIMARY KEY (`ID_`),
  KEY `ACT_FK_JOB_EXECUTION` (`EXECUTION_ID_`),
  KEY `ACT_FK_JOB_PROCESS_INSTANCE` (`PROCESS_INSTANCE_ID_`),
  KEY `ACT_FK_JOB_PROC_DEF` (`PROC_DEF_ID_`),
  KEY `ACT_FK_JOB_EXCEPTION` (`EXCEPTION_STACK_ID_`),
  CONSTRAINT `ACT_FK_JOB_EXCEPTION` FOREIGN KEY (`EXCEPTION_STACK_ID_`) REFERENCES `act_ge_bytearray` (`ID_`),
  CONSTRAINT `ACT_FK_JOB_EXECUTION` FOREIGN KEY (`EXECUTION_ID_`) REFERENCES `act_ru_execution` (`ID_`),
  CONSTRAINT `ACT_FK_JOB_PROCESS_INSTANCE` FOREIGN KEY (`PROCESS_INSTANCE_ID_`) REFERENCES `act_ru_execution` (`ID_`),
  CONSTRAINT `ACT_FK_JOB_PROC_DEF` FOREIGN KEY (`PROC_DEF_ID_`) REFERENCES `act_re_procdef` (`ID_`)
) ENGINE=InnoDB DEFAULT CHARSET=utf8 COLLATE=utf8_bin;

-- ----------------------------
-- Records of act_ru_job
-- ----------------------------

-- ----------------------------
-- Table structure for act_ru_suspended_job
-- ----------------------------
DROP TABLE IF EXISTS `act_ru_suspended_job`;
CREATE TABLE `act_ru_suspended_job` (
  `ID_` varchar(64) COLLATE utf8_bin NOT NULL,
  `REV_` int(11) DEFAULT NULL,
  `TYPE_` varchar(255) COLLATE utf8_bin NOT NULL,
  `EXCLUSIVE_` tinyint(1) DEFAULT NULL,
  `EXECUTION_ID_` varchar(64) COLLATE utf8_bin DEFAULT NULL,
  `PROCESS_INSTANCE_ID_` varchar(64) COLLATE utf8_bin DEFAULT NULL,
  `PROC_DEF_ID_` varchar(64) COLLATE utf8_bin DEFAULT NULL,
  `RETRIES_` int(11) DEFAULT NULL,
  `EXCEPTION_STACK_ID_` varchar(64) COLLATE utf8_bin DEFAULT NULL,
  `EXCEPTION_MSG_` varchar(4000) COLLATE utf8_bin DEFAULT NULL,
  `DUEDATE_` timestamp(3) NULL DEFAULT NULL,
  `REPEAT_` varchar(255) COLLATE utf8_bin DEFAULT NULL,
  `HANDLER_TYPE_` varchar(255) COLLATE utf8_bin DEFAULT NULL,
  `HANDLER_CFG_` varchar(4000) COLLATE utf8_bin DEFAULT NULL,
  `TENANT_ID_` varchar(255) COLLATE utf8_bin DEFAULT '',
  PRIMARY KEY (`ID_`),
  KEY `ACT_FK_SUSPENDED_JOB_EXECUTION` (`EXECUTION_ID_`),
  KEY `ACT_FK_SUSPENDED_JOB_PROCESS_INSTANCE` (`PROCESS_INSTANCE_ID_`),
  KEY `ACT_FK_SUSPENDED_JOB_PROC_DEF` (`PROC_DEF_ID_`),
  KEY `ACT_FK_SUSPENDED_JOB_EXCEPTION` (`EXCEPTION_STACK_ID_`),
  CONSTRAINT `ACT_FK_SUSPENDED_JOB_EXCEPTION` FOREIGN KEY (`EXCEPTION_STACK_ID_`) REFERENCES `act_ge_bytearray` (`ID_`),
  CONSTRAINT `ACT_FK_SUSPENDED_JOB_EXECUTION` FOREIGN KEY (`EXECUTION_ID_`) REFERENCES `act_ru_execution` (`ID_`),
  CONSTRAINT `ACT_FK_SUSPENDED_JOB_PROCESS_INSTANCE` FOREIGN KEY (`PROCESS_INSTANCE_ID_`) REFERENCES `act_ru_execution` (`ID_`),
  CONSTRAINT `ACT_FK_SUSPENDED_JOB_PROC_DEF` FOREIGN KEY (`PROC_DEF_ID_`) REFERENCES `act_re_procdef` (`ID_`)
) ENGINE=InnoDB DEFAULT CHARSET=utf8 COLLATE=utf8_bin;

-- ----------------------------
-- Records of act_ru_suspended_job
-- ----------------------------

-- ----------------------------
-- Table structure for act_ru_task
-- ----------------------------
DROP TABLE IF EXISTS `act_ru_task`;
CREATE TABLE `act_ru_task` (
  `ID_` varchar(64) COLLATE utf8_bin NOT NULL,
  `REV_` int(11) DEFAULT NULL,
  `EXECUTION_ID_` varchar(64) COLLATE utf8_bin DEFAULT NULL,
  `PROC_INST_ID_` varchar(64) COLLATE utf8_bin DEFAULT NULL,
  `PROC_DEF_ID_` varchar(64) COLLATE utf8_bin DEFAULT NULL,
  `NAME_` varchar(255) COLLATE utf8_bin DEFAULT NULL,
  `PARENT_TASK_ID_` varchar(64) COLLATE utf8_bin DEFAULT NULL,
  `DESCRIPTION_` varchar(4000) COLLATE utf8_bin DEFAULT NULL,
  `TASK_DEF_KEY_` varchar(255) COLLATE utf8_bin DEFAULT NULL,
  `OWNER_` varchar(255) COLLATE utf8_bin DEFAULT NULL,
  `ASSIGNEE_` varchar(255) COLLATE utf8_bin DEFAULT NULL,
  `DELEGATION_` varchar(64) COLLATE utf8_bin DEFAULT NULL,
  `PRIORITY_` int(11) DEFAULT NULL,
  `CREATE_TIME_` timestamp(3) NULL DEFAULT NULL,
  `DUE_DATE_` datetime(3) DEFAULT NULL,
  `CATEGORY_` varchar(255) COLLATE utf8_bin DEFAULT NULL,
  `SUSPENSION_STATE_` int(11) DEFAULT NULL,
  `TENANT_ID_` varchar(255) COLLATE utf8_bin DEFAULT '',
  `FORM_KEY_` varchar(255) COLLATE utf8_bin DEFAULT NULL,
  `CLAIM_TIME_` datetime(3) DEFAULT NULL,
  PRIMARY KEY (`ID_`),
  KEY `ACT_IDX_TASK_CREATE` (`CREATE_TIME_`),
  KEY `ACT_FK_TASK_EXE` (`EXECUTION_ID_`),
  KEY `ACT_FK_TASK_PROCINST` (`PROC_INST_ID_`),
  KEY `ACT_FK_TASK_PROCDEF` (`PROC_DEF_ID_`),
  CONSTRAINT `ACT_FK_TASK_EXE` FOREIGN KEY (`EXECUTION_ID_`) REFERENCES `act_ru_execution` (`ID_`),
  CONSTRAINT `ACT_FK_TASK_PROCDEF` FOREIGN KEY (`PROC_DEF_ID_`) REFERENCES `act_re_procdef` (`ID_`),
  CONSTRAINT `ACT_FK_TASK_PROCINST` FOREIGN KEY (`PROC_INST_ID_`) REFERENCES `act_ru_execution` (`ID_`)
) ENGINE=InnoDB DEFAULT CHARSET=utf8 COLLATE=utf8_bin;

-- ----------------------------
-- Records of act_ru_task
-- ----------------------------
INSERT INTO `act_ru_task` VALUES ('2507', '1', '2504', '2501', 'leave:2:11', '主管审批', null, null, 'deptLeaderVerify', null, null, null, '50', '2021-05-09 17:53:16.751', null, null, '1', '', null, null);
INSERT INTO `act_ru_task` VALUES ('2515', '1', '2512', '2509', 'leave:2:11', '主管审批', null, null, 'deptLeaderVerify', null, null, null, '50', '2021-05-09 17:57:06.321', null, null, '1', '', null, null);
INSERT INTO `act_ru_task` VALUES ('2523', '1', '2520', '2517', 'leave:2:11', '主管审批', null, null, 'deptLeaderVerify', null, null, null, '50', '2021-05-09 18:23:14.949', null, null, '1', '', null, null);
INSERT INTO `act_ru_task` VALUES ('2531', '1', '2528', '2525', 'leave:2:11', '主管审批', null, null, 'deptLeaderVerify', null, null, null, '50', '2021-05-09 18:59:27.193', null, null, '1', '', null, null);
INSERT INTO `act_ru_task` VALUES ('48', '1', '45', '42', 'leave:2:11', '主管审批', null, null, 'deptLeaderVerify', null, null, null, '50', '2021-05-06 20:56:34.222', null, null, '1', '', null, null);
INSERT INTO `act_ru_task` VALUES ('5007', '1', '5004', '5001', 'leave:2:11', '主管审批', null, null, 'deptLeaderVerify', null, null, null, '50', '2021-05-09 23:54:33.765', null, null, '1', '', null, null);
INSERT INTO `act_ru_task` VALUES ('5047', '1', '5044', '5041', 'leave:2:11', '主管审批', null, null, 'deptLeaderVerify', null, null, null, '50', '2021-05-10 00:01:30.750', null, null, '1', '', null, null);
INSERT INTO `act_ru_task` VALUES ('5055', '1', '5052', '5049', 'leave:2:11', '主管审批', null, null, 'deptLeaderVerify', null, null, null, '50', '2021-05-10 00:02:12.268', null, null, '1', '', null, null);
INSERT INTO `act_ru_task` VALUES ('65', '1', '37', '34', 'leave:2:11', '项目启动确认', null, null, 'reportBack', null, 'chengxy', null, '50', '2021-05-06 20:57:10.611', null, null, '1', '', null, null);

-- ----------------------------
-- Table structure for act_ru_timer_job
-- ----------------------------
DROP TABLE IF EXISTS `act_ru_timer_job`;
CREATE TABLE `act_ru_timer_job` (
  `ID_` varchar(64) COLLATE utf8_bin NOT NULL,
  `REV_` int(11) DEFAULT NULL,
  `TYPE_` varchar(255) COLLATE utf8_bin NOT NULL,
  `LOCK_EXP_TIME_` timestamp(3) NULL DEFAULT NULL,
  `LOCK_OWNER_` varchar(255) COLLATE utf8_bin DEFAULT NULL,
  `EXCLUSIVE_` tinyint(1) DEFAULT NULL,
  `EXECUTION_ID_` varchar(64) COLLATE utf8_bin DEFAULT NULL,
  `PROCESS_INSTANCE_ID_` varchar(64) COLLATE utf8_bin DEFAULT NULL,
  `PROC_DEF_ID_` varchar(64) COLLATE utf8_bin DEFAULT NULL,
  `RETRIES_` int(11) DEFAULT NULL,
  `EXCEPTION_STACK_ID_` varchar(64) COLLATE utf8_bin DEFAULT NULL,
  `EXCEPTION_MSG_` varchar(4000) COLLATE utf8_bin DEFAULT NULL,
  `DUEDATE_` timestamp(3) NULL DEFAULT NULL,
  `REPEAT_` varchar(255) COLLATE utf8_bin DEFAULT NULL,
  `HANDLER_TYPE_` varchar(255) COLLATE utf8_bin DEFAULT NULL,
  `HANDLER_CFG_` varchar(4000) COLLATE utf8_bin DEFAULT NULL,
  `TENANT_ID_` varchar(255) COLLATE utf8_bin DEFAULT '',
  PRIMARY KEY (`ID_`),
  KEY `ACT_FK_TIMER_JOB_EXECUTION` (`EXECUTION_ID_`),
  KEY `ACT_FK_TIMER_JOB_PROCESS_INSTANCE` (`PROCESS_INSTANCE_ID_`),
  KEY `ACT_FK_TIMER_JOB_PROC_DEF` (`PROC_DEF_ID_`),
  KEY `ACT_FK_TIMER_JOB_EXCEPTION` (`EXCEPTION_STACK_ID_`),
  CONSTRAINT `ACT_FK_TIMER_JOB_EXCEPTION` FOREIGN KEY (`EXCEPTION_STACK_ID_`) REFERENCES `act_ge_bytearray` (`ID_`),
  CONSTRAINT `ACT_FK_TIMER_JOB_EXECUTION` FOREIGN KEY (`EXECUTION_ID_`) REFERENCES `act_ru_execution` (`ID_`),
  CONSTRAINT `ACT_FK_TIMER_JOB_PROCESS_INSTANCE` FOREIGN KEY (`PROCESS_INSTANCE_ID_`) REFERENCES `act_ru_execution` (`ID_`),
  CONSTRAINT `ACT_FK_TIMER_JOB_PROC_DEF` FOREIGN KEY (`PROC_DEF_ID_`) REFERENCES `act_re_procdef` (`ID_`)
) ENGINE=InnoDB DEFAULT CHARSET=utf8 COLLATE=utf8_bin;

-- ----------------------------
-- Records of act_ru_timer_job
-- ----------------------------

-- ----------------------------
-- Table structure for act_ru_variable
-- ----------------------------
DROP TABLE IF EXISTS `act_ru_variable`;
CREATE TABLE `act_ru_variable` (
  `ID_` varchar(64) COLLATE utf8_bin NOT NULL,
  `REV_` int(11) DEFAULT NULL,
  `TYPE_` varchar(255) COLLATE utf8_bin NOT NULL,
  `NAME_` varchar(255) COLLATE utf8_bin NOT NULL,
  `EXECUTION_ID_` varchar(64) COLLATE utf8_bin DEFAULT NULL,
  `PROC_INST_ID_` varchar(64) COLLATE utf8_bin DEFAULT NULL,
  `TASK_ID_` varchar(64) COLLATE utf8_bin DEFAULT NULL,
  `BYTEARRAY_ID_` varchar(64) COLLATE utf8_bin DEFAULT NULL,
  `DOUBLE_` double DEFAULT NULL,
  `LONG_` bigint(20) DEFAULT NULL,
  `TEXT_` varchar(4000) COLLATE utf8_bin DEFAULT NULL,
  `TEXT2_` varchar(4000) COLLATE utf8_bin DEFAULT NULL,
  PRIMARY KEY (`ID_`),
  KEY `ACT_IDX_VARIABLE_TASK_ID` (`TASK_ID_`),
  KEY `ACT_FK_VAR_EXE` (`EXECUTION_ID_`),
  KEY `ACT_FK_VAR_PROCINST` (`PROC_INST_ID_`),
  KEY `ACT_FK_VAR_BYTEARRAY` (`BYTEARRAY_ID_`),
  CONSTRAINT `ACT_FK_VAR_BYTEARRAY` FOREIGN KEY (`BYTEARRAY_ID_`) REFERENCES `act_ge_bytearray` (`ID_`),
  CONSTRAINT `ACT_FK_VAR_EXE` FOREIGN KEY (`EXECUTION_ID_`) REFERENCES `act_ru_execution` (`ID_`),
  CONSTRAINT `ACT_FK_VAR_PROCINST` FOREIGN KEY (`PROC_INST_ID_`) REFERENCES `act_ru_execution` (`ID_`)
) ENGINE=InnoDB DEFAULT CHARSET=utf8 COLLATE=utf8_bin;

-- ----------------------------
-- Records of act_ru_variable
-- ----------------------------
INSERT INTO `act_ru_variable` VALUES ('2502', '1', 'string', 'applyUserId', '2501', '2501', null, null, null, null, 'chengxy', null);
INSERT INTO `act_ru_variable` VALUES ('2510', '1', 'string', 'applyUserId', '2509', '2509', null, null, null, null, 'chengxy', null);
INSERT INTO `act_ru_variable` VALUES ('2518', '1', 'string', 'applyUserId', '2517', '2517', null, null, null, null, 'chengxy', null);
INSERT INTO `act_ru_variable` VALUES ('2526', '1', 'string', 'applyUserId', '2525', '2525', null, null, null, null, 'chengxy', null);
INSERT INTO `act_ru_variable` VALUES ('35', '1', 'string', 'applyUserId', '34', '34', null, null, null, null, 'chengxy', null);
INSERT INTO `act_ru_variable` VALUES ('43', '1', 'string', 'applyUserId', '42', '42', null, null, null, null, 'chengxy', null);
INSERT INTO `act_ru_variable` VALUES ('5002', '1', 'string', 'applyUserId', '5001', '5001', null, null, null, null, 'chengxy', null);
INSERT INTO `act_ru_variable` VALUES ('5042', '1', 'string', 'applyUserId', '5041', '5041', null, null, null, null, 'chengxy', null);
INSERT INTO `act_ru_variable` VALUES ('5050', '1', 'string', 'applyUserId', '5049', '5049', null, null, null, null, 'chengxy', null);
INSERT INTO `act_ru_variable` VALUES ('51', '1', 'boolean', 'deptLeaderApproved', '34', '34', null, null, null, '1', null, null);
INSERT INTO `act_ru_variable` VALUES ('52', '2', 'string', 'comment', '34', '34', null, null, null, null, '阿达的阿萨德', null);
INSERT INTO `act_ru_variable` VALUES ('59', '1', 'boolean', 'hrApproved', '34', '34', null, null, null, '1', null, null);

-- ----------------------------
-- Table structure for biz_leave
-- ----------------------------
DROP TABLE IF EXISTS `biz_leave`;
CREATE TABLE `biz_leave` (
  `id` bigint(20) NOT NULL AUTO_INCREMENT COMMENT '主键ID',
  `type` char(20) DEFAULT NULL COMMENT '请假类型',
  `title` varchar(100) DEFAULT NULL COMMENT '标题',
  `reason` varchar(500) DEFAULT NULL COMMENT '原因',
  `leave_start_time` datetime DEFAULT NULL COMMENT '开始时间',
  `leave_end_time` datetime DEFAULT NULL COMMENT '结束时间',
  `total_time` bigint(11) DEFAULT NULL COMMENT '请假时长，单位秒',
  `instance_id` varchar(32) DEFAULT NULL COMMENT '流程实例ID',
  `create_by` varchar(64) DEFAULT '' COMMENT '创建者',
  `create_time` datetime DEFAULT NULL COMMENT '创建时间',
  `update_by` varchar(64) DEFAULT '' COMMENT '更新者',
  `update_time` datetime DEFAULT NULL COMMENT '更新时间',
  `apply_user` varchar(64) DEFAULT NULL COMMENT '申请人',
  `apply_time` datetime DEFAULT NULL COMMENT '申请时间',
  `reality_start_time` datetime DEFAULT NULL COMMENT '实际开始时间',
  `reality_end_time` datetime DEFAULT NULL COMMENT '实际结束时间',
  `leaders` varchar(100) DEFAULT NULL,
  PRIMARY KEY (`id`) USING BTREE
) ENGINE=InnoDB AUTO_INCREMENT=51 DEFAULT CHARSET=utf8 ROW_FORMAT=DYNAMIC;

-- ----------------------------
-- Records of biz_leave
-- ----------------------------
INSERT INTO `biz_leave` VALUES ('35', 'leave', '123123123123', '123123123123123', '2021-05-13 00:00:00', '2021-06-25 00:00:00', '3715200', '12', 'chengxy', '2021-05-06 16:34:51', 'chengxy', null, 'chengxy', '2021-05-06 16:34:56', null, null, null);
INSERT INTO `biz_leave` VALUES ('36', 'leave', '阿萨德发斯蒂芬', '阿斯顿发生发撒的发帅法', '2021-05-11 00:00:00', '2021-06-17 00:00:00', '3196800', '34', 'chengxy', '2021-05-06 20:52:35', 'chengxy', '2021-05-06 20:54:50', 'chengxy', '2021-05-06 20:56:30', null, null, null);
INSERT INTO `biz_leave` VALUES ('37', 'leave', '发撒的发阿萨德飞撒的发', '阿萨德飞阿萨德飞阿萨德飞', '2021-04-26 00:00:00', '2021-07-03 00:00:00', '5875200', '42', 'chengxy', '2021-05-06 20:55:42', 'chengxy', null, 'chengxy', '2021-05-06 20:56:34', null, null, null);
INSERT INTO `biz_leave` VALUES ('38', 'leave', '004', 'asdasdasdasdasd', '2021-05-03 00:00:00', '2021-06-25 00:00:00', '4579200', '66', 'chengxy', '2021-05-06 21:01:09', 'chengxy', '2021-05-06 21:08:17', 'chengxy', '2021-05-06 21:01:12', '2021-05-03 00:00:00', '2021-05-29 00:00:00', null);
INSERT INTO `biz_leave` VALUES ('39', 'leave', '0509测试', '暗杀大神大所的', '2021-05-19 00:00:00', '2021-06-17 00:00:00', '2505600', '2501', 'chengxy', '2021-05-09 17:42:09', 'chengxy', null, 'chengxy', '2021-05-09 17:51:57', null, null, null);
INSERT INTO `biz_leave` VALUES ('40', 'leave', '0509测试002', '撒的发是梵蒂冈', '2021-05-04 00:00:00', '2021-06-17 00:00:00', '3801600', '2509', 'chengxy', '2021-05-09 17:56:27', 'chengxy', null, 'chengxy', '2021-05-09 17:56:58', null, null, null);
INSERT INTO `biz_leave` VALUES ('41', 'leave', '0509测试003', '0509测试003', '2021-05-13 00:00:00', '2021-06-30 00:00:00', '4147200', '2517', 'chengxy', '2021-05-09 18:23:12', 'chengxy', null, 'chengxy', '2021-05-09 18:23:15', null, null, null);
INSERT INTO `biz_leave` VALUES ('42', 'leave', '测试006', '测试006', '2021-05-04 00:00:00', '2021-07-08 00:00:00', '5616000', '2525', 'chengxy', '2021-05-09 18:59:19', 'chengxy', null, 'chengxy', '2021-05-09 18:59:27', null, null, null);
INSERT INTO `biz_leave` VALUES ('43', 'leave', 'qweqweqweqweqweqw', 'asdadasdasd', '2021-05-03 00:00:00', '2021-05-05 00:00:00', '172800', null, 'chengxy', '2021-05-09 23:30:45', '', null, null, null, null, null, null);
INSERT INTO `biz_leave` VALUES ('44', 'leave', '123123', '123123123', '2021-05-20 00:00:00', '2021-07-02 00:00:00', '3715200', null, 'chengxy', '2021-05-09 23:32:22', '', null, null, null, null, null, null);
INSERT INTO `biz_leave` VALUES ('45', 'leave', '12312313123123', '123123123123123', '2021-05-05 00:00:00', '2021-06-07 00:00:00', '2851200', null, 'chengxy', '2021-05-09 23:34:04', '', null, null, null, null, null, null);
INSERT INTO `biz_leave` VALUES ('46', 'leave', '123123123123123', '123123123123123', '2021-05-16 00:00:00', '2021-05-22 00:00:00', '518400', null, 'chengxy', '2021-05-09 23:36:18', '', null, null, null, null, null, null);
INSERT INTO `biz_leave` VALUES ('47', 'leave', '123123123123', '123123123123', '2021-05-17 00:00:00', '2021-06-23 00:00:00', '3196800', null, 'chengxy', '2021-05-09 23:38:39', '', null, null, null, null, null, 'axianlu;yezhuguan;');
INSERT INTO `biz_leave` VALUES ('48', 'leave', '成败在此一举', '成败在此一举', '2021-05-05 00:00:00', '2021-06-14 00:00:00', '3456000', '5001', 'chengxy', '2021-05-09 23:50:17', 'chengxy', null, 'chengxy', '2021-05-09 23:54:33', null, null, 'yezhuguan;');
INSERT INTO `biz_leave` VALUES ('49', 'leave', '成败在此一举2.0', '成败在此一举2.0', '2021-05-11 00:00:00', '2021-06-17 00:00:00', '3196800', '5041', 'chengxy', '2021-05-09 23:56:11', 'chengxy', null, 'chengxy', '2021-05-10 00:01:31', null, null, 'yezhuguan;');
INSERT INTO `biz_leave` VALUES ('50', 'leave', '成败在此一举3.0', '阿萨德啊实打实的阿萨德', '2021-05-11 00:00:00', '2021-06-24 00:00:00', '3801600', '5049', 'chengxy', '2021-05-10 00:02:09', 'chengxy', null, 'chengxy', '2021-05-10 00:02:12', null, null, 'yezhuguan;');

-- ----------------------------
-- Table structure for biz_todo_item
-- ----------------------------
DROP TABLE IF EXISTS `biz_todo_item`;
CREATE TABLE `biz_todo_item` (
  `id` bigint(20) NOT NULL AUTO_INCREMENT COMMENT '主键 ID',
  `item_name` varchar(100) DEFAULT NULL COMMENT '事项标题',
  `item_content` varchar(500) DEFAULT NULL COMMENT '事项内容',
  `module` varchar(50) DEFAULT NULL COMMENT '模块名称 (必须以 uri 一致)',
  `task_id` varchar(64) DEFAULT NULL COMMENT '任务 ID',
  `instance_id` varchar(32) DEFAULT NULL COMMENT '流程实例 ID',
  `task_name` varchar(50) DEFAULT NULL COMMENT '任务名称 (必须以表单页面名称一致)',
  `node_name` varchar(50) DEFAULT NULL COMMENT '节点名称',
  `is_view` char(1) DEFAULT '0' COMMENT '是否查看 default 0 (0 否 1 是)',
  `is_handle` char(1) DEFAULT '0' COMMENT '是否处理 default 0 (0 否 1 是)',
  `todo_user_id` varchar(20) DEFAULT NULL COMMENT '待办人 ID',
  `todo_user_name` varchar(30) DEFAULT NULL COMMENT '待办人名称',
  `handle_user_id` varchar(20) DEFAULT NULL COMMENT '处理人 ID',
  `handle_user_name` varchar(30) DEFAULT NULL COMMENT '处理人名称',
  `todo_time` datetime DEFAULT NULL COMMENT '通知时间',
  `handle_time` datetime DEFAULT NULL COMMENT '处理时间',
  PRIMARY KEY (`id`) USING BTREE
) ENGINE=InnoDB AUTO_INCREMENT=41 DEFAULT CHARSET=utf8 ROW_FORMAT=DYNAMIC COMMENT='待办事项表';

-- ----------------------------
-- Records of biz_todo_item
-- ----------------------------
INSERT INTO `biz_todo_item` VALUES ('22', '123123123123', '123123123123123', 'leave', '18', '12', 'taskDeptLeaderVerify', '主管审批', '1', '1', 'axianlu', '一直闲鹿', 'axianlu', '一直闲鹿', '2021-05-06 16:34:57', '2021-05-06 16:36:04');
INSERT INTO `biz_todo_item` VALUES ('23', '123123123123', '123123123123123', 'leave', '26', '12', 'taskHrVerify', '总经理审批', '1', '1', 'rensm', '人事喵', 'rensm', '人事喵', '2021-05-06 16:36:04', '2021-05-06 20:22:40');
INSERT INTO `biz_todo_item` VALUES ('24', '123123123123', '123123123123123', 'leave', '33', '12', 'taskModifyApply', '调整申请', '0', '0', 'chengxy', '程序猿', null, null, '2021-05-06 20:22:40', null);
INSERT INTO `biz_todo_item` VALUES ('25', '阿萨德发斯蒂芬', '阿斯顿发生发撒的发帅法', 'leave', '40', '34', 'taskDeptLeaderVerify', '主管审批', '1', '1', 'axianlu', '一直闲鹿', 'axianlu', '一直闲鹿', '2021-05-06 20:56:30', '2021-05-06 20:56:50');
INSERT INTO `biz_todo_item` VALUES ('26', '发撒的发阿萨德飞撒的发', '阿萨德飞阿萨德飞阿萨德飞', 'leave', '48', '42', 'taskDeptLeaderVerify', '主管审批', '0', '0', 'axianlu', '一直闲鹿', null, null, '2021-05-06 20:56:34', null);
INSERT INTO `biz_todo_item` VALUES ('27', '阿萨德发斯蒂芬', '阿斯顿发生发撒的发帅法', 'leave', '56', '34', 'taskHrVerify', '总经理审批', '1', '1', 'rensm', '人事喵', 'rensm', '人事喵', '2021-05-06 20:56:50', '2021-05-06 20:57:11');
INSERT INTO `biz_todo_item` VALUES ('28', '阿萨德发斯蒂芬', '阿斯顿发生发撒的发帅法', 'leave', '65', '34', 'taskReportBack', '项目启动确认', '0', '0', 'chengxy', '程序猿', null, null, '2021-05-06 20:57:11', null);
INSERT INTO `biz_todo_item` VALUES ('29', '004', 'asdasdasdasdasd', 'leave', '72', '66', 'taskDeptLeaderVerify', '主管审批', '1', '1', 'axianlu', '一直闲鹿', 'axianlu', '一直闲鹿', '2021-05-06 21:01:13', '2021-05-06 21:01:49');
INSERT INTO `biz_todo_item` VALUES ('30', '004', 'asdasdasdasdasd', 'leave', '80', '66', 'taskHrVerify', '总经理审批', '1', '1', 'rensm', '人事喵', 'rensm', '人事喵', '2021-05-06 21:01:49', '2021-05-06 21:02:07');
INSERT INTO `biz_todo_item` VALUES ('31', '004', 'asdasdasdasdasd', 'leave', '87', '66', 'taskReportBack', '项目启动确认', '1', '1', 'chengxy', '程序猿', 'chengxy', '程序猿', '2021-05-06 21:02:07', '2021-05-06 21:08:17');
INSERT INTO `biz_todo_item` VALUES ('32', '0509测试', '暗杀大神大所的', 'leave', '2507', '2501', 'taskDeptLeaderVerify', '主管审批', '0', '0', 'axianlu', '一直闲鹿', null, null, '2021-05-09 17:53:18', null);
INSERT INTO `biz_todo_item` VALUES ('33', '0509测试002', '撒的发是梵蒂冈', 'leave', '2515', '2509', 'taskDeptLeaderVerify', '主管审批', '0', '0', 'axianlu', '一直闲鹿', null, null, '2021-05-09 17:57:07', null);
INSERT INTO `biz_todo_item` VALUES ('34', '0509测试003', '0509测试003', 'leave', '2523', '2517', 'taskDeptLeaderVerify', '主管审批', '0', '0', 'axianlu', '一直闲鹿', null, null, '2021-05-09 18:23:15', null);
INSERT INTO `biz_todo_item` VALUES ('35', '测试006', '测试006', 'leave', '2531', '2525', 'taskDeptLeaderVerify', '主管审批', '0', '0', 'axianlu', '一直闲鹿', null, null, '2021-05-09 18:59:28', null);
INSERT INTO `biz_todo_item` VALUES ('36', '测试006', '测试006', 'leave', '2531', '2525', 'taskDeptLeaderVerify', '主管审批', '0', '0', 'yezhuguan', '叶主管', null, null, '2021-05-09 18:59:28', null);
INSERT INTO `biz_todo_item` VALUES ('37', '成败在此一举', '成败在此一举', 'leave', '5007', '5001', 'taskDeptLeaderVerify', '主管审批', '0', '0', 'axianlu', '一直闲鹿', null, null, '2021-05-09 23:54:34', null);
INSERT INTO `biz_todo_item` VALUES ('38', '成败在此一举', '成败在此一举', 'leave', '5007', '5001', 'taskDeptLeaderVerify', '主管审批', '0', '0', 'yezhuguan', '叶主管', null, null, '2021-05-09 23:54:34', null);
INSERT INTO `biz_todo_item` VALUES ('39', '成败在此一举2.0', '成败在此一举2.0', 'leave', '5047', '5041', 'taskDeptLeaderVerify', '主管审批', '0', '0', 'yezhuguan', '叶主管', null, null, '2021-05-10 00:01:33', null);
INSERT INTO `biz_todo_item` VALUES ('40', '成败在此一举3.0', '阿萨德啊实打实的阿萨德', 'leave', '5055', '5049', 'taskDeptLeaderVerify', '主管审批', '0', '0', 'yezhuguan', '叶主管', null, null, '2021-05-10 00:02:12', null);

-- ----------------------------
-- Table structure for gen_table
-- ----------------------------
DROP TABLE IF EXISTS `gen_table`;
CREATE TABLE `gen_table` (
  `table_id` bigint(20) NOT NULL AUTO_INCREMENT COMMENT '编号',
  `table_name` varchar(200) DEFAULT '' COMMENT '表名称',
  `table_comment` varchar(500) DEFAULT '' COMMENT '表描述',
  `class_name` varchar(100) DEFAULT '' COMMENT '实体类名称',
  `tpl_category` varchar(200) DEFAULT 'crud' COMMENT '使用的模板（crud单表操作 tree树表操作）',
  `package_name` varchar(100) DEFAULT NULL COMMENT '生成包路径',
  `module_name` varchar(30) DEFAULT NULL COMMENT '生成模块名',
  `business_name` varchar(30) DEFAULT NULL COMMENT '生成业务名',
  `function_name` varchar(50) DEFAULT NULL COMMENT '生成功能名',
  `function_author` varchar(50) DEFAULT NULL COMMENT '生成功能作者',
  `gen_type` char(1) DEFAULT '0' COMMENT '生成代码方式（0zip压缩包 1自定义路径）',
  `gen_path` varchar(200) DEFAULT '/' COMMENT '生成路径（不填默认项目路径）',
  `options` varchar(1000) DEFAULT NULL COMMENT '其它生成选项',
  `create_by` varchar(64) DEFAULT '' COMMENT '创建者',
  `create_time` datetime DEFAULT NULL COMMENT '创建时间',
  `update_by` varchar(64) DEFAULT '' COMMENT '更新者',
  `update_time` datetime DEFAULT NULL COMMENT '更新时间',
  `remark` varchar(500) DEFAULT NULL COMMENT '备注',
  PRIMARY KEY (`table_id`)
) ENGINE=InnoDB DEFAULT CHARSET=utf8mb4 COMMENT='代码生成业务表';

-- ----------------------------
-- Records of gen_table
-- ----------------------------

-- ----------------------------
-- Table structure for gen_table_column
-- ----------------------------
DROP TABLE IF EXISTS `gen_table_column`;
CREATE TABLE `gen_table_column` (
  `column_id` bigint(20) NOT NULL AUTO_INCREMENT COMMENT '编号',
  `table_id` varchar(64) DEFAULT NULL COMMENT '归属表编号',
  `column_name` varchar(200) DEFAULT NULL COMMENT '列名称',
  `column_comment` varchar(500) DEFAULT NULL COMMENT '列描述',
  `column_type` varchar(100) DEFAULT NULL COMMENT '列类型',
  `java_type` varchar(500) DEFAULT NULL COMMENT 'JAVA类型',
  `java_field` varchar(200) DEFAULT NULL COMMENT 'JAVA字段名',
  `is_pk` char(1) DEFAULT NULL COMMENT '是否主键（1是）',
  `is_increment` char(1) DEFAULT NULL COMMENT '是否自增（1是）',
  `is_required` char(1) DEFAULT NULL COMMENT '是否必填（1是）',
  `is_insert` char(1) DEFAULT NULL COMMENT '是否为插入字段（1是）',
  `is_edit` char(1) DEFAULT NULL COMMENT '是否编辑字段（1是）',
  `is_list` char(1) DEFAULT NULL COMMENT '是否列表字段（1是）',
  `is_query` char(1) DEFAULT NULL COMMENT '是否查询字段（1是）',
  `query_type` varchar(200) DEFAULT 'EQ' COMMENT '查询方式（等于、不等于、大于、小于、范围）',
  `html_type` varchar(200) DEFAULT NULL COMMENT '显示类型（文本框、文本域、下拉框、复选框、单选框、日期控件）',
  `dict_type` varchar(200) DEFAULT '' COMMENT '字典类型',
  `sort` int(11) DEFAULT NULL COMMENT '排序',
  `create_by` varchar(64) DEFAULT '' COMMENT '创建者',
  `create_time` datetime DEFAULT NULL COMMENT '创建时间',
  `update_by` varchar(64) DEFAULT '' COMMENT '更新者',
  `update_time` datetime DEFAULT NULL COMMENT '更新时间',
  PRIMARY KEY (`column_id`)
) ENGINE=InnoDB DEFAULT CHARSET=utf8mb4 COMMENT='代码生成业务表字段';

-- ----------------------------
-- Records of gen_table_column
-- ----------------------------

-- ----------------------------
-- Table structure for qrtz_blob_triggers
-- ----------------------------
DROP TABLE IF EXISTS `qrtz_blob_triggers`;
CREATE TABLE `qrtz_blob_triggers` (
  `sched_name` varchar(120) NOT NULL,
  `trigger_name` varchar(200) NOT NULL,
  `trigger_group` varchar(200) NOT NULL,
  `blob_data` blob,
  PRIMARY KEY (`sched_name`,`trigger_name`,`trigger_group`),
  CONSTRAINT `qrtz_blob_triggers_ibfk_1` FOREIGN KEY (`sched_name`, `trigger_name`, `trigger_group`) REFERENCES `qrtz_triggers` (`sched_name`, `trigger_name`, `trigger_group`)
) ENGINE=InnoDB DEFAULT CHARSET=utf8mb4;

-- ----------------------------
-- Records of qrtz_blob_triggers
-- ----------------------------

-- ----------------------------
-- Table structure for qrtz_calendars
-- ----------------------------
DROP TABLE IF EXISTS `qrtz_calendars`;
CREATE TABLE `qrtz_calendars` (
  `sched_name` varchar(120) NOT NULL,
  `calendar_name` varchar(200) NOT NULL,
  `calendar` blob NOT NULL,
  PRIMARY KEY (`sched_name`,`calendar_name`)
) ENGINE=InnoDB DEFAULT CHARSET=utf8mb4;

-- ----------------------------
-- Records of qrtz_calendars
-- ----------------------------

-- ----------------------------
-- Table structure for qrtz_cron_triggers
-- ----------------------------
DROP TABLE IF EXISTS `qrtz_cron_triggers`;
CREATE TABLE `qrtz_cron_triggers` (
  `sched_name` varchar(120) NOT NULL,
  `trigger_name` varchar(200) NOT NULL,
  `trigger_group` varchar(200) NOT NULL,
  `cron_expression` varchar(200) NOT NULL,
  `time_zone_id` varchar(80) DEFAULT NULL,
  PRIMARY KEY (`sched_name`,`trigger_name`,`trigger_group`),
  CONSTRAINT `qrtz_cron_triggers_ibfk_1` FOREIGN KEY (`sched_name`, `trigger_name`, `trigger_group`) REFERENCES `qrtz_triggers` (`sched_name`, `trigger_name`, `trigger_group`)
) ENGINE=InnoDB DEFAULT CHARSET=utf8mb4;

-- ----------------------------
-- Records of qrtz_cron_triggers
-- ----------------------------
INSERT INTO `qrtz_cron_triggers` VALUES ('JeeThinkScheduler', 'TASK_CLASS_NAME1', 'DEFAULT', '0/10 * * * * ?', 'Asia/Shanghai');
INSERT INTO `qrtz_cron_triggers` VALUES ('JeeThinkScheduler', 'TASK_CLASS_NAME2', 'DEFAULT', '0/15 * * * * ?', 'Asia/Shanghai');
INSERT INTO `qrtz_cron_triggers` VALUES ('JeeThinkScheduler', 'TASK_CLASS_NAME3', 'DEFAULT', '0/20 * * * * ?', 'Asia/Shanghai');

-- ----------------------------
-- Table structure for qrtz_fired_triggers
-- ----------------------------
DROP TABLE IF EXISTS `qrtz_fired_triggers`;
CREATE TABLE `qrtz_fired_triggers` (
  `sched_name` varchar(120) NOT NULL,
  `entry_id` varchar(95) NOT NULL,
  `trigger_name` varchar(200) NOT NULL,
  `trigger_group` varchar(200) NOT NULL,
  `instance_name` varchar(200) NOT NULL,
  `fired_time` bigint(13) NOT NULL,
  `sched_time` bigint(13) NOT NULL,
  `priority` int(11) NOT NULL,
  `state` varchar(16) NOT NULL,
  `job_name` varchar(200) DEFAULT NULL,
  `job_group` varchar(200) DEFAULT NULL,
  `is_nonconcurrent` varchar(1) DEFAULT NULL,
  `requests_recovery` varchar(1) DEFAULT NULL,
  PRIMARY KEY (`sched_name`,`entry_id`)
) ENGINE=InnoDB DEFAULT CHARSET=utf8mb4;

-- ----------------------------
-- Records of qrtz_fired_triggers
-- ----------------------------

-- ----------------------------
-- Table structure for qrtz_job_details
-- ----------------------------
DROP TABLE IF EXISTS `qrtz_job_details`;
CREATE TABLE `qrtz_job_details` (
  `sched_name` varchar(120) NOT NULL,
  `job_name` varchar(200) NOT NULL,
  `job_group` varchar(200) NOT NULL,
  `description` varchar(250) DEFAULT NULL,
  `job_class_name` varchar(250) NOT NULL,
  `is_durable` varchar(1) NOT NULL,
  `is_nonconcurrent` varchar(1) NOT NULL,
  `is_update_data` varchar(1) NOT NULL,
  `requests_recovery` varchar(1) NOT NULL,
  `job_data` blob,
  PRIMARY KEY (`sched_name`,`job_name`,`job_group`)
) ENGINE=InnoDB DEFAULT CHARSET=utf8mb4;

-- ----------------------------
-- Records of qrtz_job_details
-- ----------------------------
INSERT INTO `qrtz_job_details` VALUES ('JeeThinkScheduler', 'TASK_CLASS_NAME1', 'DEFAULT', null, 'com.jeethink.quartz.util.QuartzDisallowConcurrentExecution', '0', '1', '0', '0', 0xACED0005737200156F72672E71756172747A2E4A6F62446174614D61709FB083E8BFA9B0CB020000787200266F72672E71756172747A2E7574696C732E537472696E674B65794469727479466C61674D61708208E8C3FBC55D280200015A0013616C6C6F77735472616E7369656E74446174617872001D6F72672E71756172747A2E7574696C732E4469727479466C61674D617013E62EAD28760ACE0200025A000564697274794C00036D617074000F4C6A6176612F7574696C2F4D61703B787001737200116A6176612E7574696C2E486173684D61700507DAC1C31660D103000246000A6C6F6164466163746F724900097468726573686F6C6478703F4000000000000C7708000000100000000174000F5441534B5F50524F5045525449455373720021636F6D2E6A65657468696E6B2E71756172747A2E646F6D61696E2E5379734A6F6200000000000000010200084C000A636F6E63757272656E747400124C6A6176612F6C616E672F537472696E673B4C000E63726F6E45787072657373696F6E71007E00094C000C696E766F6B6554617267657471007E00094C00086A6F6247726F757071007E00094C00056A6F6249647400104C6A6176612F6C616E672F4C6F6E673B4C00076A6F624E616D6571007E00094C000D6D697366697265506F6C69637971007E00094C000673746174757371007E00097872002A636F6D2E6A65657468696E6B2E636F6D6D6F6E2E636F72652E646F6D61696E2E42617365456E7469747900000000000000010200094C0009626567696E54696D6571007E00094C0008637265617465427971007E00094C000A63726561746554696D657400104C6A6176612F7574696C2F446174653B4C0007656E6454696D6571007E00094C0006706172616D7371007E00034C000672656D61726B71007E00094C000B73656172636856616C756571007E00094C0008757064617465427971007E00094C000A75706461746554696D6571007E000C78707074000561646D696E7372000E6A6176612E7574696C2E44617465686A81014B59741903000078707708000001622CDE29E07870707400007070707400013174000E302F3130202A202A202A202A203F74001172795461736B2E72794E6F506172616D7374000744454641554C547372000E6A6176612E6C616E672E4C6F6E673B8BE490CC8F23DF0200014A000576616C7565787200106A6176612E6C616E672E4E756D62657286AC951D0B94E08B02000078700000000000000001740018E7B3BBE7BB9FE9BB98E8AEA4EFBC88E697A0E58F82EFBC8974000133740001317800);
INSERT INTO `qrtz_job_details` VALUES ('JeeThinkScheduler', 'TASK_CLASS_NAME2', 'DEFAULT', null, 'com.jeethink.quartz.util.QuartzDisallowConcurrentExecution', '0', '1', '0', '0', 0xACED0005737200156F72672E71756172747A2E4A6F62446174614D61709FB083E8BFA9B0CB020000787200266F72672E71756172747A2E7574696C732E537472696E674B65794469727479466C61674D61708208E8C3FBC55D280200015A0013616C6C6F77735472616E7369656E74446174617872001D6F72672E71756172747A2E7574696C732E4469727479466C61674D617013E62EAD28760ACE0200025A000564697274794C00036D617074000F4C6A6176612F7574696C2F4D61703B787001737200116A6176612E7574696C2E486173684D61700507DAC1C31660D103000246000A6C6F6164466163746F724900097468726573686F6C6478703F4000000000000C7708000000100000000174000F5441534B5F50524F5045525449455373720021636F6D2E6A65657468696E6B2E71756172747A2E646F6D61696E2E5379734A6F6200000000000000010200084C000A636F6E63757272656E747400124C6A6176612F6C616E672F537472696E673B4C000E63726F6E45787072657373696F6E71007E00094C000C696E766F6B6554617267657471007E00094C00086A6F6247726F757071007E00094C00056A6F6249647400104C6A6176612F6C616E672F4C6F6E673B4C00076A6F624E616D6571007E00094C000D6D697366697265506F6C69637971007E00094C000673746174757371007E00097872002A636F6D2E6A65657468696E6B2E636F6D6D6F6E2E636F72652E646F6D61696E2E42617365456E7469747900000000000000010200094C0009626567696E54696D6571007E00094C0008637265617465427971007E00094C000A63726561746554696D657400104C6A6176612F7574696C2F446174653B4C0007656E6454696D6571007E00094C0006706172616D7371007E00034C000672656D61726B71007E00094C000B73656172636856616C756571007E00094C0008757064617465427971007E00094C000A75706461746554696D6571007E000C78707074000561646D696E7372000E6A6176612E7574696C2E44617465686A81014B59741903000078707708000001622CDE29E07870707400007070707400013174000E302F3135202A202A202A202A203F74001572795461736B2E7279506172616D7328277279272974000744454641554C547372000E6A6176612E6C616E672E4C6F6E673B8BE490CC8F23DF0200014A000576616C7565787200106A6176612E6C616E672E4E756D62657286AC951D0B94E08B02000078700000000000000002740018E7B3BBE7BB9FE9BB98E8AEA4EFBC88E69C89E58F82EFBC8974000133740001317800);
INSERT INTO `qrtz_job_details` VALUES ('JeeThinkScheduler', 'TASK_CLASS_NAME3', 'DEFAULT', null, 'com.jeethink.quartz.util.QuartzDisallowConcurrentExecution', '0', '1', '0', '0', 0xACED0005737200156F72672E71756172747A2E4A6F62446174614D61709FB083E8BFA9B0CB020000787200266F72672E71756172747A2E7574696C732E537472696E674B65794469727479466C61674D61708208E8C3FBC55D280200015A0013616C6C6F77735472616E7369656E74446174617872001D6F72672E71756172747A2E7574696C732E4469727479466C61674D617013E62EAD28760ACE0200025A000564697274794C00036D617074000F4C6A6176612F7574696C2F4D61703B787001737200116A6176612E7574696C2E486173684D61700507DAC1C31660D103000246000A6C6F6164466163746F724900097468726573686F6C6478703F4000000000000C7708000000100000000174000F5441534B5F50524F5045525449455373720021636F6D2E6A65657468696E6B2E71756172747A2E646F6D61696E2E5379734A6F6200000000000000010200084C000A636F6E63757272656E747400124C6A6176612F6C616E672F537472696E673B4C000E63726F6E45787072657373696F6E71007E00094C000C696E766F6B6554617267657471007E00094C00086A6F6247726F757071007E00094C00056A6F6249647400104C6A6176612F6C616E672F4C6F6E673B4C00076A6F624E616D6571007E00094C000D6D697366697265506F6C69637971007E00094C000673746174757371007E00097872002A636F6D2E6A65657468696E6B2E636F6D6D6F6E2E636F72652E646F6D61696E2E42617365456E7469747900000000000000010200094C0009626567696E54696D6571007E00094C0008637265617465427971007E00094C000A63726561746554696D657400104C6A6176612F7574696C2F446174653B4C0007656E6454696D6571007E00094C0006706172616D7371007E00034C000672656D61726B71007E00094C000B73656172636856616C756571007E00094C0008757064617465427971007E00094C000A75706461746554696D6571007E000C78707074000561646D696E7372000E6A6176612E7574696C2E44617465686A81014B59741903000078707708000001622CDE29E07870707400007070707400013174000E302F3230202A202A202A202A203F74003872795461736B2E72794D756C7469706C65506172616D7328277279272C20747275652C20323030304C2C203331362E3530442C203130302974000744454641554C547372000E6A6176612E6C616E672E4C6F6E673B8BE490CC8F23DF0200014A000576616C7565787200106A6176612E6C616E672E4E756D62657286AC951D0B94E08B02000078700000000000000003740018E7B3BBE7BB9FE9BB98E8AEA4EFBC88E5A49AE58F82EFBC8974000133740001317800);

-- ----------------------------
-- Table structure for qrtz_locks
-- ----------------------------
DROP TABLE IF EXISTS `qrtz_locks`;
CREATE TABLE `qrtz_locks` (
  `sched_name` varchar(120) NOT NULL,
  `lock_name` varchar(40) NOT NULL,
  PRIMARY KEY (`sched_name`,`lock_name`)
) ENGINE=InnoDB DEFAULT CHARSET=utf8mb4;

-- ----------------------------
-- Records of qrtz_locks
-- ----------------------------
INSERT INTO `qrtz_locks` VALUES ('JeeThinkScheduler', 'STATE_ACCESS');
INSERT INTO `qrtz_locks` VALUES ('JeeThinkScheduler', 'TRIGGER_ACCESS');

-- ----------------------------
-- Table structure for qrtz_paused_trigger_grps
-- ----------------------------
DROP TABLE IF EXISTS `qrtz_paused_trigger_grps`;
CREATE TABLE `qrtz_paused_trigger_grps` (
  `sched_name` varchar(120) NOT NULL,
  `trigger_group` varchar(200) NOT NULL,
  PRIMARY KEY (`sched_name`,`trigger_group`)
) ENGINE=InnoDB DEFAULT CHARSET=utf8mb4;

-- ----------------------------
-- Records of qrtz_paused_trigger_grps
-- ----------------------------

-- ----------------------------
-- Table structure for qrtz_scheduler_state
-- ----------------------------
DROP TABLE IF EXISTS `qrtz_scheduler_state`;
CREATE TABLE `qrtz_scheduler_state` (
  `sched_name` varchar(120) NOT NULL,
  `instance_name` varchar(200) NOT NULL,
  `last_checkin_time` bigint(13) NOT NULL,
  `checkin_interval` bigint(13) NOT NULL,
  PRIMARY KEY (`sched_name`,`instance_name`)
) ENGINE=InnoDB DEFAULT CHARSET=utf8mb4;

-- ----------------------------
-- Records of qrtz_scheduler_state
-- ----------------------------
INSERT INTO `qrtz_scheduler_state` VALUES ('JeeThinkScheduler', 'LAPTOP-DIA024K51620574695580', '1620576585088', '15000');

-- ----------------------------
-- Table structure for qrtz_simple_triggers
-- ----------------------------
DROP TABLE IF EXISTS `qrtz_simple_triggers`;
CREATE TABLE `qrtz_simple_triggers` (
  `sched_name` varchar(120) NOT NULL,
  `trigger_name` varchar(200) NOT NULL,
  `trigger_group` varchar(200) NOT NULL,
  `repeat_count` bigint(7) NOT NULL,
  `repeat_interval` bigint(12) NOT NULL,
  `times_triggered` bigint(10) NOT NULL,
  PRIMARY KEY (`sched_name`,`trigger_name`,`trigger_group`),
  CONSTRAINT `qrtz_simple_triggers_ibfk_1` FOREIGN KEY (`sched_name`, `trigger_name`, `trigger_group`) REFERENCES `qrtz_triggers` (`sched_name`, `trigger_name`, `trigger_group`)
) ENGINE=InnoDB DEFAULT CHARSET=utf8mb4;

-- ----------------------------
-- Records of qrtz_simple_triggers
-- ----------------------------

-- ----------------------------
-- Table structure for qrtz_simprop_triggers
-- ----------------------------
DROP TABLE IF EXISTS `qrtz_simprop_triggers`;
CREATE TABLE `qrtz_simprop_triggers` (
  `sched_name` varchar(120) NOT NULL,
  `trigger_name` varchar(200) NOT NULL,
  `trigger_group` varchar(200) NOT NULL,
  `str_prop_1` varchar(512) DEFAULT NULL,
  `str_prop_2` varchar(512) DEFAULT NULL,
  `str_prop_3` varchar(512) DEFAULT NULL,
  `int_prop_1` int(11) DEFAULT NULL,
  `int_prop_2` int(11) DEFAULT NULL,
  `long_prop_1` bigint(20) DEFAULT NULL,
  `long_prop_2` bigint(20) DEFAULT NULL,
  `dec_prop_1` decimal(13,4) DEFAULT NULL,
  `dec_prop_2` decimal(13,4) DEFAULT NULL,
  `bool_prop_1` varchar(1) DEFAULT NULL,
  `bool_prop_2` varchar(1) DEFAULT NULL,
  PRIMARY KEY (`sched_name`,`trigger_name`,`trigger_group`),
  CONSTRAINT `qrtz_simprop_triggers_ibfk_1` FOREIGN KEY (`sched_name`, `trigger_name`, `trigger_group`) REFERENCES `qrtz_triggers` (`sched_name`, `trigger_name`, `trigger_group`)
) ENGINE=InnoDB DEFAULT CHARSET=utf8mb4;

-- ----------------------------
-- Records of qrtz_simprop_triggers
-- ----------------------------

-- ----------------------------
-- Table structure for qrtz_triggers
-- ----------------------------
DROP TABLE IF EXISTS `qrtz_triggers`;
CREATE TABLE `qrtz_triggers` (
  `sched_name` varchar(120) NOT NULL,
  `trigger_name` varchar(200) NOT NULL,
  `trigger_group` varchar(200) NOT NULL,
  `job_name` varchar(200) NOT NULL,
  `job_group` varchar(200) NOT NULL,
  `description` varchar(250) DEFAULT NULL,
  `next_fire_time` bigint(13) DEFAULT NULL,
  `prev_fire_time` bigint(13) DEFAULT NULL,
  `priority` int(11) DEFAULT NULL,
  `trigger_state` varchar(16) NOT NULL,
  `trigger_type` varchar(8) NOT NULL,
  `start_time` bigint(13) NOT NULL,
  `end_time` bigint(13) DEFAULT NULL,
  `calendar_name` varchar(200) DEFAULT NULL,
  `misfire_instr` smallint(2) DEFAULT NULL,
  `job_data` blob,
  PRIMARY KEY (`sched_name`,`trigger_name`,`trigger_group`),
  KEY `sched_name` (`sched_name`,`job_name`,`job_group`),
  CONSTRAINT `qrtz_triggers_ibfk_1` FOREIGN KEY (`sched_name`, `job_name`, `job_group`) REFERENCES `qrtz_job_details` (`sched_name`, `job_name`, `job_group`)
) ENGINE=InnoDB DEFAULT CHARSET=utf8mb4;

-- ----------------------------
-- Records of qrtz_triggers
-- ----------------------------
INSERT INTO `qrtz_triggers` VALUES ('JeeThinkScheduler', 'TASK_CLASS_NAME1', 'DEFAULT', 'TASK_CLASS_NAME1', 'DEFAULT', null, '1620574700000', '-1', '5', 'PAUSED', 'CRON', '1620574696000', '0', null, '2', '');
INSERT INTO `qrtz_triggers` VALUES ('JeeThinkScheduler', 'TASK_CLASS_NAME2', 'DEFAULT', 'TASK_CLASS_NAME2', 'DEFAULT', null, '1620574710000', '-1', '5', 'PAUSED', 'CRON', '1620574696000', '0', null, '2', '');
INSERT INTO `qrtz_triggers` VALUES ('JeeThinkScheduler', 'TASK_CLASS_NAME3', 'DEFAULT', 'TASK_CLASS_NAME3', 'DEFAULT', null, '1620574700000', '-1', '5', 'PAUSED', 'CRON', '1620574696000', '0', null, '2', '');

-- ----------------------------
-- Table structure for sys_config
-- ----------------------------
DROP TABLE IF EXISTS `sys_config`;
CREATE TABLE `sys_config` (
  `config_id` int(5) NOT NULL AUTO_INCREMENT COMMENT '参数主键',
  `config_name` varchar(100) DEFAULT '' COMMENT '参数名称',
  `config_key` varchar(100) DEFAULT '' COMMENT '参数键名',
  `config_value` varchar(500) DEFAULT '' COMMENT '参数键值',
  `config_type` char(1) DEFAULT 'N' COMMENT '系统内置（Y是 N否）',
  `create_by` varchar(64) DEFAULT '' COMMENT '创建者',
  `create_time` datetime DEFAULT NULL COMMENT '创建时间',
  `update_by` varchar(64) DEFAULT '' COMMENT '更新者',
  `update_time` datetime DEFAULT NULL COMMENT '更新时间',
  `remark` varchar(500) DEFAULT NULL COMMENT '备注',
  PRIMARY KEY (`config_id`)
) ENGINE=InnoDB AUTO_INCREMENT=4 DEFAULT CHARSET=utf8mb4 COMMENT='参数配置表';

-- ----------------------------
-- Records of sys_config
-- ----------------------------
INSERT INTO `sys_config` VALUES ('1', '主框架页-默认皮肤样式名称', 'sys.index.skinName', 'skin-blue', 'Y', 'admin', '2018-03-16 11:33:00', 'jt', '2018-03-16 11:33:00', '蓝色 skin-blue、绿色 skin-green、紫色 skin-purple、红色 skin-red、黄色 skin-yellow');
INSERT INTO `sys_config` VALUES ('2', '用户管理-账号初始密码', 'sys.user.initPassword', '123456', 'Y', 'admin', '2018-03-16 11:33:00', 'jt', '2018-03-16 11:33:00', '初始化密码 123456');
INSERT INTO `sys_config` VALUES ('3', '主框架页-侧边栏主题', 'sys.index.sideTheme', 'theme-dark', 'Y', 'admin', '2018-03-16 11:33:00', 'jt', '2018-03-16 11:33:00', '深色主题theme-dark，浅色主题theme-light');

-- ----------------------------
-- Table structure for sys_dept
-- ----------------------------
DROP TABLE IF EXISTS `sys_dept`;
CREATE TABLE `sys_dept` (
  `dept_id` bigint(20) NOT NULL AUTO_INCREMENT COMMENT '部门id',
  `parent_id` bigint(20) DEFAULT '0' COMMENT '父部门id',
  `ancestors` varchar(50) DEFAULT '' COMMENT '祖级列表',
  `dept_name` varchar(30) DEFAULT '' COMMENT '部门名称',
  `order_num` int(4) DEFAULT '0' COMMENT '显示顺序',
  `leader` varchar(20) DEFAULT NULL COMMENT '负责人',
  `phone` varchar(11) DEFAULT NULL COMMENT '联系电话',
  `email` varchar(50) DEFAULT NULL COMMENT '邮箱',
  `status` char(1) DEFAULT '0' COMMENT '部门状态（0正常 1停用）',
  `del_flag` char(1) DEFAULT '0' COMMENT '删除标志（0代表存在 2代表删除）',
  `create_by` varchar(64) DEFAULT '' COMMENT '创建者',
  `create_time` datetime DEFAULT NULL COMMENT '创建时间',
  `update_by` varchar(64) DEFAULT '' COMMENT '更新者',
  `update_time` datetime DEFAULT NULL COMMENT '更新时间',
  PRIMARY KEY (`dept_id`)
) ENGINE=InnoDB AUTO_INCREMENT=110 DEFAULT CHARSET=utf8mb4 COMMENT='部门表';

-- ----------------------------
-- Records of sys_dept
-- ----------------------------
INSERT INTO `sys_dept` VALUES ('100', '0', '0', '吉想科技', '0', '吉想', '15888888888', 'jt@qq.com', '0', '0', 'admin', '2018-03-16 11:33:00', 'jt', '2018-03-16 11:33:00');
INSERT INTO `sys_dept` VALUES ('101', '100', '0,100', '深圳总公司', '1', '吉想', '15888888888', 'jt@qq.com', '0', '0', 'admin', '2018-03-16 11:33:00', 'jt', '2018-03-16 11:33:00');
INSERT INTO `sys_dept` VALUES ('102', '100', '0,100', '长沙分公司', '2', '吉想', '15888888888', 'jt@qq.com', '0', '0', 'admin', '2018-03-16 11:33:00', 'jt', '2018-03-16 11:33:00');
INSERT INTO `sys_dept` VALUES ('103', '101', '0,100,101', '研发部门', '1', '吉想', '15888888888', 'jt@qq.com', '0', '0', 'admin', '2018-03-16 11:33:00', 'jt', '2018-03-16 11:33:00');
INSERT INTO `sys_dept` VALUES ('104', '101', '0,100,101', '市场部门', '2', '吉想', '15888888888', 'jt@qq.com', '0', '0', 'admin', '2018-03-16 11:33:00', 'jt', '2018-03-16 11:33:00');
INSERT INTO `sys_dept` VALUES ('105', '101', '0,100,101', '测试部门', '3', '吉想', '15888888888', 'jt@qq.com', '0', '0', 'admin', '2018-03-16 11:33:00', 'jt', '2018-03-16 11:33:00');
INSERT INTO `sys_dept` VALUES ('106', '101', '0,100,101', '财务部门', '4', '吉想', '15888888888', 'jt@qq.com', '0', '0', 'admin', '2018-03-16 11:33:00', 'jt', '2018-03-16 11:33:00');
INSERT INTO `sys_dept` VALUES ('107', '101', '0,100,101', '运维部门', '5', '吉想', '15888888888', 'jt@qq.com', '0', '0', 'admin', '2018-03-16 11:33:00', 'jt', '2018-03-16 11:33:00');
INSERT INTO `sys_dept` VALUES ('108', '102', '0,100,102', '市场部门', '1', '吉想', '15888888888', 'jt@qq.com', '0', '0', 'admin', '2018-03-16 11:33:00', 'jt', '2018-03-16 11:33:00');
INSERT INTO `sys_dept` VALUES ('109', '102', '0,100,102', '财务部门', '2', '吉想', '15888888888', 'jt@qq.com', '0', '0', 'admin', '2018-03-16 11:33:00', 'jt', '2018-03-16 11:33:00');

-- ----------------------------
-- Table structure for sys_dict_data
-- ----------------------------
DROP TABLE IF EXISTS `sys_dict_data`;
CREATE TABLE `sys_dict_data` (
  `dict_code` bigint(20) NOT NULL AUTO_INCREMENT COMMENT '字典编码',
  `dict_sort` int(4) DEFAULT '0' COMMENT '字典排序',
  `dict_label` varchar(100) DEFAULT '' COMMENT '字典标签',
  `dict_value` varchar(100) DEFAULT '' COMMENT '字典键值',
  `dict_type` varchar(100) DEFAULT '' COMMENT '字典类型',
  `css_class` varchar(100) DEFAULT NULL COMMENT '样式属性（其他样式扩展）',
  `list_class` varchar(100) DEFAULT NULL COMMENT '表格回显样式',
  `is_default` char(1) DEFAULT 'N' COMMENT '是否默认（Y是 N否）',
  `status` char(1) DEFAULT '0' COMMENT '状态（0正常 1停用）',
  `create_by` varchar(64) DEFAULT '' COMMENT '创建者',
  `create_time` datetime DEFAULT NULL COMMENT '创建时间',
  `update_by` varchar(64) DEFAULT '' COMMENT '更新者',
  `update_time` datetime DEFAULT NULL COMMENT '更新时间',
  `remark` varchar(500) DEFAULT NULL COMMENT '备注',
  PRIMARY KEY (`dict_code`)
) ENGINE=InnoDB AUTO_INCREMENT=29 DEFAULT CHARSET=utf8mb4 COMMENT='字典数据表';

-- ----------------------------
-- Records of sys_dict_data
-- ----------------------------
INSERT INTO `sys_dict_data` VALUES ('1', '1', '男', '0', 'sys_user_sex', '', '', 'Y', '0', 'admin', '2018-03-16 11:33:00', 'jt', '2018-03-16 11:33:00', '性别男');
INSERT INTO `sys_dict_data` VALUES ('2', '2', '女', '1', 'sys_user_sex', '', '', 'N', '0', 'admin', '2018-03-16 11:33:00', 'jt', '2018-03-16 11:33:00', '性别女');
INSERT INTO `sys_dict_data` VALUES ('3', '3', '未知', '2', 'sys_user_sex', '', '', 'N', '0', 'admin', '2018-03-16 11:33:00', 'jt', '2018-03-16 11:33:00', '性别未知');
INSERT INTO `sys_dict_data` VALUES ('4', '1', '显示', '0', 'sys_show_hide', '', 'primary', 'Y', '0', 'admin', '2018-03-16 11:33:00', 'jt', '2018-03-16 11:33:00', '显示菜单');
INSERT INTO `sys_dict_data` VALUES ('5', '2', '隐藏', '1', 'sys_show_hide', '', 'danger', 'N', '0', 'admin', '2018-03-16 11:33:00', 'jt', '2018-03-16 11:33:00', '隐藏菜单');
INSERT INTO `sys_dict_data` VALUES ('6', '1', '正常', '0', 'sys_normal_disable', '', 'primary', 'Y', '0', 'admin', '2018-03-16 11:33:00', 'jt', '2018-03-16 11:33:00', '正常状态');
INSERT INTO `sys_dict_data` VALUES ('7', '2', '停用', '1', 'sys_normal_disable', '', 'danger', 'N', '0', 'admin', '2018-03-16 11:33:00', 'jt', '2018-03-16 11:33:00', '停用状态');
INSERT INTO `sys_dict_data` VALUES ('8', '1', '正常', '0', 'sys_job_status', '', 'primary', 'Y', '0', 'admin', '2018-03-16 11:33:00', 'jt', '2018-03-16 11:33:00', '正常状态');
INSERT INTO `sys_dict_data` VALUES ('9', '2', '暂停', '1', 'sys_job_status', '', 'danger', 'N', '0', 'admin', '2018-03-16 11:33:00', 'jt', '2018-03-16 11:33:00', '停用状态');
INSERT INTO `sys_dict_data` VALUES ('10', '1', '默认', 'DEFAULT', 'sys_job_group', '', '', 'Y', '0', 'admin', '2018-03-16 11:33:00', 'jt', '2018-03-16 11:33:00', '默认分组');
INSERT INTO `sys_dict_data` VALUES ('11', '2', '系统', 'SYSTEM', 'sys_job_group', '', '', 'N', '0', 'admin', '2018-03-16 11:33:00', 'jt', '2018-03-16 11:33:00', '系统分组');
INSERT INTO `sys_dict_data` VALUES ('12', '1', '是', 'Y', 'sys_yes_no', '', 'primary', 'Y', '0', 'admin', '2018-03-16 11:33:00', 'jt', '2018-03-16 11:33:00', '系统默认是');
INSERT INTO `sys_dict_data` VALUES ('13', '2', '否', 'N', 'sys_yes_no', '', 'danger', 'N', '0', 'admin', '2018-03-16 11:33:00', 'jt', '2018-03-16 11:33:00', '系统默认否');
INSERT INTO `sys_dict_data` VALUES ('14', '1', '通知', '1', 'sys_notice_type', '', 'warning', 'Y', '0', 'admin', '2018-03-16 11:33:00', 'jt', '2018-03-16 11:33:00', '通知');
INSERT INTO `sys_dict_data` VALUES ('15', '2', '公告', '2', 'sys_notice_type', '', 'success', 'N', '0', 'admin', '2018-03-16 11:33:00', 'jt', '2018-03-16 11:33:00', '公告');
INSERT INTO `sys_dict_data` VALUES ('16', '1', '正常', '0', 'sys_notice_status', '', 'primary', 'Y', '0', 'admin', '2018-03-16 11:33:00', 'jt', '2018-03-16 11:33:00', '正常状态');
INSERT INTO `sys_dict_data` VALUES ('17', '2', '关闭', '1', 'sys_notice_status', '', 'danger', 'N', '0', 'admin', '2018-03-16 11:33:00', 'jt', '2018-03-16 11:33:00', '关闭状态');
INSERT INTO `sys_dict_data` VALUES ('18', '1', '新增', '1', 'sys_oper_type', '', 'info', 'N', '0', 'admin', '2018-03-16 11:33:00', 'jt', '2018-03-16 11:33:00', '新增操作');
INSERT INTO `sys_dict_data` VALUES ('19', '2', '修改', '2', 'sys_oper_type', '', 'info', 'N', '0', 'admin', '2018-03-16 11:33:00', 'jt', '2018-03-16 11:33:00', '修改操作');
INSERT INTO `sys_dict_data` VALUES ('20', '3', '删除', '3', 'sys_oper_type', '', 'danger', 'N', '0', 'admin', '2018-03-16 11:33:00', 'jt', '2018-03-16 11:33:00', '删除操作');
INSERT INTO `sys_dict_data` VALUES ('21', '4', '授权', '4', 'sys_oper_type', '', 'primary', 'N', '0', 'admin', '2018-03-16 11:33:00', 'jt', '2018-03-16 11:33:00', '授权操作');
INSERT INTO `sys_dict_data` VALUES ('22', '5', '导出', '5', 'sys_oper_type', '', 'warning', 'N', '0', 'admin', '2018-03-16 11:33:00', 'jt', '2018-03-16 11:33:00', '导出操作');
INSERT INTO `sys_dict_data` VALUES ('23', '6', '导入', '6', 'sys_oper_type', '', 'warning', 'N', '0', 'admin', '2018-03-16 11:33:00', 'jt', '2018-03-16 11:33:00', '导入操作');
INSERT INTO `sys_dict_data` VALUES ('24', '7', '强退', '7', 'sys_oper_type', '', 'danger', 'N', '0', 'admin', '2018-03-16 11:33:00', 'jt', '2018-03-16 11:33:00', '强退操作');
INSERT INTO `sys_dict_data` VALUES ('25', '8', '生成代码', '8', 'sys_oper_type', '', 'warning', 'N', '0', 'admin', '2018-03-16 11:33:00', 'jt', '2018-03-16 11:33:00', '生成操作');
INSERT INTO `sys_dict_data` VALUES ('26', '9', '清空数据', '9', 'sys_oper_type', '', 'danger', 'N', '0', 'admin', '2018-03-16 11:33:00', 'jt', '2018-03-16 11:33:00', '清空操作');
INSERT INTO `sys_dict_data` VALUES ('27', '1', '成功', '0', 'sys_common_status', '', 'primary', 'N', '0', 'admin', '2018-03-16 11:33:00', 'jt', '2018-03-16 11:33:00', '正常状态');
INSERT INTO `sys_dict_data` VALUES ('28', '2', '失败', '1', 'sys_common_status', '', 'danger', 'N', '0', 'admin', '2018-03-16 11:33:00', 'jt', '2018-03-16 11:33:00', '停用状态');

-- ----------------------------
-- Table structure for sys_dict_type
-- ----------------------------
DROP TABLE IF EXISTS `sys_dict_type`;
CREATE TABLE `sys_dict_type` (
  `dict_id` bigint(20) NOT NULL AUTO_INCREMENT COMMENT '字典主键',
  `dict_name` varchar(100) DEFAULT '' COMMENT '字典名称',
  `dict_type` varchar(100) DEFAULT '' COMMENT '字典类型',
  `status` char(1) DEFAULT '0' COMMENT '状态（0正常 1停用）',
  `create_by` varchar(64) DEFAULT '' COMMENT '创建者',
  `create_time` datetime DEFAULT NULL COMMENT '创建时间',
  `update_by` varchar(64) DEFAULT '' COMMENT '更新者',
  `update_time` datetime DEFAULT NULL COMMENT '更新时间',
  `remark` varchar(500) DEFAULT NULL COMMENT '备注',
  PRIMARY KEY (`dict_id`),
  UNIQUE KEY `dict_type` (`dict_type`)
) ENGINE=InnoDB AUTO_INCREMENT=11 DEFAULT CHARSET=utf8mb4 COMMENT='字典类型表';

-- ----------------------------
-- Records of sys_dict_type
-- ----------------------------
INSERT INTO `sys_dict_type` VALUES ('1', '用户性别', 'sys_user_sex', '0', 'admin', '2018-03-16 11:33:00', 'jt', '2018-03-16 11:33:00', '用户性别列表');
INSERT INTO `sys_dict_type` VALUES ('2', '菜单状态', 'sys_show_hide', '0', 'admin', '2018-03-16 11:33:00', 'jt', '2018-03-16 11:33:00', '菜单状态列表');
INSERT INTO `sys_dict_type` VALUES ('3', '系统开关', 'sys_normal_disable', '0', 'admin', '2018-03-16 11:33:00', 'jt', '2018-03-16 11:33:00', '系统开关列表');
INSERT INTO `sys_dict_type` VALUES ('4', '任务状态', 'sys_job_status', '0', 'admin', '2018-03-16 11:33:00', 'jt', '2018-03-16 11:33:00', '任务状态列表');
INSERT INTO `sys_dict_type` VALUES ('5', '任务分组', 'sys_job_group', '0', 'admin', '2018-03-16 11:33:00', 'jt', '2018-03-16 11:33:00', '任务分组列表');
INSERT INTO `sys_dict_type` VALUES ('6', '系统是否', 'sys_yes_no', '0', 'admin', '2018-03-16 11:33:00', 'jt', '2018-03-16 11:33:00', '系统是否列表');
INSERT INTO `sys_dict_type` VALUES ('7', '通知类型', 'sys_notice_type', '0', 'admin', '2018-03-16 11:33:00', 'jt', '2018-03-16 11:33:00', '通知类型列表');
INSERT INTO `sys_dict_type` VALUES ('8', '通知状态', 'sys_notice_status', '0', 'admin', '2018-03-16 11:33:00', 'jt', '2018-03-16 11:33:00', '通知状态列表');
INSERT INTO `sys_dict_type` VALUES ('9', '操作类型', 'sys_oper_type', '0', 'admin', '2018-03-16 11:33:00', 'jt', '2018-03-16 11:33:00', '操作类型列表');
INSERT INTO `sys_dict_type` VALUES ('10', '系统状态', 'sys_common_status', '0', 'admin', '2018-03-16 11:33:00', 'jt', '2018-03-16 11:33:00', '登录状态列表');

-- ----------------------------
-- Table structure for sys_job
-- ----------------------------
DROP TABLE IF EXISTS `sys_job`;
CREATE TABLE `sys_job` (
  `job_id` bigint(20) NOT NULL AUTO_INCREMENT COMMENT '任务ID',
  `job_name` varchar(64) NOT NULL DEFAULT '' COMMENT '任务名称',
  `job_group` varchar(64) NOT NULL DEFAULT 'DEFAULT' COMMENT '任务组名',
  `invoke_target` varchar(500) NOT NULL COMMENT '调用目标字符串',
  `cron_expression` varchar(255) DEFAULT '' COMMENT 'cron执行表达式',
  `misfire_policy` varchar(20) DEFAULT '3' COMMENT '计划执行错误策略（1立即执行 2执行一次 3放弃执行）',
  `concurrent` char(1) DEFAULT '1' COMMENT '是否并发执行（0允许 1禁止）',
  `status` char(1) DEFAULT '0' COMMENT '状态（0正常 1暂停）',
  `create_by` varchar(64) DEFAULT '' COMMENT '创建者',
  `create_time` datetime DEFAULT NULL COMMENT '创建时间',
  `update_by` varchar(64) DEFAULT '' COMMENT '更新者',
  `update_time` datetime DEFAULT NULL COMMENT '更新时间',
  `remark` varchar(500) DEFAULT '' COMMENT '备注信息',
  PRIMARY KEY (`job_id`,`job_name`,`job_group`)
) ENGINE=InnoDB AUTO_INCREMENT=4 DEFAULT CHARSET=utf8mb4 COMMENT='定时任务调度表';

-- ----------------------------
-- Records of sys_job
-- ----------------------------
INSERT INTO `sys_job` VALUES ('1', '系统默认（无参）', 'DEFAULT', 'ryTask.ryNoParams', '0/10 * * * * ?', '3', '1', '1', 'admin', '2018-03-16 11:33:00', 'jt', '2018-03-16 11:33:00', '');
INSERT INTO `sys_job` VALUES ('2', '系统默认（有参）', 'DEFAULT', 'ryTask.ryParams(\'ry\')', '0/15 * * * * ?', '3', '1', '1', 'admin', '2018-03-16 11:33:00', 'jt', '2018-03-16 11:33:00', '');
INSERT INTO `sys_job` VALUES ('3', '系统默认（多参）', 'DEFAULT', 'ryTask.ryMultipleParams(\'ry\', true, 2000L, 316.50D, 100)', '0/20 * * * * ?', '3', '1', '1', 'admin', '2018-03-16 11:33:00', 'jt', '2018-03-16 11:33:00', '');

-- ----------------------------
-- Table structure for sys_job_log
-- ----------------------------
DROP TABLE IF EXISTS `sys_job_log`;
CREATE TABLE `sys_job_log` (
  `job_log_id` bigint(20) NOT NULL AUTO_INCREMENT COMMENT '任务日志ID',
  `job_name` varchar(64) NOT NULL COMMENT '任务名称',
  `job_group` varchar(64) NOT NULL COMMENT '任务组名',
  `invoke_target` varchar(500) NOT NULL COMMENT '调用目标字符串',
  `job_message` varchar(500) DEFAULT NULL COMMENT '日志信息',
  `status` char(1) DEFAULT '0' COMMENT '执行状态（0正常 1失败）',
  `exception_info` varchar(2000) DEFAULT '' COMMENT '异常信息',
  `create_time` datetime DEFAULT NULL COMMENT '创建时间',
  PRIMARY KEY (`job_log_id`)
) ENGINE=InnoDB DEFAULT CHARSET=utf8mb4 COMMENT='定时任务调度日志表';

-- ----------------------------
-- Records of sys_job_log
-- ----------------------------

-- ----------------------------
-- Table structure for sys_logininfor
-- ----------------------------
DROP TABLE IF EXISTS `sys_logininfor`;
CREATE TABLE `sys_logininfor` (
  `info_id` bigint(20) NOT NULL AUTO_INCREMENT COMMENT '访问ID',
  `user_name` varchar(50) DEFAULT '' COMMENT '用户账号',
  `ipaddr` varchar(50) DEFAULT '' COMMENT '登录IP地址',
  `login_location` varchar(255) DEFAULT '' COMMENT '登录地点',
  `browser` varchar(50) DEFAULT '' COMMENT '浏览器类型',
  `os` varchar(50) DEFAULT '' COMMENT '操作系统',
  `status` char(1) DEFAULT '0' COMMENT '登录状态（0成功 1失败）',
  `msg` varchar(255) DEFAULT '' COMMENT '提示消息',
  `login_time` datetime DEFAULT NULL COMMENT '访问时间',
  PRIMARY KEY (`info_id`)
) ENGINE=InnoDB AUTO_INCREMENT=161 DEFAULT CHARSET=utf8mb4 COMMENT='系统访问记录';

-- ----------------------------
-- Records of sys_logininfor
-- ----------------------------
INSERT INTO `sys_logininfor` VALUES ('100', 'admin', '127.0.0.1', '内网IP', 'Chrome 9', 'Windows 10', '0', '登录成功', '2021-05-06 09:41:21');
INSERT INTO `sys_logininfor` VALUES ('101', 'admin', '127.0.0.1', '内网IP', 'Chrome 9', 'Windows 10', '0', '登录成功', '2021-05-06 15:39:00');
INSERT INTO `sys_logininfor` VALUES ('102', 'admin', '127.0.0.1', '内网IP', 'Chrome 9', 'Windows 10', '0', '退出成功', '2021-05-06 15:52:00');
INSERT INTO `sys_logininfor` VALUES ('103', 'chengxy', '127.0.0.1', '内网IP', 'Chrome 9', 'Windows 10', '0', '登录成功', '2021-05-06 15:53:07');
INSERT INTO `sys_logininfor` VALUES ('104', 'admin', '127.0.0.1', '内网IP', 'Chrome 9', 'Windows 10', '0', '登录成功', '2021-05-06 15:53:30');
INSERT INTO `sys_logininfor` VALUES ('105', 'chengxy', '127.0.0.1', '内网IP', 'Chrome 9', 'Windows 10', '0', '登录成功', '2021-05-06 16:34:36');
INSERT INTO `sys_logininfor` VALUES ('106', 'chengxy', '127.0.0.1', '内网IP', 'Chrome 9', 'Windows 10', '0', '退出成功', '2021-05-06 16:35:28');
INSERT INTO `sys_logininfor` VALUES ('107', 'axianlu', '127.0.0.1', '内网IP', 'Chrome 9', 'Windows 10', '0', '登录成功', '2021-05-06 16:35:44');
INSERT INTO `sys_logininfor` VALUES ('108', 'axianlu', '127.0.0.1', '内网IP', 'Chrome 9', 'Windows 10', '0', '退出成功', '2021-05-06 16:36:11');
INSERT INTO `sys_logininfor` VALUES ('109', 'chengxy', '127.0.0.1', '内网IP', 'Chrome 9', 'Windows 10', '0', '登录成功', '2021-05-06 16:36:23');
INSERT INTO `sys_logininfor` VALUES ('110', 'chengxy', '127.0.0.1', '内网IP', 'Chrome 9', 'Windows 10', '0', '退出成功', '2021-05-06 16:42:54');
INSERT INTO `sys_logininfor` VALUES ('111', 'admin', '127.0.0.1', '内网IP', 'Chrome 9', 'Windows 10', '1', '验证码已失效', '2021-05-06 16:46:15');
INSERT INTO `sys_logininfor` VALUES ('112', 'admin', '127.0.0.1', '内网IP', 'Chrome 9', 'Windows 10', '0', '登录成功', '2021-05-06 16:46:20');
INSERT INTO `sys_logininfor` VALUES ('113', 'admin', '127.0.0.1', '内网IP', 'Chrome 9', 'Windows 10', '0', '登录成功', '2021-05-06 17:20:55');
INSERT INTO `sys_logininfor` VALUES ('114', 'admin', '127.0.0.1', '内网IP', 'Chrome 9', 'Windows 10', '0', '登录成功', '2021-05-06 17:58:41');
INSERT INTO `sys_logininfor` VALUES ('115', 'admin', '127.0.0.1', '内网IP', 'Chrome 9', 'Windows 10', '0', '登录成功', '2021-05-06 18:09:58');
INSERT INTO `sys_logininfor` VALUES ('116', 'admin', '127.0.0.1', '内网IP', 'Chrome 9', 'Windows 10', '0', '登录成功', '2021-05-06 18:19:52');
INSERT INTO `sys_logininfor` VALUES ('117', 'admin', '127.0.0.1', '内网IP', 'Chrome 9', 'Windows 10', '0', '退出成功', '2021-05-06 18:35:48');
INSERT INTO `sys_logininfor` VALUES ('118', 'chengxy', '127.0.0.1', '内网IP', 'Chrome 9', 'Windows 10', '0', '登录成功', '2021-05-06 18:36:08');
INSERT INTO `sys_logininfor` VALUES ('119', 'chengxy', '127.0.0.1', '内网IP', 'Chrome 9', 'Windows 10', '0', '退出成功', '2021-05-06 18:38:03');
INSERT INTO `sys_logininfor` VALUES ('120', 'admin', '127.0.0.1', '内网IP', 'Chrome 9', 'Windows 10', '0', '登录成功', '2021-05-06 18:38:07');
INSERT INTO `sys_logininfor` VALUES ('121', 'admin', '127.0.0.1', '内网IP', 'Chrome 9', 'Windows 10', '0', '登录成功', '2021-05-06 19:59:05');
INSERT INTO `sys_logininfor` VALUES ('122', 'admin', '127.0.0.1', '内网IP', 'Chrome 9', 'Windows 10', '0', '退出成功', '2021-05-06 20:21:57');
INSERT INTO `sys_logininfor` VALUES ('123', 'rensm', '127.0.0.1', '内网IP', 'Chrome 9', 'Windows 10', '0', '登录成功', '2021-05-06 20:22:06');
INSERT INTO `sys_logininfor` VALUES ('124', 'rensm', '127.0.0.1', '内网IP', 'Chrome 9', 'Windows 10', '0', '退出成功', '2021-05-06 20:22:53');
INSERT INTO `sys_logininfor` VALUES ('125', 'chengxy', '127.0.0.1', '内网IP', 'Chrome 9', 'Windows 10', '0', '登录成功', '2021-05-06 20:23:06');
INSERT INTO `sys_logininfor` VALUES ('126', 'chengxy', '127.0.0.1', '内网IP', 'Chrome 9', 'Windows 10', '0', '退出成功', '2021-05-06 20:52:40');
INSERT INTO `sys_logininfor` VALUES ('127', 'axianlu', '127.0.0.1', '内网IP', 'Chrome 9', 'Windows 10', '0', '登录成功', '2021-05-06 20:52:51');
INSERT INTO `sys_logininfor` VALUES ('128', 'chengxy', '127.0.0.1', '内网IP', 'Chrome 9', 'Windows 10', '0', '登录成功', '2021-05-06 20:53:29');
INSERT INTO `sys_logininfor` VALUES ('129', 'chengxy', '127.0.0.1', '内网IP', 'Chrome 9', 'Windows 10', '0', '退出成功', '2021-05-06 20:56:36');
INSERT INTO `sys_logininfor` VALUES ('130', 'axianlu', '127.0.0.1', '内网IP', 'Chrome 9', 'Windows 10', '0', '退出成功', '2021-05-06 20:56:53');
INSERT INTO `sys_logininfor` VALUES ('131', 'rensm', '127.0.0.1', '内网IP', 'Chrome 9', 'Windows 10', '0', '登录成功', '2021-05-06 20:57:01');
INSERT INTO `sys_logininfor` VALUES ('132', 'rensm', '127.0.0.1', '内网IP', 'Chrome 9', 'Windows 10', '0', '退出成功', '2021-05-06 21:00:46');
INSERT INTO `sys_logininfor` VALUES ('133', 'chengxy', '127.0.0.1', '内网IP', 'Chrome 9', 'Windows 10', '0', '登录成功', '2021-05-06 21:00:55');
INSERT INTO `sys_logininfor` VALUES ('134', 'chengxy', '127.0.0.1', '内网IP', 'Chrome 9', 'Windows 10', '0', '退出成功', '2021-05-06 21:01:15');
INSERT INTO `sys_logininfor` VALUES ('135', 'axianlu', '127.0.0.1', '内网IP', 'Chrome 9', 'Windows 10', '0', '登录成功', '2021-05-06 21:01:29');
INSERT INTO `sys_logininfor` VALUES ('136', 'axianlu', '127.0.0.1', '内网IP', 'Chrome 9', 'Windows 10', '0', '退出成功', '2021-05-06 21:01:51');
INSERT INTO `sys_logininfor` VALUES ('137', 'rensm', '127.0.0.1', '内网IP', 'Chrome 9', 'Windows 10', '0', '登录成功', '2021-05-06 21:01:59');
INSERT INTO `sys_logininfor` VALUES ('138', 'rensm', '127.0.0.1', '内网IP', 'Chrome 9', 'Windows 10', '0', '退出成功', '2021-05-06 21:02:12');
INSERT INTO `sys_logininfor` VALUES ('139', 'chengxy', '127.0.0.1', '内网IP', 'Chrome 9', 'Windows 10', '0', '登录成功', '2021-05-06 21:02:21');
INSERT INTO `sys_logininfor` VALUES ('140', 'admin', '127.0.0.1', '内网IP', 'Chrome 9', 'Windows 10', '0', '登录成功', '2021-05-09 16:53:06');
INSERT INTO `sys_logininfor` VALUES ('141', 'admin', '127.0.0.1', '内网IP', 'Chrome 9', 'Windows 10', '0', '登录成功', '2021-05-09 17:39:45');
INSERT INTO `sys_logininfor` VALUES ('142', 'admin', '127.0.0.1', '内网IP', 'Chrome 9', 'Windows 10', '0', '退出成功', '2021-05-09 17:41:04');
INSERT INTO `sys_logininfor` VALUES ('143', 'chengxy', '127.0.0.1', '内网IP', 'Chrome 9', 'Windows 10', '0', '登录成功', '2021-05-09 17:41:16');
INSERT INTO `sys_logininfor` VALUES ('144', 'admin', '127.0.0.1', '内网IP', 'Chrome 9', 'Windows 10', '1', '验证码已失效', '2021-05-09 17:55:18');
INSERT INTO `sys_logininfor` VALUES ('145', 'admin', '127.0.0.1', '内网IP', 'Chrome 9', 'Windows 10', '0', '登录成功', '2021-05-09 17:55:22');
INSERT INTO `sys_logininfor` VALUES ('146', 'chengxy', '127.0.0.1', '内网IP', 'Chrome 9', 'Windows 10', '0', '登录成功', '2021-05-09 18:22:36');
INSERT INTO `sys_logininfor` VALUES ('147', 'chengxy', '127.0.0.1', '内网IP', 'Chrome 9', 'Windows 10', '0', '退出成功', '2021-05-09 18:53:16');
INSERT INTO `sys_logininfor` VALUES ('148', 'admin', '127.0.0.1', '内网IP', 'Chrome 9', 'Windows 10', '0', '登录成功', '2021-05-09 18:53:22');
INSERT INTO `sys_logininfor` VALUES ('149', 'admin', '127.0.0.1', '内网IP', 'Chrome 9', 'Windows 10', '0', '退出成功', '2021-05-09 18:58:39');
INSERT INTO `sys_logininfor` VALUES ('150', 'chengxy', '127.0.0.1', '内网IP', 'Chrome 9', 'Windows 10', '0', '登录成功', '2021-05-09 18:58:52');
INSERT INTO `sys_logininfor` VALUES ('151', 'chengxy', '127.0.0.1', '内网IP', 'Chrome 9', 'Windows 10', '0', '退出成功', '2021-05-09 18:59:31');
INSERT INTO `sys_logininfor` VALUES ('152', 'yezhuguan', '127.0.0.1', '内网IP', 'Chrome 9', 'Windows 10', '0', '登录成功', '2021-05-09 18:59:43');
INSERT INTO `sys_logininfor` VALUES ('153', 'yezhuguan', '127.0.0.1', '内网IP', 'Chrome 9', 'Windows 10', '0', '登录成功', '2021-05-09 19:49:31');
INSERT INTO `sys_logininfor` VALUES ('154', 'yezhuguan', '127.0.0.1', '内网IP', 'Chrome 9', 'Windows 10', '0', '登录成功', '2021-05-09 22:02:03');
INSERT INTO `sys_logininfor` VALUES ('155', 'admin', '127.0.0.1', '内网IP', 'Chrome 9', 'Windows 10', '0', '登录成功', '2021-05-09 22:44:39');
INSERT INTO `sys_logininfor` VALUES ('156', 'admin', '127.0.0.1', '内网IP', 'Chrome 9', 'Windows 10', '0', '退出成功', '2021-05-09 23:30:19');
INSERT INTO `sys_logininfor` VALUES ('157', 'chengxy', '127.0.0.1', '内网IP', 'Chrome 9', 'Windows 10', '0', '登录成功', '2021-05-09 23:30:29');
INSERT INTO `sys_logininfor` VALUES ('158', 'chengxy', '127.0.0.1', '内网IP', 'Chrome 9', 'Windows 10', '0', '退出成功', '2021-05-10 00:02:34');
INSERT INTO `sys_logininfor` VALUES ('159', 'yezhuguan', '127.0.0.1', '内网IP', 'Chrome 9', 'Windows 10', '1', '验证码已失效', '2021-05-10 00:02:43');
INSERT INTO `sys_logininfor` VALUES ('160', 'yezhuguan', '127.0.0.1', '内网IP', 'Chrome 9', 'Windows 10', '0', '登录成功', '2021-05-10 00:02:44');

-- ----------------------------
-- Table structure for sys_menu
-- ----------------------------
DROP TABLE IF EXISTS `sys_menu`;
CREATE TABLE `sys_menu` (
  `menu_id` bigint(20) NOT NULL AUTO_INCREMENT COMMENT '菜单ID',
  `menu_name` varchar(50) NOT NULL COMMENT '菜单名称',
  `parent_id` bigint(20) DEFAULT '0' COMMENT '父菜单ID',
  `order_num` int(4) DEFAULT '0' COMMENT '显示顺序',
  `path` varchar(200) DEFAULT '' COMMENT '路由地址',
  `component` varchar(255) DEFAULT NULL COMMENT '组件路径',
  `is_frame` int(1) DEFAULT '1' COMMENT '是否为外链（0是 1否）',
  `is_cache` int(1) DEFAULT '0' COMMENT '是否缓存（0缓存 1不缓存）',
  `menu_type` char(1) DEFAULT '' COMMENT '菜单类型（M目录 C菜单 F按钮）',
  `visible` char(1) DEFAULT '0' COMMENT '菜单状态（0显示 1隐藏）',
  `status` char(1) DEFAULT '0' COMMENT '菜单状态（0正常 1停用）',
  `perms` varchar(100) DEFAULT NULL COMMENT '权限标识',
  `icon` varchar(100) DEFAULT '#' COMMENT '菜单图标',
  `create_by` varchar(64) DEFAULT '' COMMENT '创建者',
  `create_time` datetime DEFAULT NULL COMMENT '创建时间',
  `update_by` varchar(64) DEFAULT '' COMMENT '更新者',
  `update_time` datetime DEFAULT NULL COMMENT '更新时间',
  `remark` varchar(500) DEFAULT '' COMMENT '备注',
  PRIMARY KEY (`menu_id`)
) ENGINE=InnoDB AUTO_INCREMENT=2004 DEFAULT CHARSET=utf8mb4 COMMENT='菜单权限表';

-- ----------------------------
-- Records of sys_menu
-- ----------------------------
INSERT INTO `sys_menu` VALUES ('1', '系统管理', '0', '1', 'system', null, '1', '0', 'M', '0', '0', '', 'system', 'admin', '2018-03-16 11:33:00', 'jt', '2018-03-16 11:33:00', '系统管理目录');
INSERT INTO `sys_menu` VALUES ('2', '系统监控', '0', '2', 'monitor', null, '1', '0', 'M', '1', '0', '', 'monitor', 'admin', '2018-03-16 11:33:00', 'admin', '2021-05-06 16:14:20', '系统监控目录');
INSERT INTO `sys_menu` VALUES ('3', '系统工具', '0', '3', 'tool', null, '1', '0', 'M', '1', '0', '', 'tool', 'admin', '2018-03-16 11:33:00', 'admin', '2021-05-06 16:14:38', '系统工具目录');
INSERT INTO `sys_menu` VALUES ('5', '流程菜单', '0', '4', 'activiti', null, '1', '0', 'M', '0', '0', 'activiti:modeler:list', 'cascader', 'admin', '2020-09-13 21:58:54', '', null, '');
INSERT INTO `sys_menu` VALUES ('100', '用户管理', '1', '1', 'user', 'system/user/index', '1', '0', 'C', '0', '0', 'system:user:list', 'user', 'admin', '2018-03-16 11:33:00', 'jt', '2018-03-16 11:33:00', '用户管理菜单');
INSERT INTO `sys_menu` VALUES ('101', '角色管理', '1', '2', 'role', 'system/role/index', '1', '0', 'C', '0', '0', 'system:role:list', 'peoples', 'admin', '2018-03-16 11:33:00', 'jt', '2018-03-16 11:33:00', '角色管理菜单');
INSERT INTO `sys_menu` VALUES ('102', '菜单管理', '1', '3', 'menu', 'system/menu/index', '1', '0', 'C', '0', '0', 'system:menu:list', 'tree-table', 'admin', '2018-03-16 11:33:00', 'jt', '2018-03-16 11:33:00', '菜单管理菜单');
INSERT INTO `sys_menu` VALUES ('103', '部门管理', '1', '4', 'dept', 'system/dept/index', '1', '0', 'C', '0', '0', 'system:dept:list', 'tree', 'admin', '2018-03-16 11:33:00', 'jt', '2018-03-16 11:33:00', '部门管理菜单');
INSERT INTO `sys_menu` VALUES ('104', '岗位管理', '1', '5', 'post', 'system/post/index', '1', '0', 'C', '0', '0', 'system:post:list', 'post', 'admin', '2018-03-16 11:33:00', 'jt', '2018-03-16 11:33:00', '岗位管理菜单');
INSERT INTO `sys_menu` VALUES ('105', '字典管理', '1', '6', 'dict', 'system/dict/index', '1', '0', 'C', '0', '0', 'system:dict:list', 'dict', 'admin', '2018-03-16 11:33:00', 'jt', '2018-03-16 11:33:00', '字典管理菜单');
INSERT INTO `sys_menu` VALUES ('106', '参数设置', '1', '7', 'config', 'system/config/index', '1', '0', 'C', '1', '0', 'system:config:list', 'edit', 'admin', '2018-03-16 11:33:00', 'admin', '2021-05-09 17:40:27', '参数设置菜单');
INSERT INTO `sys_menu` VALUES ('107', '通知公告', '1', '8', 'notice', 'system/notice/index', '1', '0', 'C', '1', '0', 'system:notice:list', 'message', 'admin', '2018-03-16 11:33:00', 'admin', '2021-05-09 17:40:22', '通知公告菜单');
INSERT INTO `sys_menu` VALUES ('108', '日志管理', '1', '9', 'log', 'system/log/index', '1', '0', 'M', '1', '0', '', 'log', 'admin', '2018-03-16 11:33:00', 'admin', '2021-05-09 17:40:16', '日志管理菜单');
INSERT INTO `sys_menu` VALUES ('109', '在线用户', '2', '1', 'online', 'monitor/online/index', '1', '0', 'C', '0', '0', 'monitor:online:list', 'online', 'admin', '2018-03-16 11:33:00', 'jt', '2018-03-16 11:33:00', '在线用户菜单');
INSERT INTO `sys_menu` VALUES ('110', '定时任务', '2', '2', 'job', 'monitor/job/index', '1', '0', 'C', '0', '0', 'monitor:job:list', 'job', 'admin', '2018-03-16 11:33:00', 'jt', '2018-03-16 11:33:00', '定时任务菜单');
INSERT INTO `sys_menu` VALUES ('111', '数据监控', '2', '3', 'druid', 'monitor/druid/index', '1', '0', 'C', '0', '0', 'monitor:druid:list', 'druid', 'admin', '2018-03-16 11:33:00', 'jt', '2018-03-16 11:33:00', '数据监控菜单');
INSERT INTO `sys_menu` VALUES ('112', '服务监控', '2', '4', 'server', 'monitor/server/index', '1', '0', 'C', '0', '0', 'monitor:server:list', 'server', 'admin', '2018-03-16 11:33:00', 'jt', '2018-03-16 11:33:00', '服务监控菜单');
INSERT INTO `sys_menu` VALUES ('113', '表单构建', '3', '1', 'build', 'tool/build/index', '1', '0', 'C', '0', '0', 'tool:build:list', 'build', 'admin', '2018-03-16 11:33:00', 'jt', '2018-03-16 11:33:00', '表单构建菜单');
INSERT INTO `sys_menu` VALUES ('114', '代码生成', '3', '2', 'gen', 'tool/gen/index', '1', '0', 'C', '0', '0', 'tool:gen:list', 'code', 'admin', '2018-03-16 11:33:00', 'jt', '2018-03-16 11:33:00', '代码生成菜单');
INSERT INTO `sys_menu` VALUES ('115', '系统接口', '3', '3', 'swagger', 'tool/swagger/index', '1', '0', 'C', '0', '0', 'tool:swagger:list', 'swagger', 'admin', '2018-03-16 11:33:00', 'jt', '2018-03-16 11:33:00', '系统接口菜单');
INSERT INTO `sys_menu` VALUES ('500', '操作日志', '108', '1', 'operlog', 'monitor/operlog/index', '1', '0', 'C', '0', '0', 'monitor:operlog:list', 'form', 'admin', '2018-03-16 11:33:00', 'jt', '2018-03-16 11:33:00', '操作日志菜单');
INSERT INTO `sys_menu` VALUES ('501', '登录日志', '108', '2', 'logininfor', 'monitor/logininfor/index', '1', '0', 'C', '0', '0', 'monitor:logininfor:list', 'logininfor', 'admin', '2018-03-16 11:33:00', 'jt', '2018-03-16 11:33:00', '登录日志菜单');
INSERT INTO `sys_menu` VALUES ('1001', '用户查询', '100', '1', '', '', '1', '0', 'F', '0', '0', 'system:user:query', '#', 'admin', '2018-03-16 11:33:00', 'jt', '2018-03-16 11:33:00', '');
INSERT INTO `sys_menu` VALUES ('1002', '用户新增', '100', '2', '', '', '1', '0', 'F', '0', '0', 'system:user:add', '#', 'admin', '2018-03-16 11:33:00', 'jt', '2018-03-16 11:33:00', '');
INSERT INTO `sys_menu` VALUES ('1003', '用户修改', '100', '3', '', '', '1', '0', 'F', '0', '0', 'system:user:edit', '#', 'admin', '2018-03-16 11:33:00', 'jt', '2018-03-16 11:33:00', '');
INSERT INTO `sys_menu` VALUES ('1004', '用户删除', '100', '4', '', '', '1', '0', 'F', '0', '0', 'system:user:remove', '#', 'admin', '2018-03-16 11:33:00', 'jt', '2018-03-16 11:33:00', '');
INSERT INTO `sys_menu` VALUES ('1005', '用户导出', '100', '5', '', '', '1', '0', 'F', '0', '0', 'system:user:export', '#', 'admin', '2018-03-16 11:33:00', 'jt', '2018-03-16 11:33:00', '');
INSERT INTO `sys_menu` VALUES ('1006', '用户导入', '100', '6', '', '', '1', '0', 'F', '0', '0', 'system:user:import', '#', 'admin', '2018-03-16 11:33:00', 'jt', '2018-03-16 11:33:00', '');
INSERT INTO `sys_menu` VALUES ('1007', '重置密码', '100', '7', '', '', '1', '0', 'F', '0', '0', 'system:user:resetPwd', '#', 'admin', '2018-03-16 11:33:00', 'jt', '2018-03-16 11:33:00', '');
INSERT INTO `sys_menu` VALUES ('1008', '角色查询', '101', '1', '', '', '1', '0', 'F', '0', '0', 'system:role:query', '#', 'admin', '2018-03-16 11:33:00', 'jt', '2018-03-16 11:33:00', '');
INSERT INTO `sys_menu` VALUES ('1009', '角色新增', '101', '2', '', '', '1', '0', 'F', '0', '0', 'system:role:add', '#', 'admin', '2018-03-16 11:33:00', 'jt', '2018-03-16 11:33:00', '');
INSERT INTO `sys_menu` VALUES ('1010', '角色修改', '101', '3', '', '', '1', '0', 'F', '0', '0', 'system:role:edit', '#', 'admin', '2018-03-16 11:33:00', 'jt', '2018-03-16 11:33:00', '');
INSERT INTO `sys_menu` VALUES ('1011', '角色删除', '101', '4', '', '', '1', '0', 'F', '0', '0', 'system:role:remove', '#', 'admin', '2018-03-16 11:33:00', 'jt', '2018-03-16 11:33:00', '');
INSERT INTO `sys_menu` VALUES ('1012', '角色导出', '101', '5', '', '', '1', '0', 'F', '0', '0', 'system:role:export', '#', 'admin', '2018-03-16 11:33:00', 'jt', '2018-03-16 11:33:00', '');
INSERT INTO `sys_menu` VALUES ('1013', '菜单查询', '102', '1', '', '', '1', '0', 'F', '0', '0', 'system:menu:query', '#', 'admin', '2018-03-16 11:33:00', 'jt', '2018-03-16 11:33:00', '');
INSERT INTO `sys_menu` VALUES ('1014', '菜单新增', '102', '2', '', '', '1', '0', 'F', '0', '0', 'system:menu:add', '#', 'admin', '2018-03-16 11:33:00', 'jt', '2018-03-16 11:33:00', '');
INSERT INTO `sys_menu` VALUES ('1015', '菜单修改', '102', '3', '', '', '1', '0', 'F', '0', '0', 'system:menu:edit', '#', 'admin', '2018-03-16 11:33:00', 'jt', '2018-03-16 11:33:00', '');
INSERT INTO `sys_menu` VALUES ('1016', '菜单删除', '102', '4', '', '', '1', '0', 'F', '0', '0', 'system:menu:remove', '#', 'admin', '2018-03-16 11:33:00', 'jt', '2018-03-16 11:33:00', '');
INSERT INTO `sys_menu` VALUES ('1017', '部门查询', '103', '1', '', '', '1', '0', 'F', '0', '0', 'system:dept:query', '#', 'admin', '2018-03-16 11:33:00', 'jt', '2018-03-16 11:33:00', '');
INSERT INTO `sys_menu` VALUES ('1018', '部门新增', '103', '2', '', '', '1', '0', 'F', '0', '0', 'system:dept:add', '#', 'admin', '2018-03-16 11:33:00', 'jt', '2018-03-16 11:33:00', '');
INSERT INTO `sys_menu` VALUES ('1019', '部门修改', '103', '3', '', '', '1', '0', 'F', '0', '0', 'system:dept:edit', '#', 'admin', '2018-03-16 11:33:00', 'jt', '2018-03-16 11:33:00', '');
INSERT INTO `sys_menu` VALUES ('1020', '部门删除', '103', '4', '', '', '1', '0', 'F', '0', '0', 'system:dept:remove', '#', 'admin', '2018-03-16 11:33:00', 'jt', '2018-03-16 11:33:00', '');
INSERT INTO `sys_menu` VALUES ('1021', '岗位查询', '104', '1', '', '', '1', '0', 'F', '0', '0', 'system:post:query', '#', 'admin', '2018-03-16 11:33:00', 'jt', '2018-03-16 11:33:00', '');
INSERT INTO `sys_menu` VALUES ('1022', '岗位新增', '104', '2', '', '', '1', '0', 'F', '0', '0', 'system:post:add', '#', 'admin', '2018-03-16 11:33:00', 'jt', '2018-03-16 11:33:00', '');
INSERT INTO `sys_menu` VALUES ('1023', '岗位修改', '104', '3', '', '', '1', '0', 'F', '0', '0', 'system:post:edit', '#', 'admin', '2018-03-16 11:33:00', 'jt', '2018-03-16 11:33:00', '');
INSERT INTO `sys_menu` VALUES ('1024', '岗位删除', '104', '4', '', '', '1', '0', 'F', '0', '0', 'system:post:remove', '#', 'admin', '2018-03-16 11:33:00', 'jt', '2018-03-16 11:33:00', '');
INSERT INTO `sys_menu` VALUES ('1025', '岗位导出', '104', '5', '', '', '1', '0', 'F', '0', '0', 'system:post:export', '#', 'admin', '2018-03-16 11:33:00', 'jt', '2018-03-16 11:33:00', '');
INSERT INTO `sys_menu` VALUES ('1026', '字典查询', '105', '1', '#', '', '1', '0', 'F', '0', '0', 'system:dict:query', '#', 'admin', '2018-03-16 11:33:00', 'jt', '2018-03-16 11:33:00', '');
INSERT INTO `sys_menu` VALUES ('1027', '字典新增', '105', '2', '#', '', '1', '0', 'F', '0', '0', 'system:dict:add', '#', 'admin', '2018-03-16 11:33:00', 'jt', '2018-03-16 11:33:00', '');
INSERT INTO `sys_menu` VALUES ('1028', '字典修改', '105', '3', '#', '', '1', '0', 'F', '0', '0', 'system:dict:edit', '#', 'admin', '2018-03-16 11:33:00', 'jt', '2018-03-16 11:33:00', '');
INSERT INTO `sys_menu` VALUES ('1029', '字典删除', '105', '4', '#', '', '1', '0', 'F', '0', '0', 'system:dict:remove', '#', 'admin', '2018-03-16 11:33:00', 'jt', '2018-03-16 11:33:00', '');
INSERT INTO `sys_menu` VALUES ('1030', '字典导出', '105', '5', '#', '', '1', '0', 'F', '0', '0', 'system:dict:export', '#', 'admin', '2018-03-16 11:33:00', 'jt', '2018-03-16 11:33:00', '');
INSERT INTO `sys_menu` VALUES ('1031', '参数查询', '106', '1', '#', '', '1', '0', 'F', '0', '0', 'system:config:query', '#', 'admin', '2018-03-16 11:33:00', 'jt', '2018-03-16 11:33:00', '');
INSERT INTO `sys_menu` VALUES ('1032', '参数新增', '106', '2', '#', '', '1', '0', 'F', '0', '0', 'system:config:add', '#', 'admin', '2018-03-16 11:33:00', 'jt', '2018-03-16 11:33:00', '');
INSERT INTO `sys_menu` VALUES ('1033', '参数修改', '106', '3', '#', '', '1', '0', 'F', '0', '0', 'system:config:edit', '#', 'admin', '2018-03-16 11:33:00', 'jt', '2018-03-16 11:33:00', '');
INSERT INTO `sys_menu` VALUES ('1034', '参数删除', '106', '4', '#', '', '1', '0', 'F', '0', '0', 'system:config:remove', '#', 'admin', '2018-03-16 11:33:00', 'jt', '2018-03-16 11:33:00', '');
INSERT INTO `sys_menu` VALUES ('1035', '参数导出', '106', '5', '#', '', '1', '0', 'F', '0', '0', 'system:config:export', '#', 'admin', '2018-03-16 11:33:00', 'jt', '2018-03-16 11:33:00', '');
INSERT INTO `sys_menu` VALUES ('1036', '公告查询', '107', '1', '#', '', '1', '0', 'F', '0', '0', 'system:notice:query', '#', 'admin', '2018-03-16 11:33:00', 'jt', '2018-03-16 11:33:00', '');
INSERT INTO `sys_menu` VALUES ('1037', '公告新增', '107', '2', '#', '', '1', '0', 'F', '0', '0', 'system:notice:add', '#', 'admin', '2018-03-16 11:33:00', 'jt', '2018-03-16 11:33:00', '');
INSERT INTO `sys_menu` VALUES ('1038', '公告修改', '107', '3', '#', '', '1', '0', 'F', '0', '0', 'system:notice:edit', '#', 'admin', '2018-03-16 11:33:00', 'jt', '2018-03-16 11:33:00', '');
INSERT INTO `sys_menu` VALUES ('1039', '公告删除', '107', '4', '#', '', '1', '0', 'F', '0', '0', 'system:notice:remove', '#', 'admin', '2018-03-16 11:33:00', 'jt', '2018-03-16 11:33:00', '');
INSERT INTO `sys_menu` VALUES ('1040', '操作查询', '500', '1', '#', '', '1', '0', 'F', '0', '0', 'monitor:operlog:query', '#', 'admin', '2018-03-16 11:33:00', 'jt', '2018-03-16 11:33:00', '');
INSERT INTO `sys_menu` VALUES ('1041', '操作删除', '500', '2', '#', '', '1', '0', 'F', '0', '0', 'monitor:operlog:remove', '#', 'admin', '2018-03-16 11:33:00', 'jt', '2018-03-16 11:33:00', '');
INSERT INTO `sys_menu` VALUES ('1042', '日志导出', '500', '4', '#', '', '1', '0', 'F', '0', '0', 'monitor:operlog:export', '#', 'admin', '2018-03-16 11:33:00', 'jt', '2018-03-16 11:33:00', '');
INSERT INTO `sys_menu` VALUES ('1043', '登录查询', '501', '1', '#', '', '1', '0', 'F', '0', '0', 'monitor:logininfor:query', '#', 'admin', '2018-03-16 11:33:00', 'jt', '2018-03-16 11:33:00', '');
INSERT INTO `sys_menu` VALUES ('1044', '登录删除', '501', '2', '#', '', '1', '0', 'F', '0', '0', 'monitor:logininfor:remove', '#', 'admin', '2018-03-16 11:33:00', 'jt', '2018-03-16 11:33:00', '');
INSERT INTO `sys_menu` VALUES ('1045', '日志导出', '501', '3', '#', '', '1', '0', 'F', '0', '0', 'monitor:logininfor:export', '#', 'admin', '2018-03-16 11:33:00', 'jt', '2018-03-16 11:33:00', '');
INSERT INTO `sys_menu` VALUES ('1046', '在线查询', '109', '1', '#', '', '1', '0', 'F', '0', '0', 'monitor:online:query', '#', 'admin', '2018-03-16 11:33:00', 'jt', '2018-03-16 11:33:00', '');
INSERT INTO `sys_menu` VALUES ('1047', '批量强退', '109', '2', '#', '', '1', '0', 'F', '0', '0', 'monitor:online:batchLogout', '#', 'admin', '2018-03-16 11:33:00', 'jt', '2018-03-16 11:33:00', '');
INSERT INTO `sys_menu` VALUES ('1048', '单条强退', '109', '3', '#', '', '1', '0', 'F', '0', '0', 'monitor:online:forceLogout', '#', 'admin', '2018-03-16 11:33:00', 'jt', '2018-03-16 11:33:00', '');
INSERT INTO `sys_menu` VALUES ('1049', '任务查询', '110', '1', '#', '', '1', '0', 'F', '0', '0', 'monitor:job:query', '#', 'admin', '2018-03-16 11:33:00', 'jt', '2018-03-16 11:33:00', '');
INSERT INTO `sys_menu` VALUES ('1050', '任务新增', '110', '2', '#', '', '1', '0', 'F', '0', '0', 'monitor:job:add', '#', 'admin', '2018-03-16 11:33:00', 'jt', '2018-03-16 11:33:00', '');
INSERT INTO `sys_menu` VALUES ('1051', '任务修改', '110', '3', '#', '', '1', '0', 'F', '0', '0', 'monitor:job:edit', '#', 'admin', '2018-03-16 11:33:00', 'jt', '2018-03-16 11:33:00', '');
INSERT INTO `sys_menu` VALUES ('1052', '任务删除', '110', '4', '#', '', '1', '0', 'F', '0', '0', 'monitor:job:remove', '#', 'admin', '2018-03-16 11:33:00', 'jt', '2018-03-16 11:33:00', '');
INSERT INTO `sys_menu` VALUES ('1053', '状态修改', '110', '5', '#', '', '1', '0', 'F', '0', '0', 'monitor:job:changeStatus', '#', 'admin', '2018-03-16 11:33:00', 'jt', '2018-03-16 11:33:00', '');
INSERT INTO `sys_menu` VALUES ('1054', '任务导出', '110', '7', '#', '', '1', '0', 'F', '0', '0', 'monitor:job:export', '#', 'admin', '2018-03-16 11:33:00', 'jt', '2018-03-16 11:33:00', '');
INSERT INTO `sys_menu` VALUES ('1055', '生成查询', '114', '1', '#', '', '1', '0', 'F', '0', '0', 'tool:gen:query', '#', 'admin', '2018-03-16 11:33:00', 'jt', '2018-03-16 11:33:00', '');
INSERT INTO `sys_menu` VALUES ('1056', '生成修改', '114', '2', '#', '', '1', '0', 'F', '0', '0', 'tool:gen:edit', '#', 'admin', '2018-03-16 11:33:00', 'jt', '2018-03-16 11:33:00', '');
INSERT INTO `sys_menu` VALUES ('1057', '生成删除', '114', '3', '#', '', '1', '0', 'F', '0', '0', 'tool:gen:remove', '#', 'admin', '2018-03-16 11:33:00', 'jt', '2018-03-16 11:33:00', '');
INSERT INTO `sys_menu` VALUES ('1058', '导入代码', '114', '2', '#', '', '1', '0', 'F', '0', '0', 'tool:gen:import', '#', 'admin', '2018-03-16 11:33:00', 'jt', '2018-03-16 11:33:00', '');
INSERT INTO `sys_menu` VALUES ('1059', '预览代码', '114', '4', '#', '', '1', '0', 'F', '0', '0', 'tool:gen:preview', '#', 'admin', '2018-03-16 11:33:00', 'jt', '2018-03-16 11:33:00', '');
INSERT INTO `sys_menu` VALUES ('1060', '生成代码', '114', '5', '#', '', '1', '0', 'F', '0', '0', 'tool:gen:code', '#', 'admin', '2018-03-16 11:33:00', 'jt', '2018-03-16 11:33:00', '');
INSERT INTO `sys_menu` VALUES ('1900', '流程模型', '5', '1', 'modeler', 'activiti/modeler/index', '1', '0', 'C', '0', '0', 'activiti:modeler', '#', 'admin', '2020-09-13 21:59:42', 'admin', '2020-09-14 10:39:20', '');
INSERT INTO `sys_menu` VALUES ('1901', '流程定义', '5', '2', 'definition', 'activiti/definition/index', '1', '0', 'C', '0', '0', 'activiti:modeler', '#', 'admin', '2020-09-14 23:09:31', '', null, '');
INSERT INTO `sys_menu` VALUES ('1902', '流程用户组', '5', '3', 'actIdGroup', 'activiti/actIdGroup/index', '1', '0', 'C', '0', '0', 'activiti:actIdGroup', '#', 'admin', '2018-03-01 00:00:00', 'admin', '2020-09-15 22:22:39', '流程用户组菜单');
INSERT INTO `sys_menu` VALUES ('1903', '流程用户', '5', '4', 'actIdUser', 'activiti/actIdUser/index', '1', '0', 'C', '0', '0', 'activiti:actIdUser', '#', 'admin', '2018-03-01 00:00:00', 'ry', '2018-03-01 00:00:00', '流程用户菜单');
INSERT INTO `sys_menu` VALUES ('2000', '项目管理', '0', '5', 'leave', null, '1', '0', 'M', '0', '0', '', 'guide', 'admin', '2020-09-18 10:49:58', 'admin', '2021-05-06 15:59:03', '');
INSERT INTO `sys_menu` VALUES ('2001', '项目管理', '2000', '1', 'leave/list', 'workflow/leave', '1', '0', 'C', '0', '0', 'workflow:leave', '#', 'admin', '2018-03-01 00:00:00', 'admin', '2021-05-06 16:15:14', '请假流程菜单');
INSERT INTO `sys_menu` VALUES ('2002', '我的待办', '2000', '2', 'leave/todo', 'workflow/leave', '1', '0', 'C', '0', '0', 'workflow:leave', '#', 'admin', '2020-09-20 00:14:44', 'admin', '2020-09-20 00:32:15', '');
INSERT INTO `sys_menu` VALUES ('2003', '我的已办', '2000', '3', 'leave/done', 'workflow/leave', '1', '0', 'C', '0', '0', 'workflow:leave', '#', 'admin', '2020-09-20 00:16:24', 'admin', '2020-09-20 00:32:21', '');

-- ----------------------------
-- Table structure for sys_notice
-- ----------------------------
DROP TABLE IF EXISTS `sys_notice`;
CREATE TABLE `sys_notice` (
  `notice_id` int(4) NOT NULL AUTO_INCREMENT COMMENT '公告ID',
  `notice_title` varchar(50) NOT NULL COMMENT '公告标题',
  `notice_type` char(1) NOT NULL COMMENT '公告类型（1通知 2公告）',
  `notice_content` longblob COMMENT '公告内容',
  `status` char(1) DEFAULT '0' COMMENT '公告状态（0正常 1关闭）',
  `create_by` varchar(64) DEFAULT '' COMMENT '创建者',
  `create_time` datetime DEFAULT NULL COMMENT '创建时间',
  `update_by` varchar(64) DEFAULT '' COMMENT '更新者',
  `update_time` datetime DEFAULT NULL COMMENT '更新时间',
  `remark` varchar(255) DEFAULT NULL COMMENT '备注',
  PRIMARY KEY (`notice_id`)
) ENGINE=InnoDB AUTO_INCREMENT=3 DEFAULT CHARSET=utf8mb4 COMMENT='通知公告表';

-- ----------------------------
-- Records of sys_notice
-- ----------------------------
INSERT INTO `sys_notice` VALUES ('1', '温馨提醒：2018-07-01 吉想新版本发布啦', '2', 0xE696B0E78988E69CACE58685E5AEB9, '0', 'admin', '2018-03-16 11:33:00', 'jt', '2018-03-16 11:33:00', '管理员');
INSERT INTO `sys_notice` VALUES ('2', '维护通知：2018-07-01 吉想系统凌晨维护', '1', 0xE7BBB4E68AA4E58685E5AEB9, '0', 'admin', '2018-03-16 11:33:00', 'jt', '2018-03-16 11:33:00', '管理员');

-- ----------------------------
-- Table structure for sys_oper_log
-- ----------------------------
DROP TABLE IF EXISTS `sys_oper_log`;
CREATE TABLE `sys_oper_log` (
  `oper_id` bigint(20) NOT NULL AUTO_INCREMENT COMMENT '日志主键',
  `title` varchar(50) DEFAULT '' COMMENT '模块标题',
  `business_type` int(2) DEFAULT '0' COMMENT '业务类型（0其它 1新增 2修改 3删除）',
  `method` varchar(100) DEFAULT '' COMMENT '方法名称',
  `request_method` varchar(10) DEFAULT '' COMMENT '请求方式',
  `operator_type` int(1) DEFAULT '0' COMMENT '操作类别（0其它 1后台用户 2手机端用户）',
  `oper_name` varchar(50) DEFAULT '' COMMENT '操作人员',
  `dept_name` varchar(50) DEFAULT '' COMMENT '部门名称',
  `oper_url` varchar(255) DEFAULT '' COMMENT '请求URL',
  `oper_ip` varchar(50) DEFAULT '' COMMENT '主机地址',
  `oper_location` varchar(255) DEFAULT '' COMMENT '操作地点',
  `oper_param` varchar(2000) DEFAULT '' COMMENT '请求参数',
  `json_result` varchar(2000) DEFAULT '' COMMENT '返回参数',
  `status` int(1) DEFAULT '0' COMMENT '操作状态（0正常 1异常）',
  `error_msg` varchar(2000) DEFAULT '' COMMENT '错误消息',
  `oper_time` datetime DEFAULT NULL COMMENT '操作时间',
  PRIMARY KEY (`oper_id`)
) ENGINE=InnoDB AUTO_INCREMENT=159 DEFAULT CHARSET=utf8mb4 COMMENT='操作日志记录';

-- ----------------------------
-- Records of sys_oper_log
-- ----------------------------
INSERT INTO `sys_oper_log` VALUES ('100', '流程定义', '1', 'com.jeethink.activiti.controller.ProcessDefinitionController.upload()', 'POST', '1', 'admin', null, '/definition/upload', '127.0.0.1', '内网IP', '', '{\"msg\":\"操作成功\",\"code\":200}', '0', null, '2021-05-06 15:39:25');
INSERT INTO `sys_oper_log` VALUES ('101', '流程定义', '3', 'com.jeethink.activiti.controller.ProcessDefinitionController.remove()', 'DELETE', '1', 'admin', null, '/definition/remove/1', '127.0.0.1', '内网IP', '{ids=1}', '{\"code\":500}', '0', null, '2021-05-06 15:42:43');
INSERT INTO `sys_oper_log` VALUES ('102', '流程定义', '3', 'com.jeethink.activiti.controller.ProcessDefinitionController.remove()', 'DELETE', '1', 'admin', null, '/definition/remove/1', '127.0.0.1', '内网IP', '{ids=1}', '{\"code\":500}', '0', null, '2021-05-06 15:42:55');
INSERT INTO `sys_oper_log` VALUES ('103', '菜单管理', '3', 'com.jeethink.web.controller.system.SysMenuController.remove()', 'DELETE', '1', 'admin', null, '/system/menu/4', '127.0.0.1', '内网IP', '{menuId=4}', '{\"msg\":\"菜单已分配,不允许删除\",\"code\":500}', '0', null, '2021-05-06 15:54:22');
INSERT INTO `sys_oper_log` VALUES ('104', '菜单管理', '2', 'com.jeethink.web.controller.system.SysMenuController.edit()', 'PUT', '1', 'admin', null, '/system/menu', '127.0.0.1', '内网IP', '{\"visible\":\"0\",\"icon\":\"guide\",\"orderNum\":\"5\",\"menuName\":\"项目管理\",\"params\":{},\"parentId\":0,\"isCache\":\"0\",\"path\":\"leave\",\"children\":[],\"createTime\":1600397398000,\"updateBy\":\"admin\",\"isFrame\":\"1\",\"menuId\":2000,\"menuType\":\"M\",\"perms\":\"\",\"status\":\"0\"}', '{\"msg\":\"操作成功\",\"code\":200}', '0', null, '2021-05-06 15:59:04');
INSERT INTO `sys_oper_log` VALUES ('105', '菜单管理', '3', 'com.jeethink.web.controller.system.SysMenuController.remove()', 'DELETE', '1', 'admin', null, '/system/menu/4', '127.0.0.1', '内网IP', '{menuId=4}', '{\"msg\":\"菜单已分配,不允许删除\",\"code\":500}', '0', null, '2021-05-06 15:59:07');
INSERT INTO `sys_oper_log` VALUES ('106', '岗位管理', '2', 'com.jeethink.web.controller.system.SysPostController.edit()', 'PUT', '1', 'admin', null, '/system/post', '127.0.0.1', '内网IP', '{\"postSort\":\"3\",\"flag\":false,\"remark\":\"\",\"postId\":3,\"params\":{},\"createBy\":\"admin\",\"createTime\":1521171180000,\"updateBy\":\"admin\",\"postName\":\"总经理\",\"postCode\":\"hr\",\"status\":\"0\"}', '{\"msg\":\"操作成功\",\"code\":200}', '0', null, '2021-05-06 15:59:40');
INSERT INTO `sys_oper_log` VALUES ('107', '岗位管理', '2', 'com.jeethink.web.controller.system.SysPostController.edit()', 'PUT', '1', 'admin', null, '/system/post', '127.0.0.1', '内网IP', '{\"postSort\":\"5\",\"flag\":false,\"postId\":5,\"params\":{},\"createBy\":\"admin\",\"createTime\":1600397979000,\"updateBy\":\"admin\",\"postName\":\"主管\",\"postCode\":\"deptLeader\",\"status\":\"0\"}', '{\"msg\":\"操作成功\",\"code\":200}', '0', null, '2021-05-06 15:59:49');
INSERT INTO `sys_oper_log` VALUES ('108', '角色管理', '2', 'com.jeethink.web.controller.system.SysRoleController.dataScope()', 'PUT', '1', 'admin', null, '/system/role/dataScope', '127.0.0.1', '内网IP', '{\"flag\":false,\"roleId\":1,\"admin\":true,\"remark\":\"超级管理员\",\"dataScope\":\"1\",\"delFlag\":\"0\",\"params\":{},\"roleSort\":\"1\",\"deptCheckStrictly\":true,\"createTime\":1521171180000,\"menuCheckStrictly\":true,\"roleKey\":\"admin\",\"roleName\":\"超级管理员\",\"deptIds\":[],\"status\":\"0\"}', 'null', '1', '不允许操作超级管理员角色', '2021-05-06 16:03:49');
INSERT INTO `sys_oper_log` VALUES ('109', '角色管理', '2', 'com.jeethink.web.controller.system.SysRoleController.edit()', 'PUT', '1', 'admin', null, '/system/role', '127.0.0.1', '内网IP', '{\"flag\":false,\"roleId\":100,\"admin\":false,\"dataScope\":\"1\",\"delFlag\":\"0\",\"params\":{},\"roleSort\":\"3\",\"deptCheckStrictly\":true,\"createTime\":1600177524000,\"updateBy\":\"admin\",\"menuCheckStrictly\":true,\"roleKey\":\"leave\",\"roleName\":\"项目流程\",\"menuIds\":[2000,2001,2002,2003],\"status\":\"0\"}', '{\"msg\":\"操作成功\",\"code\":200}', '0', null, '2021-05-06 16:04:16');
INSERT INTO `sys_oper_log` VALUES ('110', '角色管理', '2', 'com.jeethink.web.controller.system.SysRoleController.edit()', 'PUT', '1', 'admin', null, '/system/role', '127.0.0.1', '内网IP', '{\"flag\":false,\"roleId\":2,\"admin\":false,\"remark\":\"普通角色\",\"dataScope\":\"2\",\"delFlag\":\"0\",\"params\":{},\"roleSort\":\"2\",\"deptCheckStrictly\":true,\"createTime\":1521171180000,\"updateBy\":\"admin\",\"menuCheckStrictly\":true,\"roleKey\":\"common\",\"roleName\":\"普通角色\",\"menuIds\":[1,100,1001,1002,1003,1004,1005,1006,1007,101,1008,1009,1010,1011,1012,102,1013,1014,1015,1016,103,1017,1018,1019,1020,104,1021,1022,1023,1024,1025,105,1026,1027,1028,1029,1030,106,1031,1032,1033,1034,1035,107,1036,1037,1038,1039,108,500,1040,1041,1042,501,1043,1044,1045,2,109,1046,1047,1048,110,1049,1050,1051,1052,1053,1054,111,112,3,113,114,1055,1056,1058,1057,1059,1060,115],\"status\":\"0\"}', '{\"msg\":\"操作成功\",\"code\":200}', '0', null, '2021-05-06 16:04:25');
INSERT INTO `sys_oper_log` VALUES ('111', '菜单管理', '3', 'com.jeethink.web.controller.system.SysMenuController.remove()', 'DELETE', '1', 'admin', null, '/system/menu/4', '127.0.0.1', '内网IP', '{menuId=4}', '{\"msg\":\"操作成功\",\"code\":200}', '0', null, '2021-05-06 16:04:58');
INSERT INTO `sys_oper_log` VALUES ('112', '菜单管理', '2', 'com.jeethink.web.controller.system.SysMenuController.edit()', 'PUT', '1', 'admin', null, '/system/menu', '127.0.0.1', '内网IP', '{\"visible\":\"1\",\"icon\":\"monitor\",\"orderNum\":\"2\",\"menuName\":\"系统监控\",\"params\":{},\"parentId\":0,\"isCache\":\"0\",\"path\":\"monitor\",\"children\":[],\"createTime\":1521171180000,\"updateBy\":\"admin\",\"isFrame\":\"1\",\"menuId\":2,\"menuType\":\"M\",\"perms\":\"\",\"status\":\"0\"}', '{\"msg\":\"操作成功\",\"code\":200}', '0', null, '2021-05-06 16:14:21');
INSERT INTO `sys_oper_log` VALUES ('113', '菜单管理', '2', 'com.jeethink.web.controller.system.SysMenuController.edit()', 'PUT', '1', 'admin', null, '/system/menu', '127.0.0.1', '内网IP', '{\"visible\":\"1\",\"icon\":\"tool\",\"orderNum\":\"3\",\"menuName\":\"系统工具\",\"params\":{},\"parentId\":0,\"isCache\":\"0\",\"path\":\"tool\",\"children\":[],\"createTime\":1521171180000,\"updateBy\":\"admin\",\"isFrame\":\"1\",\"menuId\":3,\"menuType\":\"M\",\"perms\":\"\",\"status\":\"0\"}', '{\"msg\":\"操作成功\",\"code\":200}', '0', null, '2021-05-06 16:14:38');
INSERT INTO `sys_oper_log` VALUES ('114', '菜单管理', '2', 'com.jeethink.web.controller.system.SysMenuController.edit()', 'PUT', '1', 'admin', null, '/system/menu', '127.0.0.1', '内网IP', '{\"visible\":\"0\",\"icon\":\"#\",\"orderNum\":\"1\",\"menuName\":\"项目管理\",\"params\":{},\"parentId\":2000,\"isCache\":\"0\",\"path\":\"leave/list\",\"component\":\"workflow/leave\",\"children\":[],\"createTime\":1519833600000,\"updateBy\":\"admin\",\"isFrame\":\"1\",\"menuId\":2001,\"menuType\":\"C\",\"perms\":\"workflow:leave\",\"status\":\"0\"}', '{\"msg\":\"操作成功\",\"code\":200}', '0', null, '2021-05-06 16:15:14');
INSERT INTO `sys_oper_log` VALUES ('115', '请假流程', '1', 'com.jeethink.leave.controller.BizLeaveController.add()', 'POST', '1', 'chengxy', null, '/workflow/leave', '127.0.0.1', '内网IP', '{\"reason\":\"123123123123123\",\"title\":\"123123123123\",\"type\":\"leave\",\"id\":35,\"leaveEndTime\":1624550400000,\"leaveStartTime\":1620835200000,\"totalTime\":3715200,\"params\":{},\"createBy\":\"chengxy\",\"createTime\":1620290091021,\"processParams\":{}}', '{\"msg\":\"操作成功\",\"code\":200}', '0', null, '2021-05-06 16:34:51');
INSERT INTO `sys_oper_log` VALUES ('116', '请假业务', '2', 'com.jeethink.leave.controller.BizLeaveController.submitApply()', 'POST', '1', 'chengxy', null, '/workflow/leave/submitApply/35', '127.0.0.1', '内网IP', '35', '{\"msg\":\"操作成功\",\"code\":200}', '0', null, '2021-05-06 16:34:57');
INSERT INTO `sys_oper_log` VALUES ('117', '菜单管理', '2', 'com.jeethink.web.controller.system.SysMenuController.edit()', 'PUT', '1', 'admin', null, '/system/menu', '127.0.0.1', '内网IP', '{\"visible\":\"1\",\"icon\":\"message\",\"orderNum\":\"8\",\"menuName\":\"通知公告\",\"params\":{},\"parentId\":1,\"isCache\":\"0\",\"path\":\"notice\",\"component\":\"system/notice/index\",\"children\":[],\"createTime\":1521171180000,\"updateBy\":\"admin\",\"isFrame\":\"1\",\"menuId\":107,\"menuType\":\"C\",\"perms\":\"system:notice:list\",\"status\":\"0\"}', '{\"msg\":\"操作成功\",\"code\":200}', '0', null, '2021-05-06 16:48:01');
INSERT INTO `sys_oper_log` VALUES ('118', '流程定义', '3', 'com.jeethink.activiti.controller.ProcessDefinitionController.remove()', 'DELETE', '1', 'admin', null, '/definition/remove/8', '127.0.0.1', '内网IP', '{ids=8}', '{\"code\":500}', '0', null, '2021-05-06 18:21:15');
INSERT INTO `sys_oper_log` VALUES ('119', '请假流程', '1', 'com.jeethink.leave.controller.BizLeaveController.add()', 'POST', '1', 'chengxy', null, '/workflow/leave', '127.0.0.1', '内网IP', '{\"reason\":\"·12·2·12·12\",\"title\":\"·12·12·12\",\"type\":\"leave\",\"id\":36,\"leaveEndTime\":1623859200000,\"leaveStartTime\":1620662400000,\"totalTime\":3196800,\"params\":{},\"createBy\":\"chengxy\",\"createTime\":1620305555031,\"processParams\":{}}', '{\"msg\":\"操作成功\",\"code\":200}', '0', null, '2021-05-06 20:52:35');
INSERT INTO `sys_oper_log` VALUES ('120', '请假流程', '2', 'com.jeethink.leave.controller.BizLeaveController.edit()', 'PUT', '1', 'chengxy', null, '/workflow/leave', '127.0.0.1', '内网IP', '{\"reason\":\"阿斯顿发生发撒的发帅法\",\"title\":\"阿萨德发斯蒂芬\",\"type\":\"leave\",\"updateBy\":\"\",\"id\":36,\"leaveEndTime\":1623859200000,\"leaveStartTime\":1620662400000,\"totalTime\":3196800,\"updateTime\":1620305689844,\"params\":{},\"createBy\":\"chengxy\",\"createTime\":1620305555000,\"processParams\":{}}', '{\"msg\":\"操作成功\",\"code\":200}', '0', null, '2021-05-06 20:54:50');
INSERT INTO `sys_oper_log` VALUES ('121', '请假流程', '1', 'com.jeethink.leave.controller.BizLeaveController.add()', 'POST', '1', 'chengxy', null, '/workflow/leave', '127.0.0.1', '内网IP', '{\"reason\":\"阿萨德飞阿萨德飞阿萨德飞\",\"title\":\"发撒的发阿萨德飞撒的发\",\"type\":\"leave\",\"id\":37,\"leaveEndTime\":1625241600000,\"leaveStartTime\":1619366400000,\"totalTime\":5875200,\"params\":{},\"createBy\":\"chengxy\",\"createTime\":1620305741614,\"processParams\":{}}', '{\"msg\":\"操作成功\",\"code\":200}', '0', null, '2021-05-06 20:55:41');
INSERT INTO `sys_oper_log` VALUES ('122', '请假业务', '2', 'com.jeethink.leave.controller.BizLeaveController.submitApply()', 'POST', '1', 'chengxy', null, '/workflow/leave/submitApply/36', '127.0.0.1', '内网IP', '36', '{\"msg\":\"操作成功\",\"code\":200}', '0', null, '2021-05-06 20:56:30');
INSERT INTO `sys_oper_log` VALUES ('123', '请假业务', '2', 'com.jeethink.leave.controller.BizLeaveController.submitApply()', 'POST', '1', 'chengxy', null, '/workflow/leave/submitApply/37', '127.0.0.1', '内网IP', '37', '{\"msg\":\"操作成功\",\"code\":200}', '0', null, '2021-05-06 20:56:34');
INSERT INTO `sys_oper_log` VALUES ('124', '请假流程', '1', 'com.jeethink.leave.controller.BizLeaveController.add()', 'POST', '1', 'chengxy', null, '/workflow/leave', '127.0.0.1', '内网IP', '{\"reason\":\"asdasdasdasdasd\",\"title\":\"004\",\"type\":\"leave\",\"id\":38,\"leaveEndTime\":1624550400000,\"leaveStartTime\":1619971200000,\"totalTime\":4579200,\"params\":{},\"createBy\":\"chengxy\",\"createTime\":1620306069409,\"processParams\":{}}', '{\"msg\":\"操作成功\",\"code\":200}', '0', null, '2021-05-06 21:01:09');
INSERT INTO `sys_oper_log` VALUES ('125', '请假业务', '2', 'com.jeethink.leave.controller.BizLeaveController.submitApply()', 'POST', '1', 'chengxy', null, '/workflow/leave/submitApply/38', '127.0.0.1', '内网IP', '38', '{\"msg\":\"操作成功\",\"code\":200}', '0', null, '2021-05-06 21:01:12');
INSERT INTO `sys_oper_log` VALUES ('126', '菜单管理', '2', 'com.jeethink.web.controller.system.SysMenuController.edit()', 'PUT', '1', 'admin', null, '/system/menu', '127.0.0.1', '内网IP', '{\"visible\":\"1\",\"icon\":\"log\",\"orderNum\":\"9\",\"menuName\":\"日志管理\",\"params\":{},\"parentId\":1,\"isCache\":\"0\",\"path\":\"log\",\"component\":\"system/log/index\",\"children\":[],\"createTime\":1521171180000,\"updateBy\":\"admin\",\"isFrame\":\"1\",\"menuId\":108,\"menuType\":\"M\",\"perms\":\"\",\"status\":\"0\"}', '{\"msg\":\"操作成功\",\"code\":200}', '0', null, '2021-05-09 17:40:17');
INSERT INTO `sys_oper_log` VALUES ('127', '菜单管理', '2', 'com.jeethink.web.controller.system.SysMenuController.edit()', 'PUT', '1', 'admin', null, '/system/menu', '127.0.0.1', '内网IP', '{\"visible\":\"1\",\"icon\":\"message\",\"orderNum\":\"8\",\"menuName\":\"通知公告\",\"params\":{},\"parentId\":1,\"isCache\":\"0\",\"path\":\"notice\",\"component\":\"system/notice/index\",\"children\":[],\"createTime\":1521171180000,\"updateBy\":\"admin\",\"isFrame\":\"1\",\"menuId\":107,\"menuType\":\"C\",\"perms\":\"system:notice:list\",\"status\":\"0\"}', '{\"msg\":\"操作成功\",\"code\":200}', '0', null, '2021-05-09 17:40:22');
INSERT INTO `sys_oper_log` VALUES ('128', '菜单管理', '2', 'com.jeethink.web.controller.system.SysMenuController.edit()', 'PUT', '1', 'admin', null, '/system/menu', '127.0.0.1', '内网IP', '{\"visible\":\"1\",\"icon\":\"edit\",\"orderNum\":\"7\",\"menuName\":\"参数设置\",\"params\":{},\"parentId\":1,\"isCache\":\"0\",\"path\":\"config\",\"component\":\"system/config/index\",\"children\":[],\"createTime\":1521171180000,\"updateBy\":\"admin\",\"isFrame\":\"1\",\"menuId\":106,\"menuType\":\"C\",\"perms\":\"system:config:list\",\"status\":\"0\"}', '{\"msg\":\"操作成功\",\"code\":200}', '0', null, '2021-05-09 17:40:27');
INSERT INTO `sys_oper_log` VALUES ('129', '请假流程', '1', 'com.jeethink.leave.controller.BizLeaveController.add()', 'POST', '1', 'chengxy', null, '/workflow/leave', '127.0.0.1', '内网IP', '{\"reason\":\"暗杀大神大所的\",\"title\":\"0509测试\",\"type\":\"leave\",\"id\":39,\"leaveEndTime\":1623859200000,\"leaveStartTime\":1621353600000,\"totalTime\":2505600,\"params\":{},\"createBy\":\"chengxy\",\"createTime\":1620553328869,\"processParams\":{}}', '{\"msg\":\"操作成功\",\"code\":200}', '0', null, '2021-05-09 17:42:09');
INSERT INTO `sys_oper_log` VALUES ('130', '请假业务', '2', 'com.jeethink.leave.controller.BizLeaveController.submitApply()', 'POST', '1', 'chengxy', null, '/workflow/leave/submitApply/39', '127.0.0.1', '内网IP', '39', '{\"msg\":\"操作成功\",\"code\":200}', '0', null, '2021-05-09 17:54:35');
INSERT INTO `sys_oper_log` VALUES ('131', '请假流程', '1', 'com.jeethink.leave.controller.BizLeaveController.add()', 'POST', '1', 'chengxy', null, '/workflow/leave', '127.0.0.1', '内网IP', '{\"reason\":\"撒的发是梵蒂冈\",\"title\":\"0509测试002\",\"type\":\"leave\",\"id\":40,\"leaveEndTime\":1623859200000,\"leaveStartTime\":1620057600000,\"totalTime\":3801600,\"params\":{},\"createBy\":\"chengxy\",\"createTime\":1620554187174,\"processParams\":{}}', '{\"msg\":\"操作成功\",\"code\":200}', '0', null, '2021-05-09 17:56:27');
INSERT INTO `sys_oper_log` VALUES ('132', '请假业务', '2', 'com.jeethink.leave.controller.BizLeaveController.submitApply()', 'POST', '1', null, null, '/workflow/leave/submitApply/40', '127.0.0.1', '内网IP', '40', '{\"msg\":\"操作成功\",\"code\":200}', '0', null, '2021-05-09 18:21:49');
INSERT INTO `sys_oper_log` VALUES ('133', '请假流程', '1', 'com.jeethink.leave.controller.BizLeaveController.add()', 'POST', '1', 'chengxy', null, '/workflow/leave', '127.0.0.1', '内网IP', '{\"reason\":\"0509测试003\",\"title\":\"0509测试003\",\"type\":\"leave\",\"id\":41,\"leaveEndTime\":1624982400000,\"leaveStartTime\":1620835200000,\"totalTime\":4147200,\"params\":{},\"createBy\":\"chengxy\",\"createTime\":1620555791707,\"processParams\":{}}', '{\"msg\":\"操作成功\",\"code\":200}', '0', null, '2021-05-09 18:23:11');
INSERT INTO `sys_oper_log` VALUES ('134', '请假业务', '2', 'com.jeethink.leave.controller.BizLeaveController.submitApply()', 'POST', '1', 'chengxy', null, '/workflow/leave/submitApply/41', '127.0.0.1', '内网IP', '41', '{\"msg\":\"操作成功\",\"code\":200}', '0', null, '2021-05-09 18:26:12');
INSERT INTO `sys_oper_log` VALUES ('135', '用户管理', '1', 'com.jeethink.web.controller.system.SysUserController.add()', 'POST', '1', 'admin', null, '/system/user', '127.0.0.1', '内网IP', '{\"phonenumber\":\"13771277677\",\"admin\":false,\"remark\":\"123123\",\"password\":\"$2a$10$sl2S9Lk1960cT.I1YBwqGepLa883HYXMQMMszEvnRswdudHXrSbZW\",\"postIds\":[5],\"email\":\"13771277677@163.com\",\"nickName\":\"叶主管\",\"sex\":\"1\",\"deptId\":105,\"params\":{},\"userName\":\"yezhuguan\",\"userId\":103,\"createBy\":\"admin\",\"roleIds\":[100],\"status\":\"0\"}', '{\"msg\":\"操作成功\",\"code\":200}', '0', null, '2021-05-09 18:54:57');
INSERT INTO `sys_oper_log` VALUES ('136', '请假流程', '1', 'com.jeethink.leave.controller.BizLeaveController.add()', 'POST', '1', 'chengxy', null, '/workflow/leave', '127.0.0.1', '内网IP', '{\"reason\":\"测试006\",\"title\":\"测试006\",\"type\":\"leave\",\"id\":42,\"leaveEndTime\":1625673600000,\"leaveStartTime\":1620057600000,\"totalTime\":5616000,\"params\":{},\"createBy\":\"chengxy\",\"createTime\":1620557958994,\"processParams\":{}}', '{\"msg\":\"操作成功\",\"code\":200}', '0', null, '2021-05-09 18:59:19');
INSERT INTO `sys_oper_log` VALUES ('137', '请假业务', '2', 'com.jeethink.leave.controller.BizLeaveController.submitApply()', 'POST', '1', 'chengxy', null, '/workflow/leave/submitApply/42', '127.0.0.1', '内网IP', '42', '{\"msg\":\"操作成功\",\"code\":200}', '0', null, '2021-05-09 18:59:27');
INSERT INTO `sys_oper_log` VALUES ('138', '请假流程', '1', 'com.jeethink.leave.controller.BizLeaveController.add()', 'POST', '1', 'admin', null, '/workflow/leave', '127.0.0.1', '内网IP', '{\"reason\":\"zxc\",\"title\":\"xc\",\"leaveEndTime\":1623772800000,\"leaveStartTime\":1620144000000,\"totalTime\":3628800,\"params\":{},\"processParams\":{}}', '{\"msg\":\"提交申请失败：不允许管理员提交申请！\",\"code\":500}', '0', null, '2021-05-09 23:08:42');
INSERT INTO `sys_oper_log` VALUES ('139', '请假流程', '1', 'com.jeethink.leave.controller.BizLeaveController.add()', 'POST', '1', 'admin', null, '/workflow/leave', '127.0.0.1', '内网IP', '{\"reason\":\"cxvc\",\"title\":\"xczx\",\"leaveEndTime\":1624550400000,\"leaveStartTime\":1621440000000,\"totalTime\":3110400,\"params\":{},\"processParams\":{}}', '{\"msg\":\"提交申请失败：不允许管理员提交申请！\",\"code\":500}', '0', null, '2021-05-09 23:14:07');
INSERT INTO `sys_oper_log` VALUES ('140', '请假流程', '1', 'com.jeethink.leave.controller.BizLeaveController.add()', 'POST', '1', 'admin', null, '/workflow/leave', '127.0.0.1', '内网IP', '{\"reason\":\"cxv\",\"title\":\"cx\",\"leaveEndTime\":1623686400000,\"leaveStartTime\":1620144000000,\"totalTime\":3542400,\"params\":{},\"processParams\":{}}', '{\"msg\":\"提交申请失败：不允许管理员提交申请！\",\"code\":500}', '0', null, '2021-05-09 23:14:57');
INSERT INTO `sys_oper_log` VALUES ('141', '请假流程', '1', 'com.jeethink.leave.controller.BizLeaveController.add()', 'POST', '1', 'admin', null, '/workflow/leave', '127.0.0.1', '内网IP', '{\"reason\":\"cxv\",\"title\":\"cv\",\"leaveEndTime\":1624464000000,\"leaveStartTime\":1621526400000,\"totalTime\":2937600,\"params\":{},\"processParams\":{}}', '{\"msg\":\"提交申请失败：不允许管理员提交申请！\",\"code\":500}', '0', null, '2021-05-09 23:22:24');
INSERT INTO `sys_oper_log` VALUES ('142', '请假流程', '1', 'com.jeethink.leave.controller.BizLeaveController.add()', 'POST', '1', 'admin', null, '/workflow/leave', '127.0.0.1', '内网IP', '{\"reason\":\"xc\",\"title\":\"xc\",\"leaveEndTime\":1624464000000,\"leaveStartTime\":1620835200000,\"totalTime\":3628800,\"params\":{},\"processParams\":{}}', '{\"msg\":\"提交申请失败：不允许管理员提交申请！\",\"code\":500}', '0', null, '2021-05-09 23:23:50');
INSERT INTO `sys_oper_log` VALUES ('143', '请假流程', '1', 'com.jeethink.leave.controller.BizLeaveController.add()', 'POST', '1', 'admin', null, '/workflow/leave', '127.0.0.1', '内网IP', '{\"reason\":\"qeqweqweqw\",\"title\":\"qweqweqweqwe\",\"leaveEndTime\":1620230400000,\"leaveStartTime\":1620057600000,\"totalTime\":172800,\"params\":{},\"processParams\":{}}', '{\"msg\":\"提交申请失败：不允许管理员提交申请！\",\"code\":500}', '0', null, '2021-05-09 23:30:14');
INSERT INTO `sys_oper_log` VALUES ('144', '请假流程', '1', 'com.jeethink.leave.controller.BizLeaveController.add()', 'POST', '1', 'chengxy', null, '/workflow/leave', '127.0.0.1', '内网IP', '{\"reason\":\"asdadasdasd\",\"title\":\"qweqweqweqweqweqw\",\"type\":\"leave\",\"id\":43,\"leaveEndTime\":1620144000000,\"leaveStartTime\":1619971200000,\"totalTime\":172800,\"params\":{},\"createBy\":\"chengxy\",\"createTime\":1620574244579,\"processParams\":{}}', '{\"msg\":\"操作成功\",\"code\":200}', '0', null, '2021-05-09 23:30:44');
INSERT INTO `sys_oper_log` VALUES ('145', '请假流程', '1', 'com.jeethink.leave.controller.BizLeaveController.add()', 'POST', '1', 'chengxy', null, '/workflow/leave', '127.0.0.1', '内网IP', '{\"reason\":\"123123123\",\"title\":\"123123\",\"type\":\"leave\",\"id\":44,\"leaveEndTime\":1625155200000,\"leaveStartTime\":1621440000000,\"totalTime\":3715200,\"params\":{},\"createBy\":\"chengxy\",\"createTime\":1620574342279,\"processParams\":{}}', '{\"msg\":\"操作成功\",\"code\":200}', '0', null, '2021-05-09 23:32:22');
INSERT INTO `sys_oper_log` VALUES ('146', '请假流程', '1', 'com.jeethink.leave.controller.BizLeaveController.add()', 'POST', '1', 'chengxy', null, '/workflow/leave', '127.0.0.1', '内网IP', '{\"reason\":\"123123123123123\",\"title\":\"12312313123123\",\"type\":\"leave\",\"id\":45,\"leaveEndTime\":1622995200000,\"leaveStartTime\":1620144000000,\"totalTime\":2851200,\"params\":{},\"createBy\":\"chengxy\",\"createTime\":1620574444117,\"processParams\":{}}', '{\"msg\":\"操作成功\",\"code\":200}', '0', null, '2021-05-09 23:34:04');
INSERT INTO `sys_oper_log` VALUES ('147', '请假流程', '1', 'com.jeethink.leave.controller.BizLeaveController.add()', 'POST', '1', 'chengxy', null, '/workflow/leave', '127.0.0.1', '内网IP', '{\"reason\":\"123123123123123\",\"leaders\":\"axianlu;yezhuguan;\",\"title\":\"123123123123123\",\"type\":\"leave\",\"id\":46,\"leaveEndTime\":1621612800000,\"czfaIds\":[\"axianlu\",\"yezhuguan\"],\"leaveStartTime\":1621094400000,\"totalTime\":518400,\"params\":{},\"createBy\":\"chengxy\",\"createTime\":1620574578148,\"processParams\":{}}', '{\"msg\":\"操作成功\",\"code\":200}', '0', null, '2021-05-09 23:36:18');
INSERT INTO `sys_oper_log` VALUES ('148', '请假流程', '1', 'com.jeethink.leave.controller.BizLeaveController.add()', 'POST', '1', 'chengxy', null, '/workflow/leave', '127.0.0.1', '内网IP', '{\"reason\":\"123123123123\",\"leaders\":\"axianlu;yezhuguan;\",\"title\":\"123123123123\",\"type\":\"leave\",\"id\":47,\"leaveEndTime\":1624377600000,\"czfaIds\":[\"axianlu\",\"yezhuguan\"],\"leaveStartTime\":1621180800000,\"totalTime\":3196800,\"params\":{},\"createBy\":\"chengxy\",\"createTime\":1620574719474,\"processParams\":{}}', '{\"msg\":\"操作成功\",\"code\":200}', '0', null, '2021-05-09 23:38:39');
INSERT INTO `sys_oper_log` VALUES ('149', '请假流程', '1', 'com.jeethink.leave.controller.BizLeaveController.add()', 'POST', '1', 'chengxy', null, '/workflow/leave', '127.0.0.1', '内网IP', '{\"reason\":\"成败在此一举\",\"leaders\":\"yezhuguan;\",\"title\":\"成败在此一举\",\"type\":\"leave\",\"id\":48,\"leaveEndTime\":1623600000000,\"czfaIds\":[\"yezhuguan\"],\"leaveStartTime\":1620144000000,\"totalTime\":3456000,\"params\":{},\"createBy\":\"chengxy\",\"createTime\":1620575417094,\"processParams\":{}}', '{\"msg\":\"操作成功\",\"code\":200}', '0', null, '2021-05-09 23:50:17');
INSERT INTO `sys_oper_log` VALUES ('150', '请假业务', '2', 'com.jeethink.leave.controller.BizLeaveController.submitApply1()', 'POST', '1', 'chengxy', null, '/workflow/leave/submitApply1/48', '127.0.0.1', '内网IP', '48', '{\"msg\":\"操作成功\",\"code\":200}', '0', null, '2021-05-09 23:54:34');
INSERT INTO `sys_oper_log` VALUES ('151', '请假流程', '1', 'com.jeethink.leave.controller.BizLeaveController.add()', 'POST', '1', 'chengxy', null, '/workflow/leave', '127.0.0.1', '内网IP', '{\"reason\":\"成败在此一举2.0\",\"leaders\":\"yezhuguan;\",\"title\":\"成败在此一举2.0\",\"type\":\"leave\",\"id\":49,\"leaveEndTime\":1623859200000,\"czfaIds\":[\"yezhuguan\"],\"leaveStartTime\":1620662400000,\"totalTime\":3196800,\"params\":{},\"createBy\":\"chengxy\",\"createTime\":1620575771368,\"processParams\":{}}', '{\"msg\":\"操作成功\",\"code\":200}', '0', null, '2021-05-09 23:56:11');
INSERT INTO `sys_oper_log` VALUES ('152', '请假业务', '2', 'com.jeethink.leave.controller.BizLeaveController.submitApply1()', 'POST', '1', 'chengxy', null, '/workflow/leave/submitApply1/49', '127.0.0.1', '内网IP', '49', 'null', '1', '', '2021-05-09 23:56:14');
INSERT INTO `sys_oper_log` VALUES ('153', '请假业务', '2', 'com.jeethink.leave.controller.BizLeaveController.submitApply1()', 'POST', '1', 'chengxy', null, '/workflow/leave/submitApply1/49', '127.0.0.1', '内网IP', '49', 'null', '1', '', '2021-05-09 23:56:18');
INSERT INTO `sys_oper_log` VALUES ('154', '请假业务', '2', 'com.jeethink.leave.controller.BizLeaveController.submitApply1()', 'POST', '1', 'chengxy', null, '/workflow/leave/submitApply1/49', '127.0.0.1', '内网IP', '49', 'null', '1', '', '2021-05-09 23:59:28');
INSERT INTO `sys_oper_log` VALUES ('155', '请假业务', '2', 'com.jeethink.leave.controller.BizLeaveController.submitApply1()', 'POST', '1', 'chengxy', null, '/workflow/leave/submitApply1/49', '127.0.0.1', '内网IP', '49', 'null', '1', '', '2021-05-10 00:01:30');
INSERT INTO `sys_oper_log` VALUES ('156', '请假业务', '2', 'com.jeethink.leave.controller.BizLeaveController.submitApply1()', 'POST', '1', 'chengxy', null, '/workflow/leave/submitApply1/49', '127.0.0.1', '内网IP', '49', '{\"msg\":\"操作成功\",\"code\":200}', '0', null, '2021-05-10 00:01:32');
INSERT INTO `sys_oper_log` VALUES ('157', '请假流程', '1', 'com.jeethink.leave.controller.BizLeaveController.add()', 'POST', '1', 'chengxy', null, '/workflow/leave', '127.0.0.1', '内网IP', '{\"reason\":\"阿萨德啊实打实的阿萨德\",\"leaders\":\"yezhuguan;\",\"title\":\"成败在此一举3.0\",\"type\":\"leave\",\"id\":50,\"leaveEndTime\":1624464000000,\"czfaIds\":[\"yezhuguan\"],\"leaveStartTime\":1620662400000,\"totalTime\":3801600,\"params\":{},\"createBy\":\"chengxy\",\"createTime\":1620576128651,\"processParams\":{}}', '{\"msg\":\"操作成功\",\"code\":200}', '0', null, '2021-05-10 00:02:08');
INSERT INTO `sys_oper_log` VALUES ('158', '请假业务', '2', 'com.jeethink.leave.controller.BizLeaveController.submitApply1()', 'POST', '1', 'chengxy', null, '/workflow/leave/submitApply1/50', '127.0.0.1', '内网IP', '50', '{\"msg\":\"操作成功\",\"code\":200}', '0', null, '2021-05-10 00:02:12');

-- ----------------------------
-- Table structure for sys_post
-- ----------------------------
DROP TABLE IF EXISTS `sys_post`;
CREATE TABLE `sys_post` (
  `post_id` bigint(20) NOT NULL AUTO_INCREMENT COMMENT '岗位ID',
  `post_code` varchar(64) NOT NULL COMMENT '岗位编码',
  `post_name` varchar(50) NOT NULL COMMENT '岗位名称',
  `post_sort` int(4) NOT NULL COMMENT '显示顺序',
  `status` char(1) NOT NULL COMMENT '状态（0正常 1停用）',
  `create_by` varchar(64) DEFAULT '' COMMENT '创建者',
  `create_time` datetime DEFAULT NULL COMMENT '创建时间',
  `update_by` varchar(64) DEFAULT '' COMMENT '更新者',
  `update_time` datetime DEFAULT NULL COMMENT '更新时间',
  `remark` varchar(500) DEFAULT NULL COMMENT '备注',
  PRIMARY KEY (`post_id`)
) ENGINE=InnoDB AUTO_INCREMENT=6 DEFAULT CHARSET=utf8mb4 COMMENT='岗位信息表';

-- ----------------------------
-- Records of sys_post
-- ----------------------------
INSERT INTO `sys_post` VALUES ('1', 'ceo', '董事长', '1', '0', 'admin', '2018-03-16 11:33:00', 'jt', '2018-03-16 11:33:00', '');
INSERT INTO `sys_post` VALUES ('2', 'se', '项目经理', '2', '0', 'admin', '2018-03-16 11:33:00', 'jt', '2018-03-16 11:33:00', '');
INSERT INTO `sys_post` VALUES ('3', 'hr', '总经理', '3', '0', 'admin', '2018-03-16 11:33:00', 'admin', '2021-05-06 15:59:40', '');
INSERT INTO `sys_post` VALUES ('4', 'user', '普通员工', '4', '0', 'admin', '2018-03-16 11:33:00', 'jt', '2018-03-16 11:33:00', '');
INSERT INTO `sys_post` VALUES ('5', 'deptLeader', '主管', '5', '0', 'admin', '2020-09-18 10:59:39', 'admin', '2021-05-06 15:59:49', null);

-- ----------------------------
-- Table structure for sys_role
-- ----------------------------
DROP TABLE IF EXISTS `sys_role`;
CREATE TABLE `sys_role` (
  `role_id` bigint(20) NOT NULL AUTO_INCREMENT COMMENT '角色ID',
  `role_name` varchar(30) NOT NULL COMMENT '角色名称',
  `role_key` varchar(100) NOT NULL COMMENT '角色权限字符串',
  `role_sort` int(4) NOT NULL COMMENT '显示顺序',
  `data_scope` char(1) DEFAULT '1' COMMENT '数据范围（1：全部数据权限 2：自定数据权限 3：本部门数据权限 4：本部门及以下数据权限）',
  `menu_check_strictly` tinyint(1) DEFAULT '1' COMMENT '菜单树选择项是否关联显示',
  `dept_check_strictly` tinyint(1) DEFAULT '1' COMMENT '部门树选择项是否关联显示',
  `status` char(1) NOT NULL COMMENT '角色状态（0正常 1停用）',
  `del_flag` char(1) DEFAULT '0' COMMENT '删除标志（0代表存在 2代表删除）',
  `create_by` varchar(64) DEFAULT '' COMMENT '创建者',
  `create_time` datetime DEFAULT NULL COMMENT '创建时间',
  `update_by` varchar(64) DEFAULT '' COMMENT '更新者',
  `update_time` datetime DEFAULT NULL COMMENT '更新时间',
  `remark` varchar(500) DEFAULT NULL COMMENT '备注',
  PRIMARY KEY (`role_id`)
) ENGINE=InnoDB AUTO_INCREMENT=101 DEFAULT CHARSET=utf8mb4 COMMENT='角色信息表';

-- ----------------------------
-- Records of sys_role
-- ----------------------------
INSERT INTO `sys_role` VALUES ('1', '超级管理员', 'admin', '1', '1', '1', '1', '0', '0', 'admin', '2018-03-16 11:33:00', 'jt', '2018-03-16 11:33:00', '超级管理员');
INSERT INTO `sys_role` VALUES ('2', '普通角色', 'common', '2', '2', '1', '1', '0', '0', 'admin', '2018-03-16 11:33:00', 'admin', '2021-05-06 16:04:25', '普通角色');
INSERT INTO `sys_role` VALUES ('100', '项目流程', 'leave', '3', '1', '1', '1', '0', '0', 'admin', '2020-09-15 21:45:24', 'admin', '2021-05-06 16:04:16', null);

-- ----------------------------
-- Table structure for sys_role_dept
-- ----------------------------
DROP TABLE IF EXISTS `sys_role_dept`;
CREATE TABLE `sys_role_dept` (
  `role_id` bigint(20) NOT NULL COMMENT '角色ID',
  `dept_id` bigint(20) NOT NULL COMMENT '部门ID',
  PRIMARY KEY (`role_id`,`dept_id`)
) ENGINE=InnoDB DEFAULT CHARSET=utf8mb4 COMMENT='角色和部门关联表';

-- ----------------------------
-- Records of sys_role_dept
-- ----------------------------
INSERT INTO `sys_role_dept` VALUES ('2', '100');
INSERT INTO `sys_role_dept` VALUES ('2', '101');
INSERT INTO `sys_role_dept` VALUES ('2', '105');

-- ----------------------------
-- Table structure for sys_role_menu
-- ----------------------------
DROP TABLE IF EXISTS `sys_role_menu`;
CREATE TABLE `sys_role_menu` (
  `role_id` bigint(20) NOT NULL COMMENT '角色ID',
  `menu_id` bigint(20) NOT NULL COMMENT '菜单ID',
  PRIMARY KEY (`role_id`,`menu_id`)
) ENGINE=InnoDB DEFAULT CHARSET=utf8mb4 COMMENT='角色和菜单关联表';

-- ----------------------------
-- Records of sys_role_menu
-- ----------------------------
INSERT INTO `sys_role_menu` VALUES ('2', '1');
INSERT INTO `sys_role_menu` VALUES ('2', '2');
INSERT INTO `sys_role_menu` VALUES ('2', '3');
INSERT INTO `sys_role_menu` VALUES ('2', '100');
INSERT INTO `sys_role_menu` VALUES ('2', '101');
INSERT INTO `sys_role_menu` VALUES ('2', '102');
INSERT INTO `sys_role_menu` VALUES ('2', '103');
INSERT INTO `sys_role_menu` VALUES ('2', '104');
INSERT INTO `sys_role_menu` VALUES ('2', '105');
INSERT INTO `sys_role_menu` VALUES ('2', '106');
INSERT INTO `sys_role_menu` VALUES ('2', '107');
INSERT INTO `sys_role_menu` VALUES ('2', '108');
INSERT INTO `sys_role_menu` VALUES ('2', '109');
INSERT INTO `sys_role_menu` VALUES ('2', '110');
INSERT INTO `sys_role_menu` VALUES ('2', '111');
INSERT INTO `sys_role_menu` VALUES ('2', '112');
INSERT INTO `sys_role_menu` VALUES ('2', '113');
INSERT INTO `sys_role_menu` VALUES ('2', '114');
INSERT INTO `sys_role_menu` VALUES ('2', '115');
INSERT INTO `sys_role_menu` VALUES ('2', '500');
INSERT INTO `sys_role_menu` VALUES ('2', '501');
INSERT INTO `sys_role_menu` VALUES ('2', '1001');
INSERT INTO `sys_role_menu` VALUES ('2', '1002');
INSERT INTO `sys_role_menu` VALUES ('2', '1003');
INSERT INTO `sys_role_menu` VALUES ('2', '1004');
INSERT INTO `sys_role_menu` VALUES ('2', '1005');
INSERT INTO `sys_role_menu` VALUES ('2', '1006');
INSERT INTO `sys_role_menu` VALUES ('2', '1007');
INSERT INTO `sys_role_menu` VALUES ('2', '1008');
INSERT INTO `sys_role_menu` VALUES ('2', '1009');
INSERT INTO `sys_role_menu` VALUES ('2', '1010');
INSERT INTO `sys_role_menu` VALUES ('2', '1011');
INSERT INTO `sys_role_menu` VALUES ('2', '1012');
INSERT INTO `sys_role_menu` VALUES ('2', '1013');
INSERT INTO `sys_role_menu` VALUES ('2', '1014');
INSERT INTO `sys_role_menu` VALUES ('2', '1015');
INSERT INTO `sys_role_menu` VALUES ('2', '1016');
INSERT INTO `sys_role_menu` VALUES ('2', '1017');
INSERT INTO `sys_role_menu` VALUES ('2', '1018');
INSERT INTO `sys_role_menu` VALUES ('2', '1019');
INSERT INTO `sys_role_menu` VALUES ('2', '1020');
INSERT INTO `sys_role_menu` VALUES ('2', '1021');
INSERT INTO `sys_role_menu` VALUES ('2', '1022');
INSERT INTO `sys_role_menu` VALUES ('2', '1023');
INSERT INTO `sys_role_menu` VALUES ('2', '1024');
INSERT INTO `sys_role_menu` VALUES ('2', '1025');
INSERT INTO `sys_role_menu` VALUES ('2', '1026');
INSERT INTO `sys_role_menu` VALUES ('2', '1027');
INSERT INTO `sys_role_menu` VALUES ('2', '1028');
INSERT INTO `sys_role_menu` VALUES ('2', '1029');
INSERT INTO `sys_role_menu` VALUES ('2', '1030');
INSERT INTO `sys_role_menu` VALUES ('2', '1031');
INSERT INTO `sys_role_menu` VALUES ('2', '1032');
INSERT INTO `sys_role_menu` VALUES ('2', '1033');
INSERT INTO `sys_role_menu` VALUES ('2', '1034');
INSERT INTO `sys_role_menu` VALUES ('2', '1035');
INSERT INTO `sys_role_menu` VALUES ('2', '1036');
INSERT INTO `sys_role_menu` VALUES ('2', '1037');
INSERT INTO `sys_role_menu` VALUES ('2', '1038');
INSERT INTO `sys_role_menu` VALUES ('2', '1039');
INSERT INTO `sys_role_menu` VALUES ('2', '1040');
INSERT INTO `sys_role_menu` VALUES ('2', '1041');
INSERT INTO `sys_role_menu` VALUES ('2', '1042');
INSERT INTO `sys_role_menu` VALUES ('2', '1043');
INSERT INTO `sys_role_menu` VALUES ('2', '1044');
INSERT INTO `sys_role_menu` VALUES ('2', '1045');
INSERT INTO `sys_role_menu` VALUES ('2', '1046');
INSERT INTO `sys_role_menu` VALUES ('2', '1047');
INSERT INTO `sys_role_menu` VALUES ('2', '1048');
INSERT INTO `sys_role_menu` VALUES ('2', '1049');
INSERT INTO `sys_role_menu` VALUES ('2', '1050');
INSERT INTO `sys_role_menu` VALUES ('2', '1051');
INSERT INTO `sys_role_menu` VALUES ('2', '1052');
INSERT INTO `sys_role_menu` VALUES ('2', '1053');
INSERT INTO `sys_role_menu` VALUES ('2', '1054');
INSERT INTO `sys_role_menu` VALUES ('2', '1055');
INSERT INTO `sys_role_menu` VALUES ('2', '1056');
INSERT INTO `sys_role_menu` VALUES ('2', '1057');
INSERT INTO `sys_role_menu` VALUES ('2', '1058');
INSERT INTO `sys_role_menu` VALUES ('2', '1059');
INSERT INTO `sys_role_menu` VALUES ('2', '1060');
INSERT INTO `sys_role_menu` VALUES ('100', '2000');
INSERT INTO `sys_role_menu` VALUES ('100', '2001');
INSERT INTO `sys_role_menu` VALUES ('100', '2002');
INSERT INTO `sys_role_menu` VALUES ('100', '2003');

-- ----------------------------
-- Table structure for sys_user
-- ----------------------------
DROP TABLE IF EXISTS `sys_user`;
CREATE TABLE `sys_user` (
  `user_id` bigint(20) NOT NULL AUTO_INCREMENT COMMENT '用户ID',
  `dept_id` bigint(20) DEFAULT NULL COMMENT '部门ID',
  `user_name` varchar(30) NOT NULL COMMENT '用户账号',
  `nick_name` varchar(30) NOT NULL COMMENT '用户昵称',
  `user_type` varchar(2) DEFAULT '00' COMMENT '用户类型（00系统用户）',
  `email` varchar(50) DEFAULT '' COMMENT '用户邮箱',
  `phonenumber` varchar(11) DEFAULT '' COMMENT '手机号码',
  `sex` char(1) DEFAULT '0' COMMENT '用户性别（0男 1女 2未知）',
  `avatar` varchar(100) DEFAULT '' COMMENT '头像地址',
  `password` varchar(100) DEFAULT '' COMMENT '密码',
  `status` char(1) DEFAULT '0' COMMENT '帐号状态（0正常 1停用）',
  `del_flag` char(1) DEFAULT '0' COMMENT '删除标志（0代表存在 2代表删除）',
  `login_ip` varchar(50) DEFAULT '' COMMENT '最后登录IP',
  `login_date` datetime DEFAULT NULL COMMENT '最后登录时间',
  `create_by` varchar(64) DEFAULT '' COMMENT '创建者',
  `create_time` datetime DEFAULT NULL COMMENT '创建时间',
  `update_by` varchar(64) DEFAULT '' COMMENT '更新者',
  `update_time` datetime DEFAULT NULL COMMENT '更新时间',
  `remark` varchar(500) DEFAULT NULL COMMENT '备注',
  PRIMARY KEY (`user_id`)
) ENGINE=InnoDB AUTO_INCREMENT=104 DEFAULT CHARSET=utf8mb4 COMMENT='用户信息表';

-- ----------------------------
-- Records of sys_user
-- ----------------------------
INSERT INTO `sys_user` VALUES ('1', '103', 'admin', '吉想', '00', 'jt@qq.com', '15888888888', '1', '', '$2a$10$7JB720yubVSZvUI0rEqK/.VqGOZTH.ulu33dHOiBE8ByOhJIrdAu2', '0', '0', '127.0.0.1', '2018-03-16 11:33:00', 'admin', '2018-03-16 11:33:00', 'jt', '2018-03-16 11:33:00', '管理员');
INSERT INTO `sys_user` VALUES ('2', '105', 'jt', '吉想', '00', 'jt@qq.com', '15666666666', '1', '', '$2a$10$7JB720yubVSZvUI0rEqK/.VqGOZTH.ulu33dHOiBE8ByOhJIrdAu2', '0', '0', '127.0.0.1', '2018-03-16 11:33:00', 'admin', '2018-03-16 11:33:00', 'jt', '2018-03-16 11:33:00', '测试员');
INSERT INTO `sys_user` VALUES ('100', '105', 'chengxy', '程序猿', '00', '5678@126.com', '18612345678', '0', '', '$2a$10$sGpjUm5Dcr/R2hF2vB.rVesrAmivSImOMRvVG7FftQmUa.beLaDd6', '0', '0', '', null, 'admin', '2020-09-15 21:48:35', 'admin', '2020-09-20 00:20:27', null);
INSERT INTO `sys_user` VALUES ('101', '105', 'axianlu', '一直闲鹿', '00', '5677@126.com', '18612345677', '0', '', '$2a$10$NnKYtA5fnfh.lJYFHYg1f.Gpxjo.ciXhNmJnJ5xxOvJ6GhW/LoE6S', '0', '0', '', null, 'admin', '2020-09-15 21:51:03', 'admin', '2020-09-20 00:20:34', null);
INSERT INTO `sys_user` VALUES ('102', '105', 'rensm', '人事喵', '00', '5676@126.com', '18612345676', '1', '', '$2a$10$rYsRNoUDmA41RTOV6vsKr.UMNnvPspV92zX.A2ZbV78vokHwKWMiW', '0', '0', '', null, 'admin', '2020-09-15 21:51:59', 'admin', '2020-09-20 00:20:43', null);
INSERT INTO `sys_user` VALUES ('103', '105', 'yezhuguan', '叶主管', '00', '13771277677@163.com', '13771277677', '1', '', '$2a$10$sl2S9Lk1960cT.I1YBwqGepLa883HYXMQMMszEvnRswdudHXrSbZW', '0', '0', '', null, 'admin', '2021-05-09 18:54:57', '', null, '123123');

-- ----------------------------
-- Table structure for sys_user_post
-- ----------------------------
DROP TABLE IF EXISTS `sys_user_post`;
CREATE TABLE `sys_user_post` (
  `user_id` bigint(20) NOT NULL COMMENT '用户ID',
  `post_id` bigint(20) NOT NULL COMMENT '岗位ID',
  PRIMARY KEY (`user_id`,`post_id`)
) ENGINE=InnoDB DEFAULT CHARSET=utf8mb4 COMMENT='用户与岗位关联表';

-- ----------------------------
-- Records of sys_user_post
-- ----------------------------
INSERT INTO `sys_user_post` VALUES ('1', '1');
INSERT INTO `sys_user_post` VALUES ('2', '2');
INSERT INTO `sys_user_post` VALUES ('100', '4');
INSERT INTO `sys_user_post` VALUES ('101', '5');
INSERT INTO `sys_user_post` VALUES ('102', '3');
INSERT INTO `sys_user_post` VALUES ('103', '5');

-- ----------------------------
-- Table structure for sys_user_role
-- ----------------------------
DROP TABLE IF EXISTS `sys_user_role`;
CREATE TABLE `sys_user_role` (
  `user_id` bigint(20) NOT NULL COMMENT '用户ID',
  `role_id` bigint(20) NOT NULL COMMENT '角色ID',
  PRIMARY KEY (`user_id`,`role_id`)
) ENGINE=InnoDB DEFAULT CHARSET=utf8mb4 COMMENT='用户和角色关联表';

-- ----------------------------
-- Records of sys_user_role
-- ----------------------------
INSERT INTO `sys_user_role` VALUES ('1', '1');
INSERT INTO `sys_user_role` VALUES ('2', '2');
INSERT INTO `sys_user_role` VALUES ('100', '100');
INSERT INTO `sys_user_role` VALUES ('101', '100');
INSERT INTO `sys_user_role` VALUES ('102', '100');
INSERT INTO `sys_user_role` VALUES ('103', '100');

-- ----------------------------
-- View structure for act_id_group
-- ----------------------------
DROP VIEW IF EXISTS `act_id_group`;
CREATE ALGORITHM=UNDEFINED DEFINER=`root`@`localhost` SQL SECURITY DEFINER VIEW `act_id_group` AS select `r`.`post_code` AS `ID_`,NULL AS `REV_`,`r`.`post_name` AS `NAME_`,'assignment' AS `TYPE_` from `sys_post` `r` ;

-- ----------------------------
-- View structure for act_id_membership
-- ----------------------------
DROP VIEW IF EXISTS `act_id_membership`;
CREATE ALGORITHM=UNDEFINED DEFINER=`root`@`localhost` SQL SECURITY DEFINER VIEW `act_id_membership` AS select (select `u`.`user_name` from `sys_user` `u` where (`u`.`user_id` = `ur`.`user_id`)) AS `USER_ID_`,(select `r`.`post_code` from `sys_post` `r` where (`r`.`post_id` = `ur`.`post_id`)) AS `GROUP_ID_` from `sys_user_post` `ur` ;

-- ----------------------------
-- View structure for act_id_user
-- ----------------------------
DROP VIEW IF EXISTS `act_id_user`;
CREATE ALGORITHM=UNDEFINED DEFINER=`root`@`localhost` SQL SECURITY DEFINER VIEW `act_id_user` AS select `u`.`user_name` AS `ID_`,0 AS `REV_`,`u`.`user_name` AS `FIRST_`,'' AS `LAST_`,`u`.`email` AS `EMAIL_`,`u`.`password` AS `PWD_`,'' AS `PICTURE_ID_` from `sys_user` `u` ;
